Sample_file	Genome_file	Taxonomic_abundance	Sequence_abundance	Adjusted_ANI	Eff_cov	ANI_5-95_percentile	Eff_lambda	Lambda_5-95_percentile	Median_cov	Mean_cov_geq1	Containment_ind	Naive_ANI	kmers_reassigned	Contig_name	sample_name
zr28333_7_trimmed_1.fastq.gz	YuY_2022__SRR16950700__bin.23.fa	32.7572	18.5043	97.78	37.0	NA-NA	HIGH	NA-NA	37	35.762	4168/8371	97.78	19	NODE_137_length_39565_cov_54.0000_ID_37700	zr28333_7
zr28333_7_trimmed_1.fastq.gz	EBC_082.15.fa	31.8719	42.7714	98.52	36.0	NA-NA	HIGH	NA-NA	36	35.482	12893/20483	98.52	0	EBC_082.15_EBC_082_scaffold_602	zr28333_7
zr28333_7_trimmed_1.fastq.gz	MotaGutierrezJ_2021__SRR11602153__bin.4.fa	30.1012	34.4479	99.22	34.0	NA-NA	HIGH	NA-NA	34	30.408	13794/17572	99.22	0	NODE_1_length_695767_cov_46.0000_ID_85857	zr28333_7
zr28333_7_trimmed_1.fastq.gz	ODFM-BA-A-0139-001_Enterococcus_lactis_CICC_24101.fa	3.3515	2.7414	98.24	3.786	NA-NA	HIGH	NA-NA	3	3.786	7060/12230	98.24	19	ODFM-BA-A-0139-001_Enterococcus_lactis_CICC_24101_NZ_WOTS01000010.1 Enterococcus lactis strain CICC 24101 NODE_10_length_82300_cov_4.602353, whole genome shotgun sequence	zr28333_7
zr28333_7_trimmed_1.fastq.gz	MAG_45.fa	1.3153	0.9605	99.1	1.486	99.01-99.17	1.486	1.42-1.56	2	2.097	6349/10848	98.29	0	MAG_45_0	zr28333_7
zr28333_7_trimmed_1.fastq.gz	YuY_2022__SRR16950700__bin.25.fa	0.2874	0.1735	98.73	0.325	98.34-99.10	0.325	0.28-0.37	1	1.201	1832/9054	94.98	8	NODE_144_length_38003_cov_20.0000_ID_27523	zr28333_7
zr28333_7_trimmed_1.fastq.gz	MAG_131.fa	0.1608	0.2226	97.4	0.182	96.89-97.87	0.182	0.15-0.22	1	1.365	1661/21023	92.14	58	MAG_131_0	zr28333_7
zr28333_7_trimmed_1.fastq.gz	LeechJ_xxxx__AF15__bin.4.fa	0.0732	0.0786	96.64	0.083	95.55-98.33	0.083	0.05-0.12	1	1.131	444/15952	89.09	30	AF15_k141_25	zr28333_7
zr28333_7_trimmed_1.fastq.gz	XieM_2019__SAMC044639__bin.32.fa	0.0443	0.0579	97.3	0.05	95.51-99.33	0.050	0.03-0.09	1	1.002	447/19857	88.48	31	SAMC044639_k141_719	zr28333_7
zr28333_7_trimmed_1.fastq.gz	TomarS_2023__SRR15925267__bin.15.fa	0.0373	0.0417	98.14	0.042	96.04-100.12	0.042	0.02-0.07	1	1.01	395/16868	88.59	35	NODE_1_length_226747_cov_170.6923_ID_63368	zr28333_7
zr28333_17_trimmed_1.fastq.gz	EBC_082.15.fa	43.5661	61.9895	98.61	71.0	NA-NA	HIGH	NA-NA	71	64.428	13276/20483	98.61	0	EBC_082.15_EBC_082_scaffold_602	zr28333_17
zr28333_17_trimmed_1.fastq.gz	MortensenS_xxxx__WK002-1-L-48h-01F6_S30__bin.6.fa	28.2259	15.1312	99.83	46.0	NA-NA	HIGH	NA-NA	46	39.564	7385/7783	99.83	0	WK002-1-L-48h-01F6_S30_k141_2565	zr28333_17
zr28333_17_trimmed_1.fastq.gz	MAG_45.fa	15.9538	12.3531	99.65	26.0	NA-NA	HIGH	NA-NA	26	25.257	9721/10848	99.65	0	MAG_45_0	zr28333_17
zr28333_17_trimmed_1.fastq.gz	ODFM-BA-A-0139-001_Enterococcus_lactis_CICC_24101.fa	5.3055	4.6014	98.41	8.646	NA-NA	HIGH	NA-NA	9	8.646	7434/12230	98.41	345	ODFM-BA-A-0139-001_Enterococcus_lactis_CICC_24101_NZ_WOTS01000010.1 Enterococcus lactis strain CICC 24101 NODE_10_length_82300_cov_4.602353, whole genome shotgun sequence	zr28333_17
zr28333_17_trimmed_1.fastq.gz	LeechJ_xxxx__AF66__bin.10.fa	3.8238	2.7228	97.41	6.232	NA-NA	HIGH	NA-NA	6	6.232	4369/9849	97.41	1	AF66_k141_123	zr28333_17
zr28333_17_trimmed_1.fastq.gz	FontanaF_2023__SRR20746834__bin.2.fa	0.7972	0.6703	98.58	1.299	98.49-98.68	1.299	1.23-1.37	2	2.203	5640/11938	97.61	13	NODE_15_length_59385_cov_11.2996_ID_3067	zr28333_17
zr28333_17_trimmed_1.fastq.gz	LeechJ_xxxx__AF52__bin.1.fa	0.7093	0.9086	97.39	1.156	97.28-97.49	1.156	1.09-1.21	2	2.075	5432/17995	96.21	6	AF52_k141_89	zr28333_17
zr28333_17_trimmed_1.fastq.gz	MotaGutierrezJ_2021__SRR11602153__bin.4.fa	0.6253	0.7588	98.65	1.019	98.55-98.75	1.019	0.97-1.06	1	1.649	7374/17572	97.24	1	NODE_1_length_695767_cov_46.0000_ID_85857	zr28333_17
zr28333_17_trimmed_1.fastq.gz	GCF_001885995.1_ASM188599v1_genomic.fa	0.2659	0.1868	97.71	0.433	97.39-97.96	0.433	0.39-0.47	1	1.34	1810/10141	94.59	169	GCF_001885995.1_ASM188599v1_genomic_NZ_JXKT01000001.1 Enterococcus italicus DSM 15952 Scaffold1, whole genome shotgun sequence	zr28333_17
zr28333_17_trimmed_1.fastq.gz	KharnaiorP_2023__SRR22859377__bin.10.fa	0.2165	0.1768	98.14	0.353	97.81-98.48	0.353	0.31-0.39	1	1.627	2051/11722	94.53	108	NODE_8_length_174488_cov_60.9499_ID_127332	zr28333_17
zr28333_17_trimmed_1.fastq.gz	LeechJ_xxxx__AF15__bin.4.fa	0.1895	0.2158	99.04	0.309	98.83-99.29	0.309	0.28-0.33	1	1.183	3167/15952	94.92	0	AF15_k141_25	zr28333_17
zr28333_17_trimmed_1.fastq.gz	YuY_2022__SRR16950700__bin.23.fa	0.1234	0.0739	98.03	0.201	97.41-98.54	0.201	0.16-0.24	1	1.147	824/8371	92.79	10	NODE_137_length_39565_cov_54.0000_ID_37700	zr28333_17
zr28333_17_trimmed_1.fastq.gz	YulandiA_2020__SRS6115052__bin.21.fa	0.0667	0.0374	97.93	0.109	96.55-98.79	0.109	0.08-0.17	1	1.039	435/7955	91.05	3	SRS6115052_k141_129	zr28333_17
zr28333_17_trimmed_1.fastq.gz	P.1_bin.1.fa	0.0573	0.0782	95.76	0.093	94.54-97.19	0.093	0.06-0.14	1	1.121	552/19536	89.13	121	P.1_bin.1_k77_21174	zr28333_17
zr28333_17_trimmed_1.fastq.gz	XieM_2019__SAMC044639__bin.32.fa	0.0499	0.0692	98.37	0.081	97.42-99.41	0.081	0.06-0.11	1	1.04	965/19857	90.71	31	SAMC044639_k141_719	zr28333_17
zr28333_17_trimmed_1.fastq.gz	LimaC_2020__SRR9640350__bin.12.fa	0.0239	0.0263	96.81	0.039	94.36-97.90	0.039	0.03-0.08	1	1.212	222/15488	87.2	2	NODE_7_length_94694_cov_8.8202_ID_19916	zr28333_17
zr28333_21_trimmed_1.fastq.gz	ODFM-BA-A-0094-002_Leuconostoc_lactis_WIKIM21.fa	68.2657	67.2878	99.58	760.0	NA-NA	HIGH	NA-NA	760	713.869	6592/7507	99.58	41	ODFM-BA-A-0094-002_Leuconostoc_lactis_WIKIM21_NZ_LJIV01000001.1 Leuconostoc lactis strain WIKIM21 contig00001, whole genome shotgun sequence	zr28333_21
zr28333_21_trimmed_1.fastq.gz	ODFM-BA-A-0005-002_Lactobacillus_curvatus_WiKim38.fa	14.2819	15.5058	99.55	159.0	NA-NA	HIGH	NA-NA	159	145.264	6972/8010	99.55	0	ODFM-BA-A-0005-002_Lactobacillus_curvatus_WiKim38_NZ_CP017124.1 Lactobacillus curvatus strain WiKim38, complete genome	zr28333_21
zr28333_21_trimmed_1.fastq.gz	CM_UNINA_FFOOD__FFOOD_245__bin.2.fa	10.5093	8.9368	97.9	117.0	NA-NA	HIGH	NA-NA	117	116.3	3390/6553	97.9	1715	NODE_1_length_160535_cov_17.2789_ID_55527	zr28333_21
zr28333_21_trimmed_1.fastq.gz	LeechJ_xxxx__AF66__bin.13.fa	2.7845	2.0004	99.33	31.0	NA-NA	HIGH	NA-NA	31	31.749	4565/5623	99.33	2	AF66_k141_253	zr28333_21
zr28333_21_trimmed_1.fastq.gz	MortensenS_xxxx__WK028-2-L-48h-03A1_S20__bin.5.fa	0.8057	0.767	99.82	8.97	NA-NA	HIGH	NA-NA	9	8.97	6969/7379	99.82	0	WK028-2-L-48h-03A1_S20_k141_3165	zr28333_21
zr28333_21_trimmed_1.fastq.gz	LeechJ_2020__ERS3967691__bin.13.fa	0.7856	0.8569	98.07	8.746	NA-NA	HIGH	NA-NA	9	8.746	4504/8251	98.07	91	ERS3967691_k141_96	zr28333_21
zr28333_21_trimmed_1.fastq.gz	EBC_082.15.fa	0.6834	1.7991	98.95	7.608	NA-NA	HIGH	NA-NA	7	7.608	14758/20483	98.95	185	EBC_082.15_EBC_082_scaffold_602	zr28333_21
zr28333_21_trimmed_1.fastq.gz	MAG_501.fa	0.5006	0.6411	99.16	5.573	NA-NA	HIGH	NA-NA	5	5.573	7471/9710	99.16	55	MAG_501_0	zr28333_21
zr28333_21_trimmed_1.fastq.gz	MortensenS_xxxx__WK002-1-L-48h-01F6_S30__bin.6.fa	0.2767	0.2744	99.52	3.081	NA-NA	HIGH	NA-NA	3	3.081	6703/7783	99.52	57	WK002-1-L-48h-01F6_S30_k141_2565	zr28333_21
zr28333_21_trimmed_1.fastq.gz	MAG_183.fa	0.165	0.4165	99.18	1.837	99.11-99.23	1.837	1.76-1.92	2	2.738	12625/19273	98.64	57	MAG_183_0	zr28333_21
zr28333_21_trimmed_1.fastq.gz	MortensenS_xxxx__WK023-1-L-48h-02G3_S117__bin.1.fa	0.1387	0.1553	95.62	1.544	95.43-95.75	1.544	1.39-1.72	2	2.169	1708/8642	94.9	2502	WK023-1-L-48h-02G3_S117_k141_1117	zr28333_21
zr28333_21_trimmed_1.fastq.gz	EBC_095.37.fa	0.1265	0.2202	99.63	1.408	99.56-99.68	1.408	1.35-1.46	2	1.985	9149/13589	98.73	0	EBC_095.37_EBC_095_scaffold_66	zr28333_21
zr28333_21_trimmed_1.fastq.gz	MAG_116.fa	0.1248	0.0794	97.51	1.39	97.38-97.69	1.390	1.22-1.49	2	2.154	1627/4679	96.65	679	MAG_116_0	zr28333_21
zr28333_21_trimmed_1.fastq.gz	XieM_2019__SAMC044639__bin.32.fa	0.1024	0.2627	99.42	1.14	99.35-99.49	1.140	1.11-1.18	2	1.871	11291/19857	98.2	31	SAMC044639_k141_719	zr28333_21
zr28333_21_trimmed_1.fastq.gz	FontanaF_2023__SRR20746838__bin.11.fa	0.089	0.091	97.94	0.991	97.73-98.13	0.991	0.90-1.07	1	1.589	2622/7829	96.53	46	NODE_1_length_180989_cov_16.9995_ID_3968	zr28333_21
zr28333_21_trimmed_1.fastq.gz	LeechJ_xxxx__AF73__bin.2.fa	0.0866	0.2091	98.73	0.965	98.64-98.84	0.965	0.92-1.01	1	1.624	7819/18586	97.25	354	AF73_k141_59	zr28333_21
zr28333_21_trimmed_1.fastq.gz	FontanaF_2023__SRR20746854__bin.2.fa	0.0716	0.179	96.31	0.797	96.13-96.48	0.797	0.74-0.86	1	1.466	3374/19352	94.52	760	NODE_7_length_112150_cov_14.2384_ID_46122	zr28333_21
zr28333_21_trimmed_1.fastq.gz	MAG_107.fa	0.0601	0.0428	97.92	0.669	97.60-98.15	0.669	0.60-0.74	1	1.383	1388/5466	95.67	1	MAG_107_0	zr28333_21
zr28333_21_trimmed_1.fastq.gz	LeechJ_xxxx__AF15__bin.4.fa	0.0424	0.0894	95.1	0.472	94.71-95.42	0.472	0.41-0.52	1	1.346	1267/15952	92.15	353	AF15_k141_25	zr28333_21
zr28333_21_trimmed_1.fastq.gz	CM_UNINA_FFOOD__FFOOD_289__bin.32.fa	0.0378	0.0881	97.03	0.42	96.76-97.31	0.420	0.38-0.46	1	1.279	2512/18296	93.8	413	NODE_38_length_116599_cov_69.9888_ID_20640	zr28333_21
zr28333_21_trimmed_1.fastq.gz	GCF_009913915.1_ASM991391v1_genomic.fa	0.023	0.0265	98.46	0.256	97.97-98.97	0.256	0.21-0.30	1	1.358	1300/8865	94.0	145	GCF_009913915.1_ASM991391v1_genomic_NZ_CP028251.1 Leuconostoc mesenteroides strain SRCM102733 chromosome, complete genome	zr28333_21
zr28333_21_trimmed_1.fastq.gz	MotaGutierrezJ_2021__SRR11602140__bin.22.fa	0.0126	0.0258	97.98	0.14	97.46-98.55	0.140	0.11-0.17	1	1.122	1105/15633	91.81	173	NODE_306_length_23997_cov_9.0000_ID_64100	zr28333_21
zr28333_21_trimmed_1.fastq.gz	KharnaiorP_2023__SRR22859377__bin.10.fa	0.0101	0.0152	98.88	0.112	98.08-99.64	0.112	0.09-0.14	1	1.067	876/11722	91.97	3	NODE_8_length_174488_cov_60.9499_ID_127332	zr28333_21
zr28333_21_trimmed_1.fastq.gz	MAG_45.fa	0.0099	0.0141	95.54	0.11	94.13-97.10	0.110	0.06-0.17	1	1.106	274/10848	88.81	14	MAG_45_0	zr28333_21
zr28333_21_trimmed_1.fastq.gz	CM_UNINA_FFOOD__FFOOD_266__bin.6.fa	0.0036	0.0104	99.34	0.04	97.64-101.04	0.040	0.02-0.07	1	1.021	709/21872	89.53	0	NODE_1_length_400287_cov_21.9997_ID_32608	zr28333_21
zr28333_21_trimmed_1.fastq.gz	SEM_41_S58.18.fa	0.0026	0.0054	97.53	0.029	94.81-97.68	0.029	0.03-0.06	1	1.014	209/15803	86.98	6	SEM_41_S58.18_SEM_41_S58_scaffold_33	zr28333_21
zr28333_32_trimmed_1.fastq.gz	FalardeauJ_2023__SRR20811279__bin.3.fa	29.6877	39.4728	99.02	117.0	NA-NA	HIGH	NA-NA	117	119.308	10018/13589	99.02	27	NODE_1_length_274429_cov_22.9992_ID_7781	zr28333_32
zr28333_32_trimmed_1.fastq.gz	KharnaiorP_2023__SRR22859379__bin.8.fa	26.8965	18.2677	99.16	106.0	NA-NA	HIGH	NA-NA	106	106.163	5258/6826	99.16	38	NODE_3_length_161229_cov_37.0000_ID_62026	zr28333_32
zr28333_32_trimmed_1.fastq.gz	GCF_009913915.1_ASM991391v1_genomic.fa	17.5081	15.401	99.62	69.0	NA-NA	HIGH	NA-NA	69	67.579	7878/8865	99.62	0	GCF_009913915.1_ASM991391v1_genomic_NZ_CP028251.1 Leuconostoc mesenteroides strain SRCM102733 chromosome, complete genome	zr28333_32
zr28333_32_trimmed_1.fastq.gz	CM_UNINA_FFOOD__FFOOD_425__bin.9.fa	6.851	5.4452	99.32	27.0	NA-NA	HIGH	NA-NA	27	25.12	6518/8063	99.32	0	NODE_1_length_598382_cov_75.9985_ID_32759	zr28333_32
zr28333_32_trimmed_1.fastq.gz	ODFM-BA-A-0005-002_Lactobacillus_curvatus_WiKim38.fa	4.5673	3.7863	99.31	18.0	NA-NA	HIGH	NA-NA	18	16.991	6455/8010	99.31	3	ODFM-BA-A-0005-002_Lactobacillus_curvatus_WiKim38_NZ_CP017124.1 Lactobacillus curvatus strain WiKim38, complete genome	zr28333_32
zr28333_32_trimmed_1.fastq.gz	MortensenS_xxxx__WK028-2-L-48h-03A1_S20__bin.5.fa	3.8061	2.7665	99.36	15.0	NA-NA	HIGH	NA-NA	15	15.153	6048/7379	99.36	29	WK028-2-L-48h-03A1_S20_k141_3165	zr28333_32
zr28333_32_trimmed_1.fastq.gz	LeechJ_xxxx__AF66__bin.10.fa	3.2922	3.3118	99.01	12.975	NA-NA	HIGH	NA-NA	12	12.975	7237/9849	99.01	9	AF66_k141_123	zr28333_32
zr28333_32_trimmed_1.fastq.gz	LeechJ_2020__ERS3967691__bin.13.fa	2.2968	1.913	97.71	9.052	NA-NA	HIGH	NA-NA	9	9.052	4021/8251	97.71	198	ERS3967691_k141_96	zr28333_32
zr28333_32_trimmed_1.fastq.gz	EBC_134.5.fa	2.0147	5.3527	98.19	7.94	NA-NA	HIGH	NA-NA	6	7.94	14945/26324	98.19	4104	EBC_134.5_EBC_134_scaffold_561	zr28333_32
zr28333_32_trimmed_1.fastq.gz	XieM_2019__SAMC044639__bin.32.fa	0.9562	1.8737	99.39	3.768	NA-NA	HIGH	NA-NA	3	3.768	16436/19857	99.39	2	SAMC044639_k141_719	zr28333_32
zr28333_32_trimmed_1.fastq.gz	ODFM-BA-A-0139-001_Enterococcus_lactis_CICC_24101.fa	0.9067	1.1109	98.94	3.573	NA-NA	HIGH	NA-NA	3	3.573	8783/12230	98.94	20	ODFM-BA-A-0139-001_Enterococcus_lactis_CICC_24101_NZ_WOTS01000010.1 Enterococcus lactis strain CICC 24101 NODE_10_length_82300_cov_4.602353, whole genome shotgun sequence	zr28333_32
zr28333_32_trimmed_1.fastq.gz	ODFM-BA-A-0027-003_Lactobacillus_sakei_WiKim0072.fa	0.7937	0.6893	98.94	3.128	NA-NA	HIGH	NA-NA	3	3.128	6132/8532	98.94	202	ODFM-BA-A-0027-003_Lactobacillus_sakei_WiKim0072_NZ_CP025136.1 Lactobacillus sakei strain WiKim0072 chromosome, complete genome	zr28333_32
zr28333_32_trimmed_1.fastq.gz	GCF_004771075.1_ASM477107v1_genomic.fa	0.2114	0.2002	98.44	0.833	98.30-98.61	0.833	0.78-0.88	1	1.684	3280/9278	96.7	5	GCF_004771075.1_ASM477107v1_genomic_NZ_CP027563.1 Weissella confusa strain VTT E-133279 chromosome, complete genome	zr28333_32
zr28333_32_trimmed_1.fastq.gz	EBC_082.15.fa	0.0972	0.1955	97.73	0.383	97.52-97.94	0.383	0.35-0.41	1	1.209	3198/20483	94.19	31	EBC_082.15_EBC_082_scaffold_602	zr28333_32
zr28333_32_trimmed_1.fastq.gz	WolfeBE_2014__932_Robiola_due_Latte__bin.1.fa	0.0443	0.1061	99.51	0.175	99.21-99.81	0.175	0.16-0.19	1	1.093	3332/24183	93.81	0	932_Robiola_due_Latte_k119_35	zr28333_32
zr28333_32_trimmed_1.fastq.gz	LeechJ_xxxx__AF73__bin.2.fa	0.025	0.046	97.51	0.098	96.69-98.34	0.098	0.08-0.13	1	1.079	798/18586	90.34	96	AF73_k141_59	zr28333_32
zr28333_32_trimmed_1.fastq.gz	KharnaiorP_2023__SRR22859377__bin.10.fa	0.0243	0.028	97.15	0.096	96.02-98.34	0.096	0.06-0.13	1	1.177	440/11722	89.95	8	NODE_8_length_174488_cov_60.9499_ID_127332	zr28333_32
zr28333_32_trimmed_1.fastq.gz	LeechJ_xxxx__AF15__bin.4.fa	0.0208	0.0334	97.91	0.082	96.70-99.24	0.082	0.05-0.12	1	1.115	652/15952	90.2	23	AF15_k141_25	zr28333_32
zr28333_35_trimmed_1.fastq.gz	MortensenS_xxxx__WK002-1-L-48h-01F6_S30__bin.6.fa	51.2754	32.2602	99.9	105.0	NA-NA	HIGH	NA-NA	105	103.702	7557/7783	99.9	0	WK002-1-L-48h-01F6_S30_k141_2565	zr28333_35
zr28333_35_trimmed_1.fastq.gz	EBC_082.15.fa	29.7886	49.7451	98.6	61.0	NA-NA	HIGH	NA-NA	61	55.378	13236/20483	98.6	30	EBC_082.15_EBC_082_scaffold_602	zr28333_35
zr28333_35_trimmed_1.fastq.gz	MAG_45.fa	12.6968	11.5381	99.68	26.0	NA-NA	HIGH	NA-NA	26	25.335	9825/10848	99.68	0	MAG_45_0	zr28333_35
zr28333_35_trimmed_1.fastq.gz	LeechJ_xxxx__AF66__bin.10.fa	2.3794	1.9884	97.4	4.872	NA-NA	HIGH	NA-NA	5	4.872	4349/9849	97.4	1	AF66_k141_123	zr28333_35
zr28333_35_trimmed_1.fastq.gz	FontanaF_2023__SRR20746834__bin.2.fa	1.6652	1.6434	98.26	3.41	NA-NA	HIGH	NA-NA	3	3.41	6930/11938	98.26	320	NODE_15_length_59385_cov_11.2996_ID_3067	zr28333_35
zr28333_35_trimmed_1.fastq.gz	GCF_001885995.1_ASM188599v1_genomic.fa	0.7014	0.5782	97.56	1.436	97.46-97.68	1.436	1.33-1.51	2	1.995	3635/10141	96.74	171	GCF_001885995.1_ASM188599v1_genomic_NZ_JXKT01000001.1 Enterococcus italicus DSM 15952 Scaffold1, whole genome shotgun sequence	zr28333_35
zr28333_35_trimmed_1.fastq.gz	ODFM-BA-A-0139-001_Enterococcus_lactis_CICC_24101.fa	0.4546	0.4627	99.24	0.931	99.13-99.39	0.931	0.87-0.97	1	1.722	5952/12230	97.7	18	ODFM-BA-A-0139-001_Enterococcus_lactis_CICC_24101_NZ_WOTS01000010.1 Enterococcus lactis strain CICC 24101 NODE_10_length_82300_cov_4.602353, whole genome shotgun sequence	zr28333_35
zr28333_35_trimmed_1.fastq.gz	KharnaiorP_2023__SRR22859377__bin.10.fa	0.3254	0.3119	99.14	0.666	98.98-99.33	0.666	0.61-0.70	1	1.673	4434/11722	96.91	112	NODE_8_length_174488_cov_60.9499_ID_127332	zr28333_35
zr28333_35_trimmed_1.fastq.gz	DuR_2020__DRS139333__bin.13.fa	0.2076	0.9056	98.6	0.425	98.49-98.71	0.425	0.41-0.44	1	1.229	11442/51035	95.29	61	DRS139333_k141_32	zr28333_35
zr28333_35_trimmed_1.fastq.gz	YulandiA_2020__SRS6115052__bin.21.fa	0.1692	0.1115	98.45	0.347	98.06-98.81	0.347	0.30-0.39	1	1.193	1439/7955	94.63	9	SRS6115052_k141_129	zr28333_35
zr28333_35_trimmed_1.fastq.gz	P.1_bin.1.fa	0.127	0.2035	95.74	0.26	95.21-96.21	0.260	0.22-0.31	1	1.146	1252/19536	91.52	130	P.1_bin.1_k77_21174	zr28333_35
zr28333_35_trimmed_1.fastq.gz	MotaGutierrezJ_2021__SRR11602153__bin.4.fa	0.0406	0.0579	98.52	0.083	97.60-99.40	0.083	0.06-0.11	1	1.068	885/17572	90.81	0	NODE_1_length_695767_cov_46.0000_ID_85857	zr28333_35
zr28333_35_trimmed_1.fastq.gz	LeechJ_xxxx__AF52__bin.1.fa	0.0325	0.0489	98.03	0.067	96.84-99.03	0.067	0.04-0.10	1	1.057	627/17995	89.74	2	AF52_k141_89	zr28333_35
zr28333_35_trimmed_1.fastq.gz	ODFM-BA-A-0005-002_Lactobacillus_curvatus_WiKim38.fa	0.0283	0.0195	96.36	0.058	93.89-97.35	0.058	0.04-0.12	1	1.007	148/8010	87.92	3	ODFM-BA-A-0005-002_Lactobacillus_curvatus_WiKim38_NZ_CP017124.1 Lactobacillus curvatus strain WiKim38, complete genome	zr28333_35
zr28333_35_trimmed_1.fastq.gz	XieM_2019__SAMC044639__bin.32.fa	0.0264	0.043	99.18	0.054	98.06-100.40	0.054	0.04-0.07	1	1.008	869/19857	90.4	0	SAMC044639_k141_719	zr28333_35
zr28333_35_trimmed_1.fastq.gz	LimaC_2020__SRR9640350__bin.12.fa	0.0231	0.0297	97.31	0.047	95.39-99.37	0.047	0.02-0.08	1	1.061	309/15488	88.14	3	NODE_7_length_94694_cov_8.8202_ID_19916	zr28333_35
zr28333_35_trimmed_1.fastq.gz	LeechJ_xxxx__AF15__bin.4.fa	0.0219	0.0293	99.26	0.045	97.97-101.09	0.045	0.03-0.07	1	1.101	566/15952	89.79	17	AF15_k141_25	zr28333_35
zr28333_35_trimmed_1.fastq.gz	KharnaiorP_2023__SRR22859379__bin.8.fa	0.0187	0.0105	98.5	0.038	95.53-99.14	0.038	0.03-0.09	1	1.006	162/6826	88.63	14	NODE_3_length_161229_cov_37.0000_ID_62026	zr28333_35
zr28333_35_trimmed_1.fastq.gz	DeFilippisF_xxxx__DF_9__bin.12.fa	0.0177	0.0123	98.31	0.036	95.32-98.98	0.036	0.03-0.09	1	1.018	169/8084	88.27	0	DF_9_k141_14	zr28333_35
zr28333_36_trimmed_1.fastq.gz	LeechJ_xxxx__AF66__bin.10.fa	56.3041	34.8608	98.29	64.0	NA-NA	HIGH	NA-NA	64	55.596	5777/9849	98.29	5	AF66_k141_123	zr28333_36
zr28333_36_trimmed_1.fastq.gz	EBC_134.5.fa	37.8293	61.8617	96.59	43.0	NA-NA	HIGH	NA-NA	43	36.725	8978/26324	96.59	3393	EBC_134.5_EBC_134_scaffold_561	zr28333_36
zr28333_36_trimmed_1.fastq.gz	MAG_107.fa	3.8871	1.3028	99.41	4.418	NA-NA	HIGH	NA-NA	4	4.418	4551/5466	99.41	0	MAG_107_0	zr28333_36
zr28333_36_trimmed_1.fastq.gz	LeechJ_xxxx__AF15__bin.4.fa	1.7324	1.7151	98.98	1.969	98.88-99.03	1.969	1.87-2.18	2	3.079	10000/15952	98.5	882	AF15_k141_25	zr28333_36
zr28333_36_trimmed_1.fastq.gz	XieM_2019__SAMC044639__bin.32.fa	0.1926	0.2324	98.89	0.219	98.61-99.24	0.219	0.19-0.24	1	1.117	2761/19857	93.83	0	SAMC044639_k141_719	zr28333_36
zr28333_36_trimmed_1.fastq.gz	MASTER_WP4_CSIC_2__P2603__bin.2.fa	0.0546	0.0272	95.82	0.062	93.35-96.93	0.062	0.04-0.14	1	1.03	133/8308	87.51	0	P2603_k141_86142	zr28333_36
zr28333_25_trimmed_1.fastq.gz	KharnaiorP_2023__SRR22859379__bin.8.fa	51.301	50.2167	99.58	247.0	NA-NA	HIGH	NA-NA	247	225.535	5993/6826	99.58	1	NODE_3_length_161229_cov_37.0000_ID_62026	zr28333_25
zr28333_25_trimmed_1.fastq.gz	LeechJ_xxxx__AF66__bin.13.fa	35.7237	28.2425	99.59	172.0	NA-NA	HIGH	NA-NA	172	141.45	4953/5623	99.59	0	AF66_k141_253	zr28333_25
zr28333_25_trimmed_1.fastq.gz	MAG_45.fa	4.1539	6.5487	99.58	20.0	NA-NA	HIGH	NA-NA	20	19.294	9515/10848	99.58	13	MAG_45_0	zr28333_25
zr28333_25_trimmed_1.fastq.gz	YulandiA_2020__SRS6115052__bin.21.fa	2.5265	2.8883	99.28	12.164	NA-NA	HIGH	NA-NA	12	12.164	6357/7955	99.28	22	SRS6115052_k141_129	zr28333_25
zr28333_25_trimmed_1.fastq.gz	ODFM-BA-A-0005-002_Lactobacillus_curvatus_WiKim38.fa	1.1925	1.4248	99.17	5.742	NA-NA	HIGH	NA-NA	5	5.742	6192/8010	99.17	2	ODFM-BA-A-0005-002_Lactobacillus_curvatus_WiKim38_NZ_CP017124.1 Lactobacillus curvatus strain WiKim38, complete genome	zr28333_25
zr28333_25_trimmed_1.fastq.gz	EBC_082.15.fa	1.0194	2.9532	98.9	4.908	NA-NA	HIGH	NA-NA	4	4.908	14530/20483	98.9	197	EBC_082.15_EBC_082_scaffold_602	zr28333_25
zr28333_25_trimmed_1.fastq.gz	FontanaF_2023__SRR20746834__bin.2.fa	0.8087	1.3845	98.29	3.894	NA-NA	HIGH	NA-NA	4	3.894	6989/11938	98.29	415	NODE_15_length_59385_cov_11.2996_ID_3067	zr28333_25
zr28333_25_trimmed_1.fastq.gz	ODFM-BA-A-0139-001_Enterococcus_lactis_CICC_24101.fa	0.7838	1.384	97.99	3.774	NA-NA	HIGH	NA-NA	3	3.774	6514/12230	97.99	2975	ODFM-BA-A-0139-001_Enterococcus_lactis_CICC_24101_NZ_WOTS01000010.1 Enterococcus lactis strain CICC 24101 NODE_10_length_82300_cov_4.602353, whole genome shotgun sequence	zr28333_25
zr28333_25_trimmed_1.fastq.gz	LandisEA_2021__SRS5653333__bin.1.fa	0.41	0.6253	98.56	1.974	98.42-98.63	1.974	1.85-2.26	2	2.499	5834/10617	98.09	18	SRS5653333_k141_170	zr28333_25
zr28333_25_trimmed_1.fastq.gz	XieM_2019__SAMC044639__bin.32.fa	0.3347	0.9451	99.65	1.611	99.60-99.70	1.611	1.55-1.66	2	2.301	14247/19857	98.93	0	SAMC044639_k141_719	zr28333_25
zr28333_25_trimmed_1.fastq.gz	EBC_134.5.fa	0.3147	1.205	99.08	1.515	99.02-99.13	1.515	1.46-1.57	2	2.424	15406/26324	98.29	5	EBC_134.5_EBC_134_scaffold_561	zr28333_25
zr28333_25_trimmed_1.fastq.gz	GCF_009913915.1_ASM991391v1_genomic.fa	0.3114	0.3948	99.07	1.499	98.99-99.15	1.499	1.43-1.58	2	1.981	5162/8865	98.27	35	GCF_009913915.1_ASM991391v1_genomic_NZ_CP028251.1 Leuconostoc mesenteroides strain SRCM102733 chromosome, complete genome	zr28333_25
zr28333_25_trimmed_1.fastq.gz	MortensenS_xxxx__WK028-2-L-48h-03A1_S20__bin.5.fa	0.2498	0.2617	99.45	1.203	99.35-99.53	1.203	1.15-1.29	1	1.77	4347/7379	98.31	0	WK028-2-L-48h-03A1_S20_k141_3165	zr28333_25
zr28333_25_trimmed_1.fastq.gz	MASTER_WP4_TEAGASC_1__TGS12-29__bin.6.fa	0.1982	0.2931	99.65	0.954	99.52-99.77	0.954	0.88-1.02	2	3.176	5751/10372	98.12	0	TGS12-29_k141_701	zr28333_25
zr28333_25_trimmed_1.fastq.gz	LeechJ_xxxx__AF66__bin.10.fa	0.1701	0.2466	95.42	0.819	95.20-95.74	0.819	0.70-0.90	2	2.184	1315/9849	93.71	3660	AF66_k141_123	zr28333_25
zr28333_25_trimmed_1.fastq.gz	LeechJ_xxxx__AF53__bin.10.fa	0.1178	0.1769	97.92	0.567	97.70-98.17	0.567	0.51-0.61	1	1.378	2355/10440	95.31	86	AF53_k141_67	zr28333_25
zr28333_25_trimmed_1.fastq.gz	CM_UNINA_FFOOD__FFOOD_226__bin.6.fa	0.092	0.1699	98.99	0.443	98.82-99.24	0.443	0.41-0.47	1	1.332	3386/12895	95.78	147	NODE_2_length_319059_cov_34.9987_ID_36074	zr28333_25
zr28333_25_trimmed_1.fastq.gz	LeechJ_xxxx__AF73__bin.2.fa	0.0713	0.1892	98.94	0.343	98.71-99.13	0.343	0.32-0.37	1	1.421	3989/18586	95.16	50	AF73_k141_59	zr28333_25
zr28333_25_trimmed_1.fastq.gz	YouL_2022__SRR13308526__bin.24.fa	0.0318	0.0896	98.12	0.153	97.66-98.55	0.153	0.13-0.18	1	1.229	1593/19793	92.19	164	NODE_37_length_141872_cov_18.1171_ID_20191	zr28333_25
zr28333_25_trimmed_1.fastq.gz	LeechJ_xxxx__AF27__bin.5.fa	0.0275	0.0376	95.2	0.132	94.05-96.51	0.132	0.08-0.20	1	1.069	259/9593	89.0	1	AF27_k141_52	zr28333_25
zr28333_25_trimmed_1.fastq.gz	LiZ_2019__SRS3379157__bin.3.fa	0.0256	0.0748	97.79	0.123	97.30-98.34	0.123	0.10-0.15	1	1.371	1270/20657	91.4	464	SRS3379157_k141_320	zr28333_25
zr28333_25_trimmed_1.fastq.gz	EBC_095.37.fa	0.0242	0.0464	99.78	0.117	99.21-100.46	0.117	0.09-0.14	1	1.205	1402/13589	92.94	36	EBC_095.37_EBC_095_scaffold_66	zr28333_25
zr28333_25_trimmed_1.fastq.gz	CM_UNINA_FFOOD__FFOOD_425__bin.9.fa	0.0231	0.0264	97.78	0.111	96.74-99.05	0.111	0.07-0.15	1	1.323	455/8063	91.14	40	NODE_1_length_598382_cov_75.9985_ID_32759	zr28333_25
zr28333_25_trimmed_1.fastq.gz	FontanaF_2023__SRR20746838__bin.11.fa	0.0222	0.025	97.24	0.107	96.05-98.27	0.107	0.07-0.15	1	1.118	374/7829	90.66	24	NODE_1_length_180989_cov_16.9995_ID_3968	zr28333_25
zr28333_25_trimmed_1.fastq.gz	SEM_41_S58.18.fa	0.0216	0.0488	95.08	0.104	93.94-96.19	0.104	0.07-0.16	1	1.061	326/15803	88.23	4	SEM_41_S58.18_SEM_41_S58_scaffold_33	zr28333_25
zr28333_25_trimmed_1.fastq.gz	YulandiA_2020__SRS6115053__bin.10.fa	0.0178	0.0327	98.02	0.086	96.73-99.34	0.086	0.05-0.12	1	1.213	596/12698	90.6	180	SRS6115053_k141_3360	zr28333_25
zr28333_25_trimmed_1.fastq.gz	EBC_080.1.fa	0.0169	0.0494	97.84	0.081	96.89-99.01	0.081	0.05-0.11	1	1.134	822/20501	90.14	97	EBC_080.1_EBC_080_scaffold_1281	zr28333_25
zr28333_25_trimmed_1.fastq.gz	MotaGutierrezJ_2021__SRR11602150__bin.4.fa	0.01	0.0194	96.53	0.048	94.44-98.01	0.048	0.03-0.09	1	1.023	213/13573	87.46	0	NODE_398_length_32439_cov_10.0000_ID_73648	zr28333_25
zr28333_19_trimmed_1.fastq.gz	FontanaF_2023__SRR20746854__bin.2.fa	30.7696	39.3165	96.94	96.0	NA-NA	HIGH	NA-NA	96	92.973	7389/19352	96.94	236	NODE_7_length_112150_cov_14.2384_ID_46122	zr28333_19
zr28333_19_trimmed_1.fastq.gz	FalardeauJ_2023__SRR20811279__bin.3.fa	23.0772	20.5413	99.14	72.0	NA-NA	HIGH	NA-NA	72	71.139	10395/13589	99.14	27	NODE_1_length_274429_cov_22.9992_ID_7781	zr28333_19
zr28333_19_trimmed_1.fastq.gz	YulandiA_2020__SRS6115052__bin.21.fa	11.2181	5.957	98.95	35.0	NA-NA	HIGH	NA-NA	35	28.556	5741/7955	98.95	21	SRS6115052_k141_129	zr28333_19
zr28333_19_trimmed_1.fastq.gz	LeechJ_xxxx__AF68__bin.13.fa	7.3719	3.6942	99.26	23.0	NA-NA	HIGH	NA-NA	23	23.054	5956/7501	99.26	2	AF68_k141_238	zr28333_19
zr28333_19_trimmed_1.fastq.gz	MAG_19.fa	6.0898	9.1342	99.37	19.0	NA-NA	HIGH	NA-NA	19	18.666	18817/22889	99.37	0	MAG_19_0	zr28333_19
zr28333_19_trimmed_1.fastq.gz	EBC_134.5.fa	5.4488	9.6913	99.02	17.0	NA-NA	HIGH	NA-NA	17	16.584	19404/26324	99.02	0	EBC_134.5_EBC_134_scaffold_561	zr28333_19
zr28333_19_trimmed_1.fastq.gz	MortensenS_xxxx__WK002-1-L-48h-01F6_S30__bin.6.fa	4.8078	2.4375	99.82	15.0	NA-NA	HIGH	NA-NA	15	14.759	7353/7783	99.82	0	WK002-1-L-48h-01F6_S30_k141_2565	zr28333_19
zr28333_19_trimmed_1.fastq.gz	LeechJ_xxxx__AF66__bin.10.fa	2.3987	1.6153	96.15	7.484	NA-NA	HIGH	NA-NA	6	7.484	2919/9849	96.15	4166	AF66_k141_123	zr28333_19
zr28333_19_trimmed_1.fastq.gz	MASTER_WP4_TEAGASC_1__TGS12-29__bin.6.fa	2.1346	1.4664	99.25	6.66	NA-NA	HIGH	NA-NA	6	6.66	8225/10372	99.25	17	TGS12-29_k141_701	zr28333_19
zr28333_19_trimmed_1.fastq.gz	YulandiA_2020__SRS6115053__bin.10.fa	1.9206	1.6344	99.84	5.992	NA-NA	HIGH	NA-NA	6	5.992	12084/12698	99.84	0	SRS6115053_k141_3360	zr28333_19
zr28333_19_trimmed_1.fastq.gz	LeechJ_xxxx__AF15__bin.4.fa	1.3282	1.4303	99.06	4.144	NA-NA	HIGH	NA-NA	4	4.144	11899/15952	99.06	12	AF15_k141_25	zr28333_19
zr28333_19_trimmed_1.fastq.gz	P.1_bin.1.fa	1.0004	1.2915	96.34	3.121	NA-NA	HIGH	NA-NA	3	3.121	6154/19536	96.34	209	P.1_bin.1_k77_21174	zr28333_19
zr28333_19_trimmed_1.fastq.gz	GCF_001885995.1_ASM188599v1_genomic.fa	0.9383	0.6233	97.78	2.927	NA-NA	HIGH	NA-NA	3	2.927	5054/10141	97.78	133	GCF_001885995.1_ASM188599v1_genomic_NZ_JXKT01000001.1 Enterococcus italicus DSM 15952 Scaffold1, whole genome shotgun sequence	zr28333_19
zr28333_19_trimmed_1.fastq.gz	ODFM-BA-A-0139-001_Enterococcus_lactis_CICC_24101.fa	0.4308	0.3533	98.05	1.344	97.93-98.17	1.344	1.26-1.44	2	2.929	4961/12230	97.13	2987	ODFM-BA-A-0139-001_Enterococcus_lactis_CICC_24101_NZ_WOTS01000010.1 Enterococcus lactis strain CICC 24101 NODE_10_length_82300_cov_4.602353, whole genome shotgun sequence	zr28333_19
zr28333_19_trimmed_1.fastq.gz	FontanaF_2023__SRR20746839__bin.4.fa	0.3405	0.1646	98.48	1.062	98.35-98.64	1.062	0.98-1.13	1	1.644	2983/7322	97.14	15	NODE_2_length_148631_cov_25.9785_ID_15265	zr28333_19
zr28333_19_trimmed_1.fastq.gz	LeechJ_xxxx__AF89__bin.7.fa	0.2142	0.2458	95.34	0.668	95.09-95.56	0.668	0.61-0.72	1	1.192	2177/17149	93.56	1005	AF89_k141_40	zr28333_19
zr28333_19_trimmed_1.fastq.gz	MotaGutierrezJ_2021__SRR11602140__bin.22.fa	0.1162	0.1213	98.51	0.363	98.25-98.75	0.363	0.33-0.39	1	1.195	3010/15633	94.82	27	NODE_306_length_23997_cov_9.0000_ID_64100	zr28333_19
zr28333_19_trimmed_1.fastq.gz	LeechJ_2020__ERS3967691__bin.13.fa	0.0796	0.0444	97.44	0.248	96.92-97.92	0.248	0.21-0.30	1	1.143	814/8251	92.8	18	ERS3967691_k141_96	zr28333_19
zr28333_19_trimmed_1.fastq.gz	YulandiA_2020__SRS6115053__bin.3.fa	0.0677	0.0731	98.82	0.211	98.47-99.17	0.211	0.19-0.24	1	1.116	2075/15718	93.68	0	SRS6115053_k141_44	zr28333_19
zr28333_19_trimmed_1.fastq.gz	KharnaiorP_2023__SRR22859379__bin.8.fa	0.0646	0.0294	99.27	0.202	98.65-99.85	0.202	0.16-0.25	1	1.133	1000/6826	93.99	3	NODE_3_length_161229_cov_37.0000_ID_62026	zr28333_19
zr28333_19_trimmed_1.fastq.gz	LeechJ_xxxx__AF66__bin.13.fa	0.0549	0.0201	98.52	0.171	97.61-99.18	0.171	0.13-0.22	1	1.322	597/5623	93.02	32	AF66_k141_253	zr28333_19
zr28333_19_trimmed_1.fastq.gz	MAG_45.fa	0.046	0.0337	98.17	0.144	97.48-98.85	0.144	0.11-0.18	1	1.137	820/10848	92.01	203	MAG_45_0	zr28333_19
zr28333_19_trimmed_1.fastq.gz	LandisEA_2021__SRS5653333__bin.1.fa	0.0291	0.0206	96.88	0.091	95.45-98.21	0.091	0.06-0.14	1	1.04	346/10617	89.54	5	SRS5653333_k141_170	zr28333_19
zr28333_19_trimmed_1.fastq.gz	MAG_312.fa	0.028	0.0277	98.21	0.087	97.07-99.39	0.087	0.06-0.12	1	1.043	719/15037	90.66	0	MAG_312_0	zr28333_19
zr28333_19_trimmed_1.fastq.gz	YouL_2022__SRR13308534__bin.20.fa	0.0245	0.0328	95.11	0.076	93.52-96.74	0.076	0.04-0.12	1	1.217	322/20020	87.53	18	NODE_4_length_158023_cov_10.0000_ID_315023	zr28333_19
zr28333_30_trimmed_1.fastq.gz	LandisEA_2021__SRS5653333__bin.1.fa	35.0993	33.4602	98.57	138.0	NA-NA	HIGH	NA-NA	138	143.204	6793/10617	98.57	2	SRS5653333_k141_170	zr28333_30
zr28333_30_trimmed_1.fastq.gz	GCF_009913915.1_ASM991391v1_genomic.fa	29.2494	23.1773	99.0	115.0	NA-NA	HIGH	NA-NA	115	114.343	6500/8865	99.0	30	GCF_009913915.1_ASM991391v1_genomic_NZ_CP028251.1 Leuconostoc mesenteroides strain SRCM102733 chromosome, complete genome	zr28333_30
zr28333_30_trimmed_1.fastq.gz	EBC_082.15.fa	8.902	16.1191	98.77	35.0	NA-NA	HIGH	NA-NA	35	31.066	13937/20483	98.77	32	EBC_082.15_EBC_082_scaffold_602	zr28333_30
zr28333_30_trimmed_1.fastq.gz	MortensenS_xxxx__WK028-2-L-48h-03A1_S20__bin.5.fa	7.8846	5.1626	99.38	31.0	NA-NA	HIGH	NA-NA	31	34.15	6091/7379	99.38	0	WK028-2-L-48h-03A1_S20_k141_3165	zr28333_30
zr28333_30_trimmed_1.fastq.gz	ODFM-BA-A-0139-001_Enterococcus_lactis_CICC_24101.fa	4.8325	5.3336	97.52	19.0	NA-NA	HIGH	NA-NA	19	18.185	5610/12230	97.52	2995	ODFM-BA-A-0139-001_Enterococcus_lactis_CICC_24101_NZ_WOTS01000010.1 Enterococcus lactis strain CICC 24101 NODE_10_length_82300_cov_4.602353, whole genome shotgun sequence	zr28333_30
zr28333_30_trimmed_1.fastq.gz	LeechJ_xxxx__AF66__bin.13.fa	4.3238	2.1366	98.62	17.0	NA-NA	HIGH	NA-NA	17	16.657	3659/5623	98.62	23	AF66_k141_253	zr28333_30
zr28333_30_trimmed_1.fastq.gz	MASTER_WP4_TEAGASC_1__TGS12-29__bin.6.fa	3.4361	3.1763	99.35	13.51	NA-NA	HIGH	NA-NA	11	13.51	8477/10372	99.35	0	TGS12-29_k141_701	zr28333_30
zr28333_30_trimmed_1.fastq.gz	EBC_134.5.fa	3.0857	7.385	99.34	12.132	NA-NA	HIGH	NA-NA	12	12.132	21415/26324	99.34	0	EBC_134.5_EBC_134_scaffold_561	zr28333_30
zr28333_30_trimmed_1.fastq.gz	LeechJ_xxxx__AF66__bin.10.fa	1.8423	1.6694	95.82	7.243	NA-NA	HIGH	NA-NA	6	7.243	2623/9849	95.82	4214	AF66_k141_123	zr28333_30
zr28333_30_trimmed_1.fastq.gz	YouL_2022__SRR13308526__bin.24.fa	1.0765	1.894	98.73	4.232	NA-NA	HIGH	NA-NA	4	4.232	13336/19793	98.73	126	NODE_37_length_141872_cov_18.1171_ID_20191	zr28333_30
zr28333_30_trimmed_1.fastq.gz	XieM_2019__SAMC044639__bin.32.fa	0.2076	0.3665	99.33	0.816	99.22-99.44	0.816	0.78-0.85	1	1.528	9030/19857	97.49	0	SAMC044639_k141_719	zr28333_30
zr28333_30_trimmed_1.fastq.gz	MortensenS_xxxx__WK066-2-G-48h-05I1_S125__bin.1.fa	0.0468	0.1089	95.43	0.184	94.79-96.09	0.184	0.15-0.23	1	1.935	1066/25617	90.25	145	WK066-2-G-48h-05I1_S125_k141_135	zr28333_30
zr28333_30_trimmed_1.fastq.gz	ODFM-BA-A-0027-003_Lactobacillus_sakei_WiKim0072.fa	0.0134	0.0105	95.84	0.053	93.00-96.25	0.053	0.05-0.13	1	0.923	130/8532	87.37	18	ODFM-BA-A-0027-003_Lactobacillus_sakei_WiKim0072_NZ_CP025136.1 Lactobacillus sakei strain WiKim0072 chromosome, complete genome	zr28333_30
zr28333_23_trimmed_1.fastq.gz	LeechJ_2020__ERS3967691__bin.13.fa	50.5386	51.4418	98.22	242.0	NA-NA	HIGH	NA-NA	242	203.545	4725/8251	98.22	198	ERS3967691_k141_96	zr28333_23
zr28333_23_trimmed_1.fastq.gz	KharnaiorP_2023__SRR22859379__bin.8.fa	35.2935	29.2939	99.19	169.0	NA-NA	HIGH	NA-NA	169	171.564	5311/6826	99.19	1	NODE_3_length_161229_cov_37.0000_ID_62026	zr28333_23
zr28333_23_trimmed_1.fastq.gz	CM_UNINA_FFOOD__FFOOD_425__bin.9.fa	6.8916	6.6939	98.81	33.0	NA-NA	HIGH	NA-NA	33	33.851	5562/8063	98.81	36	NODE_1_length_598382_cov_75.9985_ID_32759	zr28333_23
zr28333_23_trimmed_1.fastq.gz	GCF_004771075.1_ASM477107v1_genomic.fa	3.9679	4.5929	98.49	19.0	NA-NA	HIGH	NA-NA	19	18.211	5789/9278	98.49	0	GCF_004771075.1_ASM477107v1_genomic_NZ_CP027563.1 Weissella confusa strain VTT E-133279 chromosome, complete genome	zr28333_23
zr28333_23_trimmed_1.fastq.gz	EBC_082.15.fa	1.9342	4.7512	98.17	9.262	NA-NA	HIGH	NA-NA	9	9.262	11548/20483	98.17	166	EBC_082.15_EBC_082_scaffold_602	zr28333_23
zr28333_23_trimmed_1.fastq.gz	XieM_2019__SAMC044639__bin.32.fa	0.7508	1.7979	99.32	3.595	NA-NA	HIGH	NA-NA	3	3.595	16094/19857	99.32	0	SAMC044639_k141_719	zr28333_23
zr28333_23_trimmed_1.fastq.gz	EBC_134.5.fa	0.2691	0.8738	98.57	1.289	98.50-98.64	1.289	1.24-1.34	2	1.961	12206/26324	97.55	0	EBC_134.5_EBC_134_scaffold_561	zr28333_23
zr28333_23_trimmed_1.fastq.gz	MASTER_WP4_TEAGASC_1__TGS12-29__bin.6.fa	0.081	0.1016	99.27	0.388	99.01-99.51	0.388	0.35-0.42	1	1.211	2657/10372	95.7	0	TGS12-29_k141_701	zr28333_23
zr28333_23_trimmed_1.fastq.gz	SEM_41_S58.18.fa	0.0672	0.1288	98.06	0.322	97.75-98.33	0.322	0.29-0.35	1	1.199	2371/15803	94.06	3	SEM_41_S58.18_SEM_41_S58_scaffold_33	zr28333_23
zr28333_23_trimmed_1.fastq.gz	ODFM-BA-A-0139-001_Enterococcus_lactis_CICC_24101.fa	0.0557	0.0834	97.44	0.267	97.03-97.84	0.267	0.23-0.31	1	1.157	1310/12230	93.05	1165	ODFM-BA-A-0139-001_Enterococcus_lactis_CICC_24101_NZ_WOTS01000010.1 Enterococcus lactis strain CICC 24101 NODE_10_length_82300_cov_4.602353, whole genome shotgun sequence	zr28333_23
zr28333_23_trimmed_1.fastq.gz	LeechJ_xxxx__AF66__bin.13.fa	0.0504	0.0338	98.28	0.242	97.80-98.77	0.242	0.20-0.28	1	1.112	714/5623	93.56	9	AF66_k141_253	zr28333_23
zr28333_23_trimmed_1.fastq.gz	LeechJ_xxxx__AF73__bin.1.fa	0.0418	0.0913	98.79	0.2	98.43-99.20	0.200	0.18-0.22	1	1.357	2326/18089	93.6	26	AF73_k141_20	zr28333_23
zr28333_23_trimmed_1.fastq.gz	FontanaF_2023__SRR20746854__bin.2.fa	0.0319	0.0745	95.72	0.153	95.00-96.30	0.153	0.12-0.19	1	1.214	758/19352	90.08	208	NODE_7_length_112150_cov_14.2384_ID_46122	zr28333_23
zr28333_23_trimmed_1.fastq.gz	CM_UNINA_FFOOD__FFOOD_226__bin.6.fa	0.0263	0.0411	99.19	0.126	98.57-99.76	0.126	0.10-0.15	1	1.067	1187/12895	92.59	61	NODE_2_length_319059_cov_34.9987_ID_36074	zr28333_23
zr28333_2_trimmed_1.fastq.gz	EBC_082.15.fa	64.6244	66.8923	99.11	122.0	NA-NA	HIGH	NA-NA	122	110.005	15515/20483	99.11	33	EBC_082.15_EBC_082_scaffold_602	zr28333_2
zr28333_2_trimmed_1.fastq.gz	YouL_2022__SRR13308526__bin.24.fa	21.718	21.8444	98.83	41.0	NA-NA	HIGH	NA-NA	41	42.907	13723/19793	98.83	127	NODE_37_length_141872_cov_18.1171_ID_20191	zr28333_2
zr28333_2_trimmed_1.fastq.gz	XieM_2019__SAMC044639__bin.32.fa	6.8784	6.9407	99.56	12.985	NA-NA	HIGH	NA-NA	13	12.985	17315/19857	99.56	0	SAMC044639_k141_719	zr28333_2
zr28333_2_trimmed_1.fastq.gz	ODFM-BA-A-0139-001_Enterococcus_lactis_CICC_24101.fa	2.8481	1.7969	97.14	5.377	NA-NA	HIGH	NA-NA	5	5.377	4982/12230	97.14	2912	ODFM-BA-A-0139-001_Enterococcus_lactis_CICC_24101_NZ_WOTS01000010.1 Enterococcus lactis strain CICC 24101 NODE_10_length_82300_cov_4.602353, whole genome shotgun sequence	zr28333_2
zr28333_2_trimmed_1.fastq.gz	MASTER_WP4_TEAGASC_1__TGS12-29__bin.6.fa	2.4865	1.3139	99.15	4.694	NA-NA	HIGH	NA-NA	4	4.694	7949/10372	99.15	0	TGS12-29_k141_701	zr28333_2
zr28333_2_trimmed_1.fastq.gz	SEM_41_S58.18.fa	0.7526	0.6076	95.44	1.421	95.26-95.55	1.421	1.32-1.57	2	2.062	2821/15803	94.59	4	SEM_41_S58.18_SEM_41_S58_scaffold_33	zr28333_2
zr28333_2_trimmed_1.fastq.gz	EBC_134.5.fa	0.3167	0.4333	98.23	0.598	98.09-98.34	0.598	0.57-0.63	1	1.402	6801/26324	95.73	1	EBC_134.5_EBC_134_scaffold_561	zr28333_2
zr28333_2_trimmed_1.fastq.gz	LeechJ_xxxx__AF66__bin.10.fa	0.2342	0.1213	95.05	0.442	94.58-95.50	0.442	0.37-0.52	1	1.32	731/9849	91.95	1906	AF66_k141_123	zr28333_2
zr28333_2_trimmed_1.fastq.gz	GCF_009913915.1_ASM991391v1_genomic.fa	0.0567	0.0257	98.08	0.107	97.04-99.02	0.107	0.08-0.15	1	1.059	494/8865	91.11	0	GCF_009913915.1_ASM991391v1_genomic_NZ_CP028251.1 Leuconostoc mesenteroides strain SRCM102733 chromosome, complete genome	zr28333_2
zr28333_2_trimmed_1.fastq.gz	LeechJ_xxxx__AF66__bin.13.fa	0.0449	0.0127	98.02	0.085	96.39-100.19	0.085	0.04-0.14	1	1.032	248/5623	90.42	15	AF66_k141_253	zr28333_2
zr28333_2_trimmed_1.fastq.gz	MAG_107.fa	0.0395	0.0111	96.79	0.075	94.58-98.60	0.075	0.04-0.14	1	1.133	143/5466	88.91	48	MAG_107_0	zr28333_2
zr28333_12_trimmed_1.fastq.gz	GCF_009913915.1_ASM991391v1_genomic.fa	32.6289	21.1562	99.0	96.0	NA-NA	HIGH	NA-NA	96	95.946	6483/8865	99.0	30	GCF_009913915.1_ASM991391v1_genomic_NZ_CP028251.1 Leuconostoc mesenteroides strain SRCM102733 chromosome, complete genome	zr28333_12
zr28333_12_trimmed_1.fastq.gz	EBC_082.15.fa	17.674	26.1866	98.92	52.0	NA-NA	HIGH	NA-NA	52	45.763	14637/20483	98.92	32	EBC_082.15_EBC_082_scaffold_602	zr28333_12
zr28333_12_trimmed_1.fastq.gz	ODFM-BA-A-0139-001_Enterococcus_lactis_CICC_24101.fa	10.5364	9.5155	97.52	31.0	NA-NA	HIGH	NA-NA	31	34.014	5609/12230	97.52	2995	ODFM-BA-A-0139-001_Enterococcus_lactis_CICC_24101_NZ_WOTS01000010.1 Enterococcus lactis strain CICC 24101 NODE_10_length_82300_cov_4.602353, whole genome shotgun sequence	zr28333_12
zr28333_12_trimmed_1.fastq.gz	MortensenS_xxxx__WK028-2-L-48h-03A1_S20__bin.5.fa	10.1965	5.463	99.38	30.0	NA-NA	HIGH	NA-NA	30	32.211	6087/7379	99.38	0	WK028-2-L-48h-03A1_S20_k141_3165	zr28333_12
zr28333_12_trimmed_1.fastq.gz	EBC_134.5.fa	8.837	17.3058	99.39	26.0	NA-NA	HIGH	NA-NA	26	26.168	21770/26324	99.39	0	EBC_134.5_EBC_134_scaffold_561	zr28333_12
zr28333_12_trimmed_1.fastq.gz	YouL_2022__SRR13308526__bin.24.fa	7.8173	11.2549	98.81	23.0	NA-NA	HIGH	NA-NA	23	22.934	13668/19793	98.81	127	NODE_37_length_141872_cov_18.1171_ID_20191	zr28333_12
zr28333_12_trimmed_1.fastq.gz	MASTER_WP4_TEAGASC_1__TGS12-29__bin.6.fa	5.4381	4.1134	99.35	16.0	NA-NA	HIGH	NA-NA	16	15.802	8481/10372	99.35	0	TGS12-29_k141_701	zr28333_12
zr28333_12_trimmed_1.fastq.gz	LeechJ_xxxx__AF66__bin.10.fa	4.7337	3.5099	95.93	13.927	NA-NA	HIGH	NA-NA	14	13.927	2713/9849	95.93	4225	AF66_k141_123	zr28333_12
zr28333_12_trimmed_1.fastq.gz	LeechJ_xxxx__AF66__bin.13.fa	1.5413	0.6232	98.56	4.535	NA-NA	HIGH	NA-NA	4	4.535	3588/5623	98.56	23	AF66_k141_253	zr28333_12
zr28333_12_trimmed_1.fastq.gz	XieM_2019__SAMC044639__bin.32.fa	0.4417	0.638	99.35	1.3	99.28-99.40	1.300	1.25-1.35	2	1.963	11813/19857	98.34	0	SAMC044639_k141_719	zr28333_12
zr28333_12_trimmed_1.fastq.gz	MortensenS_xxxx__WK066-2-G-48h-05I1_S125__bin.1.fa	0.0867	0.165	95.84	0.255	95.43-96.21	0.255	0.22-0.29	1	1.424	1581/25617	91.41	153	WK066-2-G-48h-05I1_S125_k141_135	zr28333_12
zr28333_12_trimmed_1.fastq.gz	SEM_41_S58.18.fa	0.0473	0.0547	95.08	0.139	93.91-95.93	0.139	0.10-0.20	1	1.065	430/15803	89.02	4	SEM_41_S58.18_SEM_41_S58_scaffold_33	zr28333_12
zr28333_12_trimmed_1.fastq.gz	LeechJ_xxxx__AF94__bin.2.fa	0.021	0.0138	96.4	0.062	94.06-97.87	0.062	0.04-0.12	1	1.14	171/8895	88.03	13	AF94_k141_14	zr28333_12
zr28333_34_trimmed_1.fastq.gz	MortensenS_xxxx__WK002-1-L-48h-01F6_S30__bin.6.fa	54.6045	41.3574	99.89	304.0	NA-NA	HIGH	NA-NA	304	297.705	7514/7783	99.89	0	WK002-1-L-48h-01F6_S30_k141_2565	zr28333_34
zr28333_34_trimmed_1.fastq.gz	FalardeauJ_2023__SRR20811279__bin.3.fa	12.5734	16.7196	99.02	70.0	NA-NA	HIGH	NA-NA	70	71.144	10007/13589	99.02	2	NODE_1_length_274429_cov_22.9992_ID_7781	zr28333_34
zr28333_34_trimmed_1.fastq.gz	GCF_004771075.1_ASM477107v1_genomic.fa	9.3402	8.8478	98.61	52.0	NA-NA	HIGH	NA-NA	52	52.67	6007/9278	98.61	2	GCF_004771075.1_ASM477107v1_genomic_NZ_CP027563.1 Weissella confusa strain VTT E-133279 chromosome, complete genome	zr28333_34
zr28333_34_trimmed_1.fastq.gz	LeechJ_xxxx__AF66__bin.10.fa	6.8256	6.8668	97.64	38.0	NA-NA	HIGH	NA-NA	38	37.346	4695/9849	97.64	15	AF66_k141_123	zr28333_34
zr28333_34_trimmed_1.fastq.gz	EBC_134.5.fa	6.1071	16.2273	95.19	34.0	NA-NA	HIGH	NA-NA	34	30.909	5712/26324	95.19	2744	EBC_134.5_EBC_134_scaffold_561	zr28333_34
zr28333_34_trimmed_1.fastq.gz	MAG_501.fa	3.5924	3.5131	98.85	20.0	NA-NA	HIGH	NA-NA	20	20.572	6788/9710	98.85	1	MAG_501_0	zr28333_34
zr28333_34_trimmed_1.fastq.gz	KharnaiorP_2023__SRR22859379__bin.8.fa	3.0535	2.0742	99.07	17.0	NA-NA	HIGH	NA-NA	17	17.023	5103/6826	99.07	1	NODE_3_length_161229_cov_37.0000_ID_62026	zr28333_34
zr28333_34_trimmed_1.fastq.gz	GCF_001885995.1_ASM188599v1_genomic.fa	2.6943	2.6737	98.01	15.0	NA-NA	HIGH	NA-NA	15	14.781	5440/10141	98.01	12	GCF_001885995.1_ASM188599v1_genomic_NZ_JXKT01000001.1 Enterococcus italicus DSM 15952 Scaffold1, whole genome shotgun sequence	zr28333_34
zr28333_34_trimmed_1.fastq.gz	ODFM-BA-A-0005-002_Lactobacillus_curvatus_WiKim38.fa	0.2541	0.2107	99.0	1.415	98.92-99.07	1.415	1.34-1.50	2	1.866	4454/8010	98.12	9	ODFM-BA-A-0005-002_Lactobacillus_curvatus_WiKim38_NZ_CP017124.1 Lactobacillus curvatus strain WiKim38, complete genome	zr28333_34
zr28333_34_trimmed_1.fastq.gz	LiZ_2019__SRS3379157__bin.3.fa	0.215	0.4363	98.53	1.197	98.46-98.61	1.197	1.14-1.24	2	1.86	9122/20657	97.4	1617	SRS3379157_k141_320	zr28333_34
zr28333_34_trimmed_1.fastq.gz	FontanaF_2023__SRR20746869__bin.1.fa	0.1892	0.2448	99.05	1.053	98.94-99.17	1.053	1.00-1.11	2	2.075	6285/12958	97.69	0	NODE_117_length_29172_cov_5.0000_ID_19762	zr28333_34
zr28333_34_trimmed_1.fastq.gz	LeechJ_xxxx__AF27__bin.5.fa	0.1705	0.1617	95.2	0.949	94.98-95.49	0.949	0.83-1.03	1	1.518	1281/9593	93.71	56	AF27_k141_52	zr28333_34
zr28333_34_trimmed_1.fastq.gz	SEM_41_S58.18.fa	0.0782	0.1226	95.34	0.435	94.99-95.71	0.435	0.38-0.49	1	1.263	1272/15803	92.19	33	SEM_41_S58.18_SEM_41_S58_scaffold_33	zr28333_34
zr28333_34_trimmed_1.fastq.gz	YouL_2022__SRR13308526__bin.24.fa	0.0664	0.1298	98.58	0.37	98.38-98.79	0.370	0.34-0.39	1	1.264	3925/19793	94.91	1175	NODE_37_length_141872_cov_18.1171_ID_20191	zr28333_34
zr28333_34_trimmed_1.fastq.gz	CM_UNINA_FFOOD__FFOOD_277__bin.12.fa	0.0473	0.0828	98.75	0.263	98.46-99.03	0.263	0.24-0.29	1	1.157	2791/17824	94.19	1	NODE_4_length_117675_cov_11.9994_ID_3948	zr28333_34
zr28333_34_trimmed_1.fastq.gz	EBC_082.15.fa	0.0463	0.0932	98.35	0.258	98.05-98.67	0.258	0.23-0.28	1	1.35	2786/20483	93.77	238	EBC_082.15_EBC_082_scaffold_602	zr28333_34
zr28333_34_trimmed_1.fastq.gz	MAG_312.fa	0.0375	0.0553	97.77	0.209	97.34-98.12	0.209	0.19-0.24	1	1.108	1408/15037	92.64	0	MAG_312_0	zr28333_34
zr28333_34_trimmed_1.fastq.gz	LeechJ_2020__ERS3967699__bin.4.fa	0.0372	0.0987	96.13	0.207	95.72-96.55	0.207	0.18-0.24	1	1.145	1447/26343	91.06	71	ERS3967699_k141_45	zr28333_34
zr28333_34_trimmed_1.fastq.gz	XieM_2019__SAMC044639__bin.32.fa	0.0259	0.0507	98.86	0.144	98.43-99.30	0.144	0.12-0.17	1	1.183	1868/19857	92.66	52	SAMC044639_k141_719	zr28333_34
zr28333_34_trimmed_1.fastq.gz	MAG_107.fa	0.0243	0.0133	98.2	0.136	97.25-99.32	0.136	0.09-0.18	1	1.068	395/5466	91.87	1	MAG_107_0	zr28333_34
zr28333_34_trimmed_1.fastq.gz	YulandiA_2020__SRS6115053__bin.10.fa	0.0098	0.0125	97.0	0.055	95.15-99.10	0.055	0.03-0.10	1	1.019	265/12698	88.27	27	SRS6115053_k141_3360	zr28333_34
zr28333_34_trimmed_1.fastq.gz	MAG_45.fa	0.0071	0.0078	99.02	0.04	96.80-101.11	0.040	0.02-0.08	1	1.053	318/10848	89.24	0	MAG_45_0	zr28333_34
zr28333_31_trimmed_1.fastq.gz	KharnaiorP_2023__SRR22859379__bin.8.fa	56.5783	46.8296	99.25	316.0	NA-NA	HIGH	NA-NA	316	312.107	5400/6826	99.25	1	NODE_3_length_161229_cov_37.0000_ID_62026	zr28333_31
zr28333_31_trimmed_1.fastq.gz	CM_UNINA_FFOOD__FFOOD_425__bin.9.fa	13.6074	13.1802	99.19	76.0	NA-NA	HIGH	NA-NA	76	70.787	6260/8063	99.19	43	NODE_1_length_598382_cov_75.9985_ID_32759	zr28333_31
zr28333_31_trimmed_1.fastq.gz	FalardeauJ_2023__SRR20811279__bin.3.fa	9.6684	15.6661	99.0	54.0	NA-NA	HIGH	NA-NA	54	54.91	9953/13589	99.0	33	NODE_1_length_274429_cov_22.9992_ID_7781	zr28333_31
zr28333_31_trimmed_1.fastq.gz	GCF_009913915.1_ASM991391v1_genomic.fa	6.0875	6.5258	99.6	34.0	NA-NA	HIGH	NA-NA	34	33.619	7827/8865	99.6	0	GCF_009913915.1_ASM991391v1_genomic_NZ_CP028251.1 Leuconostoc mesenteroides strain SRCM102733 chromosome, complete genome	zr28333_31
zr28333_31_trimmed_1.fastq.gz	LeechJ_2020__ERS3967691__bin.13.fa	5.3714	5.4521	97.96	30.0	NA-NA	HIGH	NA-NA	30	27.872	4360/8251	97.96	202	ERS3967691_k141_96	zr28333_31
zr28333_31_trimmed_1.fastq.gz	LeechJ_xxxx__AF66__bin.10.fa	3.4019	4.1703	98.84	19.0	NA-NA	HIGH	NA-NA	19	16.893	6851/9849	98.84	10	AF66_k141_123	zr28333_31
zr28333_31_trimmed_1.fastq.gz	ODFM-BA-A-0005-002_Lactobacillus_curvatus_WiKim38.fa	1.451	1.4659	99.12	8.104	NA-NA	HIGH	NA-NA	8	8.104	6091/8010	99.12	196	ODFM-BA-A-0005-002_Lactobacillus_curvatus_WiKim38_NZ_CP017124.1 Lactobacillus curvatus strain WiKim38, complete genome	zr28333_31
zr28333_31_trimmed_1.fastq.gz	MortensenS_xxxx__WK028-2-L-48h-03A1_S20__bin.5.fa	1.3328	1.1806	99.36	7.444	NA-NA	HIGH	NA-NA	7	7.444	6040/7379	99.36	29	WK028-2-L-48h-03A1_S20_k141_3165	zr28333_31
zr28333_31_trimmed_1.fastq.gz	EBC_134.5.fa	0.9128	2.9555	97.86	5.098	NA-NA	HIGH	NA-NA	5	5.098	13452/26324	97.86	3954	EBC_134.5_EBC_134_scaffold_561	zr28333_31
zr28333_31_trimmed_1.fastq.gz	GCF_004771075.1_ASM477107v1_genomic.fa	0.5053	0.5833	98.26	2.822	NA-NA	HIGH	NA-NA	3	2.822	5388/9278	98.26	5	GCF_004771075.1_ASM477107v1_genomic_NZ_CP027563.1 Weissella confusa strain VTT E-133279 chromosome, complete genome	zr28333_31
zr28333_31_trimmed_1.fastq.gz	XieM_2019__SAMC044639__bin.32.fa	0.3105	0.7414	99.67	1.734	99.62-99.72	1.734	1.68-1.79	2	2.567	14767/19857	99.05	0	SAMC044639_k141_719	zr28333_31
zr28333_31_trimmed_1.fastq.gz	ODFM-BA-A-0139-001_Enterococcus_lactis_CICC_24101.fa	0.268	0.4002	99.08	1.497	99.00-99.14	1.497	1.44-1.57	2	2.108	7155/12230	98.29	11	ODFM-BA-A-0139-001_Enterococcus_lactis_CICC_24101_NZ_WOTS01000010.1 Enterococcus lactis strain CICC 24101 NODE_10_length_82300_cov_4.602353, whole genome shotgun sequence	zr28333_31
zr28333_31_trimmed_1.fastq.gz	ODFM-BA-A-0027-003_Lactobacillus_sakei_WiKim0072.fa	0.2564	0.2714	99.29	1.432	99.20-99.34	1.432	1.37-1.51	2	2.212	5228/8532	98.43	2	ODFM-BA-A-0027-003_Lactobacillus_sakei_WiKim0072_NZ_CP025136.1 Lactobacillus sakei strain WiKim0072 chromosome, complete genome	zr28333_31
zr28333_31_trimmed_1.fastq.gz	EBC_082.15.fa	0.2066	0.506	97.94	1.154	97.87-98.02	1.154	1.09-1.20	1	1.779	7361/20483	96.75	32	EBC_082.15_EBC_082_scaffold_602	zr28333_31
zr28333_31_trimmed_1.fastq.gz	LeechJ_xxxx__AF66__bin.13.fa	0.0188	0.0125	97.43	0.105	96.14-99.28	0.105	0.06-0.16	1	0.98	302/5623	91.0	21	AF66_k141_253	zr28333_31
zr28333_31_trimmed_1.fastq.gz	WolfeBE_2014__932_Robiola_due_Latte__bin.1.fa	0.0152	0.0445	99.06	0.085	98.26-99.67	0.085	0.07-0.11	1	1.041	1470/24183	91.36	2	932_Robiola_due_Latte_k119_35	zr28333_31
zr28333_31_trimmed_1.fastq.gz	SEM_41_S58.18.fa	0.0076	0.0145	98.33	0.042	96.59-101.23	0.042	0.02-0.07	1	1.034	388/15803	88.73	11	SEM_41_S58.18_SEM_41_S58_scaffold_33	zr28333_31
zr28333_3_trimmed_1.fastq.gz	LeechJ_2020__ERS3967691__bin.13.fa	90.2507	80.8935	98.35	237.0	NA-NA	HIGH	NA-NA	237	202.306	4925/8251	98.35	0	ERS3967691_k141_96	zr28333_3
zr28333_3_trimmed_1.fastq.gz	EBC_082.15.fa	4.6178	9.9888	98.19	12.126	NA-NA	HIGH	NA-NA	12	12.126	11620/20483	98.19	174	EBC_082.15_EBC_082_scaffold_602	zr28333_3
zr28333_3_trimmed_1.fastq.gz	XieM_2019__SAMC044639__bin.32.fa	2.947	6.2144	99.58	7.739	NA-NA	HIGH	NA-NA	7	7.739	17417/19857	99.58	0	SAMC044639_k141_719	zr28333_3
zr28333_3_trimmed_1.fastq.gz	GCF_004771075.1_ASM477107v1_genomic.fa	0.9181	0.9358	98.35	2.411	98.28-98.42	2.411	2.27-2.57	2	2.735	5073/9278	98.07	194	GCF_004771075.1_ASM477107v1_genomic_NZ_CP027563.1 Weissella confusa strain VTT E-133279 chromosome, complete genome	zr28333_3
zr28333_3_trimmed_1.fastq.gz	SEM_41_S58.18.fa	0.496	0.8369	99.26	1.302	99.17-99.33	1.302	1.24-1.37	2	3.318	9146/15803	98.25	2	SEM_41_S58.18_SEM_41_S58_scaffold_33	zr28333_3
zr28333_3_trimmed_1.fastq.gz	MASTER_WP4_TEAGASC_1__TGS12-29__bin.6.fa	0.1371	0.1514	99.69	0.36	99.47-99.99	0.360	0.32-0.39	1	1.226	2845/10372	95.91	0	TGS12-29_k141_701	zr28333_3
zr28333_3_trimmed_1.fastq.gz	LeechJ_xxxx__AF73__bin.1.fa	0.1326	0.2552	99.22	0.348	99.04-99.42	0.348	0.32-0.37	1	1.268	4276/18089	95.45	28	AF73_k141_20	zr28333_3
zr28333_3_trimmed_1.fastq.gz	LeechJ_xxxx__AF66__bin.13.fa	0.1259	0.0743	98.72	0.331	98.23-99.20	0.331	0.28-0.38	1	1.195	1063/5623	94.77	0	AF66_k141_253	zr28333_3
zr28333_3_trimmed_1.fastq.gz	P.1_bin.1.fa	0.1107	0.2298	95.41	0.291	94.89-95.87	0.291	0.24-0.34	1	1.208	1181/19536	91.35	172	P.1_bin.1_k77_21174	zr28333_3
zr28333_3_trimmed_1.fastq.gz	ODFM-BA-A-0139-001_Enterococcus_lactis_CICC_24101.fa	0.101	0.1331	97.34	0.265	96.93-97.72	0.265	0.23-0.30	1	1.207	1258/12230	92.93	1167	ODFM-BA-A-0139-001_Enterococcus_lactis_CICC_24101_NZ_WOTS01000010.1 Enterococcus lactis strain CICC 24101 NODE_10_length_82300_cov_4.602353, whole genome shotgun sequence	zr28333_3
zr28333_3_trimmed_1.fastq.gz	CM_UNINA_FFOOD__FFOOD_226__bin.6.fa	0.061	0.0841	98.64	0.16	98.09-99.15	0.160	0.13-0.19	1	1.093	1249/12895	92.75	77	NODE_2_length_319059_cov_34.9987_ID_36074	zr28333_3
zr28333_3_trimmed_1.fastq.gz	EBC_134.5.fa	0.0416	0.1188	95.78	0.109	94.94-96.55	0.109	0.08-0.15	1	1.054	716/26324	89.02	295	EBC_134.5_EBC_134_scaffold_561	zr28333_3
zr28333_3_trimmed_1.fastq.gz	LeechJ_xxxx__AF66__bin.10.fa	0.0322	0.0349	97.96	0.085	96.65-99.08	0.085	0.06-0.13	1	1.05	421/9849	90.33	1	AF66_k141_123	zr28333_3
zr28333_3_trimmed_1.fastq.gz	LeechJ_xxxx__AF15__bin.4.fa	0.0283	0.0489	97.02	0.074	95.51-98.75	0.074	0.04-0.12	1	1.033	448/15952	89.11	6	AF15_k141_25	zr28333_3
zr28333_14_trimmed_1.fastq.gz	GCF_009913915.1_ASM991391v1_genomic.fa	53.391	45.3435	99.66	261.0	NA-NA	HIGH	NA-NA	261	247.52	7972/8865	99.66	0	GCF_009913915.1_ASM991391v1_genomic_NZ_CP028251.1 Leuconostoc mesenteroides strain SRCM102733 chromosome, complete genome	zr28333_14
zr28333_14_trimmed_1.fastq.gz	MortensenS_xxxx__WK028-2-L-48h-03A1_S20__bin.5.fa	14.7285	10.336	99.37	72.0	NA-NA	HIGH	NA-NA	72	73.344	6075/7379	99.37	30	WK028-2-L-48h-03A1_S20_k141_3165	zr28333_14
zr28333_14_trimmed_1.fastq.gz	ODFM-BA-A-0139-001_Enterococcus_lactis_CICC_24101.fa	8.1825	9.6791	99.37	40.0	NA-NA	HIGH	NA-NA	40	39.386	10047/12230	99.37	9	ODFM-BA-A-0139-001_Enterococcus_lactis_CICC_24101_NZ_WOTS01000010.1 Enterococcus lactis strain CICC 24101 NODE_10_length_82300_cov_4.602353, whole genome shotgun sequence	zr28333_14
zr28333_14_trimmed_1.fastq.gz	ODFM-BA-A-0005-002_Lactobacillus_curvatus_WiKim38.fa	7.5688	6.0578	99.29	37.0	NA-NA	HIGH	NA-NA	37	35.411	6414/8010	99.29	219	ODFM-BA-A-0005-002_Lactobacillus_curvatus_WiKim38_NZ_CP017124.1 Lactobacillus curvatus strain WiKim38, complete genome	zr28333_14
zr28333_14_trimmed_1.fastq.gz	XieM_2019__SAMC044639__bin.32.fa	6.1369	11.6102	99.76	30.0	NA-NA	HIGH	NA-NA	30	29.151	18425/19857	99.76	0	SAMC044639_k141_719	zr28333_14
zr28333_14_trimmed_1.fastq.gz	EBC_134.5.fa	3.6821	9.4449	99.32	18.0	NA-NA	HIGH	NA-NA	18	17.497	21276/26324	99.32	1	EBC_134.5_EBC_134_scaffold_561	zr28333_14
zr28333_14_trimmed_1.fastq.gz	ODFM-BA-A-0027-003_Lactobacillus_sakei_WiKim0072.fa	3.0684	2.5728	99.58	15.0	NA-NA	HIGH	NA-NA	15	13.972	7482/8532	99.58	2	ODFM-BA-A-0027-003_Lactobacillus_sakei_WiKim0072_NZ_CP025136.1 Lactobacillus sakei strain WiKim0072 chromosome, complete genome	zr28333_14
zr28333_14_trimmed_1.fastq.gz	LeechJ_xxxx__AF66__bin.10.fa	1.091	1.0596	96.32	5.333	NA-NA	HIGH	NA-NA	4	5.333	3084/9849	96.32	4199	AF66_k141_123	zr28333_14
zr28333_14_trimmed_1.fastq.gz	WolfeBE_2014__932_Robiola_due_Latte__bin.1.fa	1.043	2.4114	99.66	5.099	NA-NA	HIGH	NA-NA	5	5.099	21745/24183	99.66	2	932_Robiola_due_Latte_k119_35	zr28333_14
zr28333_14_trimmed_1.fastq.gz	LeechJ_xxxx__AF15__bin.4.fa	0.2484	0.3858	97.55	1.214	97.46-97.65	1.214	1.14-1.27	2	1.853	5209/15952	96.45	671	AF15_k141_25	zr28333_14
zr28333_14_trimmed_1.fastq.gz	MAG_107.fa	0.1755	0.0922	98.16	0.858	97.94-98.38	0.858	0.79-0.94	1	1.861	1776/5466	96.44	50	MAG_107_0	zr28333_14
zr28333_14_trimmed_1.fastq.gz	KharnaiorP_2023__SRR22859377__bin.10.fa	0.1549	0.1725	98.41	0.757	98.24-98.57	0.757	0.71-0.81	1	1.428	3812/11722	96.44	47	NODE_8_length_174488_cov_60.9499_ID_127332	zr28333_14
zr28333_14_trimmed_1.fastq.gz	LeechJ_2020__ERS3967707__bin.4.fa	0.1245	0.1849	97.05	0.608	96.85-97.29	0.608	0.55-0.66	1	1.623	2801/15500	94.63	111	ERS3967707_k141_7	zr28333_14
zr28333_14_trimmed_1.fastq.gz	LeechJ_xxxx__AF73__bin.2.fa	0.0895	0.1591	98.89	0.437	98.71-99.07	0.437	0.41-0.46	1	1.406	4670/18586	95.64	40	AF73_k141_59	zr28333_14
zr28333_14_trimmed_1.fastq.gz	YulandiA_2020__SRS6115053__bin.10.fa	0.0708	0.0869	97.85	0.346	97.49-98.18	0.346	0.31-0.39	1	1.19	1922/12698	94.09	115	SRS6115053_k141_3360	zr28333_14
zr28333_14_trimmed_1.fastq.gz	MASTER_WP4_CSIC_2__P2633__bin.16.fa	0.0514	0.1098	95.37	0.251	94.88-95.80	0.251	0.21-0.29	1	1.55	1143/22317	90.86	417	P2633_k141_1103	zr28333_14
zr28333_14_trimmed_1.fastq.gz	MAG_45.fa	0.043	0.0454	98.55	0.21	98.09-98.99	0.210	0.18-0.24	1	1.138	1319/10848	93.43	14	MAG_45_0	zr28333_14
zr28333_14_trimmed_1.fastq.gz	FontanaF_2023__SRR20746834__bin.2.fa	0.0321	0.0369	98.44	0.157	97.84-99.12	0.157	0.13-0.19	1	1.092	1207/11938	92.87	333	NODE_15_length_59385_cov_11.2996_ID_3067	zr28333_14
zr28333_14_trimmed_1.fastq.gz	MASTER_WP4_CSIC_2__P2587__bin.9.fa	0.0318	0.0703	96.82	0.155	96.22-97.23	0.155	0.14-0.19	1	1.383	1224/23009	90.97	188	P2587_k141_467	zr28333_14
zr28333_14_trimmed_1.fastq.gz	MASTER_WP4_FFoQSI_2__VB11-26__bin.7.fa	0.0302	0.0409	96.57	0.148	95.70-97.30	0.148	0.11-0.20	1	1.078	658/14170	90.57	0	VB11-26_k141_193	zr28333_14
zr28333_14_trimmed_1.fastq.gz	CM_UNINA_FFOOD__FFOOD_266__bin.6.fa	0.0229	0.0483	98.23	0.112	97.63-98.81	0.112	0.09-0.13	1	1.071	1331/21872	91.37	94	NODE_1_length_400287_cov_21.9997_ID_32608	zr28333_14
zr28333_14_trimmed_1.fastq.gz	MASTER_WP4_UNINA_1__GO004_71775__bin.8.fa	0.0229	0.0325	98.48	0.112	97.76-99.26	0.112	0.09-0.14	1	1.198	1063/14841	91.85	16	GO004_71775_k141_336	zr28333_14
zr28333_14_trimmed_1.fastq.gz	YouL_2022__SRR13308534__bin.20.fa	0.0099	0.0191	98.05	0.048	96.53-99.96	0.048	0.03-0.08	1	1.039	517/20020	88.87	19	NODE_4_length_158023_cov_10.0000_ID_315023	zr28333_14
zr28333_11_trimmed_1.fastq.gz	ODFM-BA-A-0094-002_Leuconostoc_lactis_WIKIM21.fa	75.091	73.6368	99.56	553.0	NA-NA	HIGH	NA-NA	553	519.667	6545/7507	99.56	55	ODFM-BA-A-0094-002_Leuconostoc_lactis_WIKIM21_NZ_LJIV01000001.1 Leuconostoc lactis strain WIKIM21 contig00001, whole genome shotgun sequence	zr28333_11
zr28333_11_trimmed_1.fastq.gz	CM_UNINA_FFOOD__FFOOD_245__bin.2.fa	10.7273	9.0755	97.72	79.0	NA-NA	HIGH	NA-NA	79	82.149	3204/6553	97.72	1714	NODE_1_length_160535_cov_17.2789_ID_55527	zr28333_11
zr28333_11_trimmed_1.fastq.gz	ODFM-BA-A-0005-002_Lactobacillus_curvatus_WiKim38.fa	6.9252	7.4802	99.5	51.0	NA-NA	HIGH	NA-NA	51	47.061	6864/8010	99.5	1	ODFM-BA-A-0005-002_Lactobacillus_curvatus_WiKim38_NZ_CP017124.1 Lactobacillus curvatus strain WiKim38, complete genome	zr28333_11
zr28333_11_trimmed_1.fastq.gz	LeechJ_xxxx__AF66__bin.13.fa	2.3084	1.6499	99.31	17.0	NA-NA	HIGH	NA-NA	17	16.238	4540/5623	99.31	2	AF66_k141_253	zr28333_11
zr28333_11_trimmed_1.fastq.gz	EBC_082.15.fa	0.9927	2.6	98.92	7.311	NA-NA	HIGH	NA-NA	7	7.311	14620/20483	98.92	55	EBC_082.15_EBC_082_scaffold_602	zr28333_11
zr28333_11_trimmed_1.fastq.gz	LeechJ_2020__ERS3967691__bin.13.fa	0.894	0.9702	97.96	6.583	NA-NA	HIGH	NA-NA	7	6.583	4357/8251	97.96	90	ERS3967691_k141_96	zr28333_11
zr28333_11_trimmed_1.fastq.gz	MAG_501.fa	0.6425	0.8185	99.1	4.731	NA-NA	HIGH	NA-NA	4	4.731	7333/9710	99.1	55	MAG_501_0	zr28333_11
zr28333_11_trimmed_1.fastq.gz	MortensenS_xxxx__WK028-2-L-48h-03A1_S20__bin.5.fa	0.5933	0.5619	99.74	4.369	NA-NA	HIGH	NA-NA	4	4.369	6800/7379	99.74	43	WK028-2-L-48h-03A1_S20_k141_3165	zr28333_11
zr28333_11_trimmed_1.fastq.gz	MAG_183.fa	0.3848	0.9664	98.58	2.834	NA-NA	HIGH	NA-NA	3	2.834	12370/19273	98.58	341	MAG_183_0	zr28333_11
zr28333_11_trimmed_1.fastq.gz	EBC_095.37.fa	0.2436	0.422	99.69	1.794	99.63-99.74	1.794	1.72-1.88	2	2.418	10282/13589	99.1	0	EBC_095.37_EBC_095_scaffold_66	zr28333_11
zr28333_11_trimmed_1.fastq.gz	FontanaF_2023__SRR20746838__bin.11.fa	0.1971	0.2003	98.06	1.452	97.96-98.19	1.452	1.34-1.52	2	2.012	3297/7829	97.25	42	NODE_1_length_180989_cov_16.9995_ID_3968	zr28333_11
zr28333_11_trimmed_1.fastq.gz	MortensenS_xxxx__WK002-1-L-48h-01F6_S30__bin.6.fa	0.1453	0.1434	99.78	1.07	99.69-99.87	1.070	1.01-1.13	1	1.694	4797/7783	98.45	0	WK002-1-L-48h-01F6_S30_k141_2565	zr28333_11
zr28333_11_trimmed_1.fastq.gz	XieM_2019__SAMC044639__bin.32.fa	0.1351	0.3449	99.4	0.995	99.33-99.48	0.995	0.95-1.03	1	1.75	10393/19857	97.93	32	SAMC044639_k141_719	zr28333_11
zr28333_11_trimmed_1.fastq.gz	MAG_116.fa	0.1181	0.0748	96.93	0.87	96.65-97.18	0.870	0.77-0.96	1	1.526	1050/4679	95.29	528	MAG_116_0	zr28333_11
zr28333_11_trimmed_1.fastq.gz	MortensenS_xxxx__WK023-1-L-48h-02G3_S117__bin.1.fa	0.111	0.1236	95.15	0.817	94.81-95.49	0.817	0.72-0.92	1	1.526	1058/8642	93.45	1800	WK023-1-L-48h-02G3_S117_k141_1117	zr28333_11
zr28333_11_trimmed_1.fastq.gz	LeechJ_xxxx__AF73__bin.2.fa	0.1036	0.2488	98.81	0.763	98.69-98.90	0.763	0.72-0.80	1	1.491	6936/18586	96.87	201	AF73_k141_59	zr28333_11
zr28333_11_trimmed_1.fastq.gz	MAG_107.fa	0.0878	0.0623	98.69	0.646	98.45-98.95	0.646	0.58-0.72	1	1.453	1732/5466	96.36	1	MAG_107_0	zr28333_11
zr28333_11_trimmed_1.fastq.gz	LeechJ_xxxx__AF15__bin.4.fa	0.0794	0.1663	95.32	0.585	95.08-95.63	0.585	0.51-0.64	1	1.42	1600/15952	92.85	492	AF15_k141_25	zr28333_11
zr28333_11_trimmed_1.fastq.gz	FontanaF_2023__SRR20746854__bin.2.fa	0.0761	0.1891	96.55	0.56	96.29-96.72	0.560	0.52-0.61	1	1.396	2852/19352	94.01	597	NODE_7_length_112150_cov_14.2384_ID_46122	zr28333_11
zr28333_11_trimmed_1.fastq.gz	CM_UNINA_FFOOD__FFOOD_289__bin.32.fa	0.0547	0.1269	96.47	0.403	96.21-96.73	0.403	0.36-0.44	1	1.256	2028/18296	93.15	538	NODE_38_length_116599_cov_69.9888_ID_20640	zr28333_11
zr28333_11_trimmed_1.fastq.gz	GCF_009913915.1_ASM991391v1_genomic.fa	0.0264	0.0303	97.98	0.194	97.33-98.55	0.194	0.16-0.24	1	1.213	872/8865	92.79	186	GCF_009913915.1_ASM991391v1_genomic_NZ_CP028251.1 Leuconostoc mesenteroides strain SRCM102733 chromosome, complete genome	zr28333_11
zr28333_11_trimmed_1.fastq.gz	MotaGutierrezJ_2021__SRR11602140__bin.22.fa	0.0189	0.0383	96.81	0.139	95.90-97.51	0.139	0.11-0.18	1	1.141	753/15633	90.68	188	NODE_306_length_23997_cov_9.0000_ID_64100	zr28333_11
zr28333_11_trimmed_1.fastq.gz	KharnaiorP_2023__SRR22859377__bin.10.fa	0.0179	0.0269	98.41	0.132	97.73-98.99	0.132	0.11-0.16	1	1.088	884/11722	92.0	3	NODE_8_length_174488_cov_60.9499_ID_127332	zr28333_11
zr28333_11_trimmed_1.fastq.gz	YuY_2022__SRR16950700__bin.23.fa	0.0112	0.0124	97.78	0.083	96.42-99.58	0.083	0.05-0.13	1	1.081	334/8371	90.13	6	NODE_137_length_39565_cov_54.0000_ID_37700	zr28333_11
zr28333_11_trimmed_1.fastq.gz	MAG_45.fa	0.0081	0.0116	97.41	0.06	95.67-100.12	0.060	0.02-0.10	1	1.107	280/10848	88.87	13	MAG_45_0	zr28333_11
zr28333_11_trimmed_1.fastq.gz	CM_UNINA_FFOOD__FFOOD_266__bin.6.fa	0.0066	0.0188	97.97	0.049	96.63-99.52	0.049	0.03-0.07	1	1.02	551/21872	88.8	2	NODE_1_length_400287_cov_21.9997_ID_32608	zr28333_11
zr28333_16_trimmed_1.fastq.gz	GCF_004771075.1_ASM477107v1_genomic.fa	33.2116	23.2041	98.67	154.0	NA-NA	HIGH	NA-NA	154	152.258	6133/9278	98.67	1	GCF_004771075.1_ASM477107v1_genomic_NZ_CP027563.1 Weissella confusa strain VTT E-133279 chromosome, complete genome	zr28333_16
zr28333_16_trimmed_1.fastq.gz	LeechJ_xxxx__AF66__bin.10.fa	26.9575	20.0028	97.81	125.0	NA-NA	HIGH	NA-NA	125	119.212	4954/9849	97.81	2	AF66_k141_123	zr28333_16
zr28333_16_trimmed_1.fastq.gz	EBC_134.5.fa	23.2913	45.6459	95.46	108.0	NA-NA	HIGH	NA-NA	108	93.017	6241/26324	95.46	2906	EBC_134.5_EBC_134_scaffold_561	zr28333_16
zr28333_16_trimmed_1.fastq.gz	GCF_001885995.1_ASM188599v1_genomic.fa	10.5673	7.7343	98.04	49.0	NA-NA	HIGH	NA-NA	49	55.269	5488/10141	98.04	3	GCF_001885995.1_ASM188599v1_genomic_NZ_JXKT01000001.1 Enterococcus italicus DSM 15952 Scaffold1, whole genome shotgun sequence	zr28333_16
zr28333_16_trimmed_1.fastq.gz	MortensenS_xxxx__WK002-1-L-48h-01F6_S30__bin.6.fa	5.8228	3.2528	99.87	27.0	NA-NA	HIGH	NA-NA	27	27.139	7483/7783	99.87	0	WK002-1-L-48h-01F6_S30_k141_2565	zr28333_16
zr28333_16_trimmed_1.fastq.gz	FalardeauJ_2023__SRR20811279__bin.3.fa	0.0717	0.0703	98.69	0.332	98.43-98.94	0.332	0.31-0.36	1	1.163	2571/13589	94.77	0	NODE_1_length_274429_cov_22.9992_ID_7781	zr28333_16
zr28333_16_trimmed_1.fastq.gz	MotaGutierrezJ_2021__SRR11602153__bin.4.fa	0.038	0.048	98.94	0.176	98.54-99.33	0.176	0.16-0.20	1	1.096	2042/17572	93.29	0	NODE_1_length_695767_cov_46.0000_ID_85857	zr28333_16
zr28333_16_trimmed_1.fastq.gz	MAG_312.fa	0.0312	0.0339	98.27	0.145	97.72-98.92	0.145	0.11-0.17	1	1.079	1179/15037	92.12	0	MAG_312_0	zr28333_16
zr28333_16_trimmed_1.fastq.gz	ODFM-BA-A-0139-001_Enterococcus_lactis_CICC_24101.fa	0.0087	0.0078	97.29	0.04	95.19-98.24	0.040	0.03-0.08	1	0.969	225/12230	87.91	28	ODFM-BA-A-0139-001_Enterococcus_lactis_CICC_24101_NZ_WOTS01000010.1 Enterococcus lactis strain CICC 24101 NODE_10_length_82300_cov_4.602353, whole genome shotgun sequence	zr28333_16
zr28333_26_trimmed_1.fastq.gz	MortensenS_xxxx__WK002-1-L-48h-01F6_S30__bin.6.fa	30.6912	19.0711	99.89	331.0	NA-NA	HIGH	NA-NA	331	325.79	7512/7783	99.89	0	WK002-1-L-48h-01F6_S30_k141_2565	zr28333_26
zr28333_26_trimmed_1.fastq.gz	LeechJ_xxxx__AF66__bin.10.fa	21.7898	17.9849	98.06	235.0	NA-NA	HIGH	NA-NA	235	209.673	5369/9849	98.06	5	AF66_k141_123	zr28333_26
zr28333_26_trimmed_1.fastq.gz	GCF_004771075.1_ASM477107v1_genomic.fa	19.4718	15.1329	98.7	210.0	NA-NA	HIGH	NA-NA	210	205.618	6182/9278	98.7	1	GCF_004771075.1_ASM477107v1_genomic_NZ_CP027563.1 Weissella confusa strain VTT E-133279 chromosome, complete genome	zr28333_26
zr28333_26_trimmed_1.fastq.gz	EBC_134.5.fa	18.1736	39.6179	95.96	196.0	NA-NA	HIGH	NA-NA	196	153.534	7328/26324	95.96	3154	EBC_134.5_EBC_134_scaffold_561	zr28333_26
zr28333_26_trimmed_1.fastq.gz	GCF_001885995.1_ASM188599v1_genomic.fa	9.365	7.6244	98.08	101.0	NA-NA	HIGH	NA-NA	101	113.766	5553/10141	98.08	4	GCF_001885995.1_ASM188599v1_genomic_NZ_JXKT01000001.1 Enterococcus italicus DSM 15952 Scaffold1, whole genome shotgun sequence	zr28333_26
zr28333_26_trimmed_1.fastq.gz	FalardeauJ_2023__SRR20811279__bin.3.fa	0.4088	0.446	98.94	4.409	NA-NA	HIGH	NA-NA	4	4.409	9767/13589	98.94	0	NODE_1_length_274429_cov_22.9992_ID_7781	zr28333_26
zr28333_26_trimmed_1.fastq.gz	MAG_312.fa	0.0892	0.108	98.19	0.962	98.06-98.31	0.962	0.91-1.02	1	1.607	5282/15037	96.68	0	MAG_312_0	zr28333_26
zr28333_26_trimmed_1.fastq.gz	MotaGutierrezJ_2021__SRR11602153__bin.4.fa	0.0106	0.0149	98.66	0.114	97.96-99.23	0.114	0.10-0.14	1	1.064	1247/17572	91.82	0	NODE_1_length_695767_cov_46.0000_ID_85857	zr28333_26
zr28333_1_trimmed_1.fastq.gz	MAG_312.fa	18.7173	21.1322	98.93	46.0	NA-NA	HIGH	NA-NA	46	43.441	10765/15037	98.93	0	MAG_312_0	zr28333_1
zr28333_1_trimmed_1.fastq.gz	LeechJ_xxxx__AF73__bin.1.fa	13.4277	18.3695	95.25	33.0	NA-NA	HIGH	NA-NA	33	32.281	3997/18089	95.25	421	AF73_k141_20	zr28333_1
zr28333_1_trimmed_1.fastq.gz	GCF_004771075.1_ASM477107v1_genomic.fa	13.4277	9.7305	98.62	33.0	NA-NA	HIGH	NA-NA	33	33.33	6022/9278	98.62	7	GCF_004771075.1_ASM477107v1_genomic_NZ_CP027563.1 Weissella confusa strain VTT E-133279 chromosome, complete genome	zr28333_1
zr28333_1_trimmed_1.fastq.gz	ODFM-BA-A-0094-002_Leuconostoc_lactis_WIKIM21.fa	8.5449	4.9202	99.46	21.0	NA-NA	HIGH	NA-NA	21	20.954	6354/7507	99.46	0	ODFM-BA-A-0094-002_Leuconostoc_lactis_WIKIM21_NZ_LJIV01000001.1 Leuconostoc lactis strain WIKIM21 contig00001, whole genome shotgun sequence	zr28333_1
zr28333_1_trimmed_1.fastq.gz	LeechJ_xxxx__AF66__bin.13.fa	7.7311	3.2446	99.27	19.0	NA-NA	HIGH	NA-NA	19	18.489	4479/5623	99.27	14	AF66_k141_253	zr28333_1
zr28333_1_trimmed_1.fastq.gz	FontanaF_2023__SRR20746854__bin.2.fa	7.7311	11.2895	99.32	19.0	NA-NA	HIGH	NA-NA	19	19.458	15686/19352	99.32	52	NODE_7_length_112150_cov_14.2384_ID_46122	zr28333_1
zr28333_1_trimmed_1.fastq.gz	EBC_095.37.fa	7.3242	7.45	99.8	18.0	NA-NA	HIGH	NA-NA	18	18.247	12760/13589	99.8	0	EBC_095.37_EBC_095_scaffold_66	zr28333_1
zr28333_1_trimmed_1.fastq.gz	ODFM-BA-A-0148-001_Lactococcus_lactis_subsp._cremoris_LMG6897.fa	6.1035	4.7231	98.82	15.0	NA-NA	HIGH	NA-NA	15	15.124	7037/10183	98.82	61	ODFM-BA-A-0148-001_Lactococcus_lactis_subsp._cremoris_LMG6897_NZ_LISZ01000065.1 Lactococcus lactis subsp. cremoris strain LMG6897 contig_0, whole genome shotgun sequence	zr28333_1
zr28333_1_trimmed_1.fastq.gz	ODFM-BA-A-0139-001_Enterococcus_lactis_CICC_24101.fa	4.7838	4.4842	99.32	11.757	NA-NA	HIGH	NA-NA	12	11.757	9913/12230	99.32	9	ODFM-BA-A-0139-001_Enterococcus_lactis_CICC_24101_NZ_WOTS01000010.1 Enterococcus lactis strain CICC 24101 NODE_10_length_82300_cov_4.602353, whole genome shotgun sequence	zr28333_1
zr28333_1_trimmed_1.fastq.gz	LeechJ_xxxx__AF15__bin.4.fa	4.2911	5.2807	97.67	10.546	NA-NA	HIGH	NA-NA	10	10.546	7679/15952	97.67	57	AF15_k141_25	zr28333_1
zr28333_1_trimmed_1.fastq.gz	LeechJ_xxxx__AF73__bin.2.fa	2.1815	3.0751	98.7	5.361	NA-NA	HIGH	NA-NA	5	5.361	12398/18586	98.7	423	AF73_k141_59	zr28333_1
zr28333_1_trimmed_1.fastq.gz	MAG_183.fa	2.0366	3.0031	99.2	5.005	NA-NA	HIGH	NA-NA	5	5.005	15034/19273	99.2	506	MAG_183_0	zr28333_1
zr28333_1_trimmed_1.fastq.gz	XieM_2019__SAMC044639__bin.32.fa	0.6126	0.9184	99.45	1.505	99.40-99.51	1.505	1.45-1.56	2	2.54	13109/19857	98.67	32	SAMC044639_k141_719	zr28333_1
zr28333_1_trimmed_1.fastq.gz	GCF_009913915.1_ASM991391v1_genomic.fa	0.51	0.3432	98.94	1.253	98.84-99.03	1.253	1.18-1.33	2	1.803	4574/8865	97.89	71	GCF_009913915.1_ASM991391v1_genomic_NZ_CP028251.1 Leuconostoc mesenteroides strain SRCM102733 chromosome, complete genome	zr28333_1
zr28333_1_trimmed_1.fastq.gz	LeechJ_xxxx__AF27__bin.5.fa	0.4165	0.3023	98.78	1.024	98.65-98.92	1.024	0.95-1.08	1	1.708	4208/9593	97.38	3	AF27_k141_52	zr28333_1
zr28333_1_trimmed_1.fastq.gz	YuY_2022__SRR16950700__bin.23.fa	0.3778	0.2446	98.47	0.929	98.32-98.63	0.929	0.87-1.00	1	1.576	3159/8371	96.91	0	NODE_137_length_39565_cov_54.0000_ID_37700	zr28333_1
zr28333_1_trimmed_1.fastq.gz	MAG_116.fa	0.3516	0.1306	97.56	0.864	97.30-97.79	0.864	0.78-0.97	1	1.493	1273/4679	95.89	60	MAG_116_0	zr28333_1
zr28333_1_trimmed_1.fastq.gz	MortensenS_xxxx__WK023-1-L-48h-02G3_S117__bin.1.fa	0.3405	0.2227	96.18	0.837	95.92-96.43	0.837	0.74-0.91	1	1.517	1471/8642	94.45	869	WK023-1-L-48h-02G3_S117_k141_1117	zr28333_1
zr28333_1_trimmed_1.fastq.gz	KharnaiorP_2023__SRR22859377__bin.10.fa	0.2678	0.2363	98.78	0.658	98.61-98.98	0.658	0.61-0.71	1	1.458	3876/11722	96.49	9	NODE_8_length_174488_cov_60.9499_ID_127332	zr28333_1
zr28333_1_trimmed_1.fastq.gz	MASTER_WP4_TEAGASC_1__TGS12-29__bin.6.fa	0.2073	0.1628	97.82	0.51	97.51-98.12	0.510	0.45-0.58	2	3.59	2221/10372	95.15	3032	TGS12-29_k141_701	zr28333_1
zr28333_1_trimmed_1.fastq.gz	EBC_140.10.fa	0.2014	0.2519	98.11	0.495	97.91-98.28	0.495	0.46-0.53	1	1.861	3616/16341	95.25	677	EBC_140.10_EBC_140_scaffold_8	zr28333_1
zr28333_1_trimmed_1.fastq.gz	MotaGutierrezJ_2021__SRR11602153__bin.4.fa	0.1289	0.169	98.33	0.317	98.05-98.62	0.317	0.29-0.35	1	1.182	2832/17572	94.28	5	NODE_1_length_695767_cov_46.0000_ID_85857	zr28333_1
zr28333_1_trimmed_1.fastq.gz	FontanaF_2023__SRR20746851__bin.6.fa	0.0893	0.1517	99.2	0.219	98.93-99.50	0.219	0.20-0.24	1	1.194	3559/22629	94.21	268	NODE_1_length_87421_cov_11.0000_ID_9656	zr28333_1
zr28333_1_trimmed_1.fastq.gz	FontanaF_2023__SRR20746834__bin.2.fa	0.0727	0.0661	98.2	0.179	97.68-98.93	0.179	0.14-0.21	1	1.421	1166/11938	92.77	378	NODE_15_length_59385_cov_11.2996_ID_3067	zr28333_1
zr28333_1_trimmed_1.fastq.gz	YulandiA_2020__SRS6115053__bin.10.fa	0.0438	0.0426	97.51	0.108	96.61-98.46	0.108	0.08-0.14	1	1.282	599/12698	90.62	95	SRS6115053_k141_3360	zr28333_1
zr28333_1_trimmed_1.fastq.gz	YouL_2022__SRR13308520__bin.4.fa	0.0377	0.0238	97.97	0.093	96.67-99.58	0.093	0.05-0.14	1	1.048	399/8244	90.69	3	NODE_37_length_133389_cov_15.7682_ID_27250	zr28333_1
zr28333_1_trimmed_1.fastq.gz	MAG_45.fa	0.0231	0.0193	98.94	0.057	97.24-100.43	0.057	0.03-0.09	1	1.396	432/10848	90.12	48	MAG_45_0	zr28333_1
zr28333_1_trimmed_1.fastq.gz	ODFM-BA-A-0005-002_Lactobacillus_curvatus_WiKim38.fa	0.0189	0.012	96.85	0.047	93.55-97.33	0.047	0.04-0.12	1	1.14	136/8010	87.68	2	ODFM-BA-A-0005-002_Lactobacillus_curvatus_WiKim38_NZ_CP017124.1 Lactobacillus curvatus strain WiKim38, complete genome	zr28333_1
zr28333_6_trimmed_1.fastq.gz	GCF_004771075.1_ASM477107v1_genomic.fa	96.9149	94.6229	98.88	650.0	NA-NA	HIGH	NA-NA	650	612.321	6539/9278	98.88	0	GCF_004771075.1_ASM477107v1_genomic_NZ_CP027563.1 Weissella confusa strain VTT E-133279 chromosome, complete genome	zr28333_6
zr28333_6_trimmed_1.fastq.gz	MotaGutierrezJ_2021__SRR11602153__bin.4.fa	2.8329	5.0056	99.08	19.0	NA-NA	HIGH	NA-NA	19	18.901	13209/17572	99.08	0	NODE_1_length_695767_cov_46.0000_ID_85857	zr28333_6
zr28333_6_trimmed_1.fastq.gz	MAG_312.fa	0.2278	0.3465	98.26	1.528	98.18-98.33	1.528	1.46-1.61	2	2.16	6827/15037	97.48	0	MAG_312_0	zr28333_6
zr28333_6_trimmed_1.fastq.gz	GCF_001885995.1_ASM188599v1_genomic.fa	0.0244	0.025	97.91	0.164	97.29-98.49	0.164	0.13-0.20	1	1.13	803/10141	92.15	1	GCF_001885995.1_ASM188599v1_genomic_NZ_JXKT01000001.1 Enterococcus italicus DSM 15952 Scaffold1, whole genome shotgun sequence	zr28333_6
zr28333_20_trimmed_1.fastq.gz	MortensenS_xxxx__WK023-1-L-48h-02G3_S117__bin.1.fa	26.0802	26.6002	95.85	134.0	NA-NA	HIGH	NA-NA	134	119.154	2324/8642	95.85	2803	WK023-1-L-48h-02G3_S117_k141_1117	zr28333_20
zr28333_20_trimmed_1.fastq.gz	MAG_116.fa	25.8856	15.0015	97.65	133.0	NA-NA	HIGH	NA-NA	133	122.511	2237/4679	97.65	694	MAG_116_0	zr28333_20
zr28333_20_trimmed_1.fastq.gz	KharnaiorP_2023__SRR22859379__bin.8.fa	18.6843	15.1412	99.77	96.0	NA-NA	HIGH	NA-NA	96	91.323	6347/6826	99.77	1	NODE_3_length_161229_cov_37.0000_ID_62026	zr28333_20
zr28333_20_trimmed_1.fastq.gz	ODFM-BA-A-0148-001_Lactococcus_lactis_subsp._cremoris_LMG6897.fa	8.9529	10.8044	98.84	46.0	NA-NA	HIGH	NA-NA	46	49.495	7086/10183	98.84	64	ODFM-BA-A-0148-001_Lactococcus_lactis_subsp._cremoris_LMG6897_NZ_LISZ01000065.1 Lactococcus lactis subsp. cremoris strain LMG6897 contig_0, whole genome shotgun sequence	zr28333_20
zr28333_20_trimmed_1.fastq.gz	GCF_009913915.1_ASM991391v1_genomic.fa	3.1141	3.2684	99.17	16.0	NA-NA	HIGH	NA-NA	16	15.341	6857/8865	99.17	68	GCF_009913915.1_ASM991391v1_genomic_NZ_CP028251.1 Leuconostoc mesenteroides strain SRCM102733 chromosome, complete genome	zr28333_20
zr28333_20_trimmed_1.fastq.gz	LeechJ_xxxx__AF66__bin.13.fa	2.456	1.6074	99.16	12.619	NA-NA	HIGH	NA-NA	13	12.619	4335/5623	99.16	20	AF66_k141_253	zr28333_20
zr28333_20_trimmed_1.fastq.gz	FontanaF_2023__SRR20746854__bin.2.fa	2.4437	5.5651	99.32	12.556	NA-NA	HIGH	NA-NA	12	12.556	15672/19352	99.32	19	NODE_7_length_112150_cov_14.2384_ID_46122	zr28333_20
zr28333_20_trimmed_1.fastq.gz	EBC_134.5.fa	2.2471	7.1234	98.88	11.546	NA-NA	HIGH	NA-NA	11	11.546	18592/26324	98.88	6	EBC_134.5_EBC_134_scaffold_561	zr28333_20
zr28333_20_trimmed_1.fastq.gz	GCF_004771075.1_ASM477107v1_genomic.fa	1.6729	1.8906	98.6	8.595	NA-NA	HIGH	NA-NA	8	8.595	5992/9278	98.6	8	GCF_004771075.1_ASM477107v1_genomic_NZ_CP027563.1 Weissella confusa strain VTT E-133279 chromosome, complete genome	zr28333_20
zr28333_20_trimmed_1.fastq.gz	ODFM-BA-A-0005-002_Lactobacillus_curvatus_WiKim38.fa	1.6085	1.5909	99.3	8.264	NA-NA	HIGH	NA-NA	8	8.264	6438/8010	99.3	2	ODFM-BA-A-0005-002_Lactobacillus_curvatus_WiKim38_NZ_CP017124.1 Lactobacillus curvatus strain WiKim38, complete genome	zr28333_20
zr28333_20_trimmed_1.fastq.gz	LeechJ_xxxx__AF73__bin.1.fa	1.4723	3.1411	95.13	7.565	NA-NA	HIGH	NA-NA	7	7.565	3849/18089	95.13	451	AF73_k141_20	zr28333_20
zr28333_20_trimmed_1.fastq.gz	ODFM-BA-A-0139-001_Enterococcus_lactis_CICC_24101.fa	0.9749	1.4252	99.25	5.009	NA-NA	HIGH	NA-NA	5	5.009	9673/12230	99.25	53	ODFM-BA-A-0139-001_Enterococcus_lactis_CICC_24101_NZ_WOTS01000010.1 Enterococcus lactis strain CICC 24101 NODE_10_length_82300_cov_4.602353, whole genome shotgun sequence	zr28333_20
zr28333_20_trimmed_1.fastq.gz	ODFM-BA-A-0094-002_Leuconostoc_lactis_WIKIM21.fa	0.9613	0.8633	99.02	4.939	NA-NA	HIGH	NA-NA	5	4.939	5533/7507	99.02	125	ODFM-BA-A-0094-002_Leuconostoc_lactis_WIKIM21_NZ_LJIV01000001.1 Leuconostoc lactis strain WIKIM21 contig00001, whole genome shotgun sequence	zr28333_20
zr28333_20_trimmed_1.fastq.gz	MAG_183.fa	0.7479	1.7199	99.06	3.843	NA-NA	HIGH	NA-NA	4	3.843	14361/19273	99.06	474	MAG_183_0	zr28333_20
zr28333_20_trimmed_1.fastq.gz	LeechJ_xxxx__AF73__bin.2.fa	0.6217	1.3666	98.51	3.194	NA-NA	HIGH	NA-NA	3	3.194	11678/18586	98.51	360	AF73_k141_59	zr28333_20
zr28333_20_trimmed_1.fastq.gz	MortensenS_xxxx__WK028-2-L-48h-03A1_S20__bin.5.fa	0.3372	0.2925	99.43	1.733	99.36-99.51	1.733	1.65-1.82	2	2.134	5106/7379	98.82	43	WK028-2-L-48h-03A1_S20_k141_3165	zr28333_20
zr28333_20_trimmed_1.fastq.gz	MortensenS_xxxx__WK002-1-L-48h-01F6_S30__bin.6.fa	0.2812	0.2541	99.77	1.445	99.68-99.86	1.445	1.38-1.53	2	1.367	6063/7783	99.2	0	WK002-1-L-48h-01F6_S30_k141_2565	zr28333_20
zr28333_20_trimmed_1.fastq.gz	LeechJ_xxxx__AF27__bin.5.fa	0.2074	0.2348	97.04	1.066	96.86-97.23	1.066	0.98-1.17	1	1.842	2478/9593	95.73	1	AF27_k141_52	zr28333_20
zr28333_20_trimmed_1.fastq.gz	EBC_095.37.fa	0.1811	0.2873	99.48	0.931	99.38-99.61	0.931	0.88-0.97	1	1.583	7024/13589	97.89	0	EBC_095.37_EBC_095_scaffold_66	zr28333_20
zr28333_20_trimmed_1.fastq.gz	YulandiA_2020__SRS6115053__bin.10.fa	0.1737	0.2635	99.69	0.893	99.59-99.81	0.893	0.85-0.93	1	1.553	6812/12698	98.01	2	SRS6115053_k141_3360	zr28333_20
zr28333_20_trimmed_1.fastq.gz	FontanaF_2023__SRR20746834__bin.2.fa	0.1728	0.2449	98.37	0.888	98.25-98.50	0.888	0.83-0.95	1	1.627	4253/11938	96.73	380	NODE_15_length_59385_cov_11.2996_ID_3067	zr28333_20
zr28333_20_trimmed_1.fastq.gz	MASTER_WP4_TEAGASC_1__TGS12-29__bin.6.fa	0.1501	0.1838	96.49	0.771	96.20-96.68	0.771	0.69-0.85	2	2.613	1852/10372	94.59	3001	TGS12-29_k141_701	zr28333_20
zr28333_20_trimmed_1.fastq.gz	MAG_312.fa	0.1415	0.2491	98.68	0.727	98.55-98.80	0.727	0.69-0.76	1	1.445	5138/15037	96.6	0	MAG_312_0	zr28333_20
zr28333_20_trimmed_1.fastq.gz	XieM_2019__SAMC044639__bin.32.fa	0.1257	0.2939	98.95	0.646	98.83-99.06	0.646	0.62-0.68	1	1.455	6830/19857	96.62	77	SAMC044639_k141_719	zr28333_20
zr28333_20_trimmed_1.fastq.gz	KharnaiorP_2023__SRR22859377__bin.10.fa	0.0736	0.1013	98.28	0.378	98.01-98.58	0.378	0.34-0.41	1	1.241	2168/11722	94.7	35	NODE_8_length_174488_cov_60.9499_ID_127332	zr28333_20
zr28333_20_trimmed_1.fastq.gz	P.1_bin.1.fa	0.0724	0.1665	95.63	0.372	95.28-95.96	0.372	0.33-0.41	1	1.364	1540/19536	92.13	295	P.1_bin.1_k77_21174	zr28333_20
zr28333_20_trimmed_1.fastq.gz	EBC_140.10.fa	0.0715	0.1394	97.96	0.367	97.70-98.23	0.367	0.33-0.40	1	1.283	2659/16341	94.31	525	EBC_140.10_EBC_140_scaffold_8	zr28333_20
zr28333_20_trimmed_1.fastq.gz	MAG_579.fa	0.0419	0.0948	98.35	0.215	97.99-98.74	0.215	0.19-0.24	1	1.302	2241/19121	93.32	708	MAG_579_0	zr28333_20
zr28333_20_trimmed_1.fastq.gz	MAG_45.fa	0.0285	0.0372	98.31	0.146	97.63-98.94	0.146	0.11-0.18	1	1.124	869/10848	92.18	142	MAG_45_0	zr28333_20
zr28333_20_trimmed_1.fastq.gz	FontanaF_2023__SRR20746851__bin.6.fa	0.0181	0.0479	97.16	0.093	96.25-98.07	0.093	0.07-0.12	1	1.332	835/22629	89.9	322	NODE_1_length_87421_cov_11.0000_ID_9656	zr28333_20
zr28333_8_trimmed_1.fastq.gz	LeechJ_xxxx__AF15__bin.4.fa	93.9337	97.4672	98.99	113.0	NA-NA	HIGH	NA-NA	113	126.206	11649/15952	98.99	890	AF15_k141_25	zr28333_8
zr28333_8_trimmed_1.fastq.gz	MAG_107.fa	3.452	1.2126	99.51	4.153	NA-NA	HIGH	NA-NA	8	4.153	4689/5466	99.51	0	MAG_107_0	zr28333_8
zr28333_8_trimmed_1.fastq.gz	MASTER_WP4_CSIC_2__P2619__bin.31.fa	1.3272	0.6469	95.74	1.597	95.55-95.90	1.597	1.44-1.80	2	2.756	1565/7565	95.04	1171	P2619_k141_112	zr28333_8
zr28333_8_trimmed_1.fastq.gz	MASTER_WP4_CSIC_2__P2603__bin.2.fa	1.2871	0.6733	97.55	1.548	97.42-97.69	1.548	1.42-1.67	2	2.627	3031/8308	96.8	0	P2603_k141_86142	zr28333_8
zr28333_5_trimmed_1.fastq.gz	LeechJ_xxxx__AF66__bin.13.fa	60.0906	38.9118	99.5	139.0	NA-NA	HIGH	NA-NA	139	121.809	4818/5623	99.5	0	AF66_k141_253	zr28333_5
zr28333_5_trimmed_1.fastq.gz	MAG_45.fa	22.9123	29.5863	99.71	53.0	NA-NA	HIGH	NA-NA	53	50.133	9913/10848	99.71	0	MAG_45_0	zr28333_5
zr28333_5_trimmed_1.fastq.gz	FontanaF_2023__SRR20746834__bin.2.fa	3.8236	5.362	98.39	8.845	NA-NA	HIGH	NA-NA	8	8.845	7221/11938	98.39	426	NODE_15_length_59385_cov_11.2996_ID_3067	zr28333_5
zr28333_5_trimmed_1.fastq.gz	ODFM-BA-A-0139-001_Enterococcus_lactis_CICC_24101.fa	3.065	4.433	99.37	7.09	NA-NA	HIGH	NA-NA	7	7.09	10043/12230	99.37	33	ODFM-BA-A-0139-001_Enterococcus_lactis_CICC_24101_NZ_WOTS01000010.1 Enterococcus lactis strain CICC 24101 NODE_10_length_82300_cov_4.602353, whole genome shotgun sequence	zr28333_5
zr28333_5_trimmed_1.fastq.gz	EBC_082.15.fa	2.6377	6.2591	99.06	6.102	NA-NA	HIGH	NA-NA	5	6.102	15287/20483	99.06	201	EBC_082.15_EBC_082_scaffold_602	zr28333_5
zr28333_5_trimmed_1.fastq.gz	XieM_2019__SAMC044639__bin.32.fa	2.0229	4.6794	99.58	4.679	NA-NA	HIGH	NA-NA	4	4.679	17439/19857	99.58	0	SAMC044639_k141_719	zr28333_5
zr28333_5_trimmed_1.fastq.gz	EBC_134.5.fa	1.6594	5.2046	98.8	3.839	NA-NA	HIGH	NA-NA	3	3.839	18117/26324	98.8	7	EBC_134.5_EBC_134_scaffold_561	zr28333_5
zr28333_5_trimmed_1.fastq.gz	LeechJ_xxxx__AF66__bin.10.fa	0.509	0.6044	95.48	1.177	95.24-95.60	1.177	1.08-1.32	2	2.786	1651/9849	94.4	3970	AF66_k141_123	zr28333_5
zr28333_5_trimmed_1.fastq.gz	LeechJ_xxxx__AF73__bin.2.fa	0.4725	1.0276	99.12	1.093	99.03-99.21	1.093	1.05-1.13	1	1.791	9528/18586	97.87	59	AF73_k141_59	zr28333_5
zr28333_5_trimmed_1.fastq.gz	MASTER_WP4_TEAGASC_1__TGS12-29__bin.6.fa	0.3811	0.4617	98.3	0.882	98.16-98.47	0.882	0.82-0.93	1	2.161	3611/10372	96.65	3043	TGS12-29_k141_701	zr28333_5
zr28333_5_trimmed_1.fastq.gz	CM_UNINA_FFOOD__FFOOD_256__bin.2.fa	0.3699	0.3728	97.09	0.856	96.81-97.33	0.856	0.76-0.95	2	3.075	1998/8666	95.38	0	NODE_1_length_428318_cov_12.9998_ID_8660	zr28333_5
zr28333_5_trimmed_1.fastq.gz	LeechJ_xxxx__AF27__bin.5.fa	0.3065	0.3433	98.41	0.709	98.21-98.58	0.709	0.66-0.77	1	1.492	2966/9593	96.28	1	AF27_k141_52	zr28333_5
zr28333_5_trimmed_1.fastq.gz	CM_UNINA_FFOOD__FFOOD_226__bin.6.fa	0.2965	0.4482	98.98	0.686	98.85-99.13	0.686	0.65-0.73	1	1.469	4706/12895	96.8	138	NODE_2_length_319059_cov_34.9987_ID_36074	zr28333_5
zr28333_5_trimmed_1.fastq.gz	SEM_41_S58.18.fa	0.2295	0.4248	97.73	0.531	97.53-97.94	0.531	0.49-0.57	1	1.401	3196/15803	94.97	10	SEM_41_S58.18_SEM_41_S58_scaffold_33	zr28333_5
zr28333_5_trimmed_1.fastq.gz	LeechJ_xxxx__AF53__bin.10.fa	0.2225	0.2736	97.38	0.515	97.10-97.65	0.515	0.46-0.56	1	1.379	1848/10440	94.57	88	AF53_k141_67	zr28333_5
zr28333_5_trimmed_1.fastq.gz	EBC_095.37.fa	0.1639	0.2572	99.5	0.379	99.33-99.73	0.379	0.34-0.40	1	1.237	3685/13589	95.88	37	EBC_095.37_EBC_095_scaffold_66	zr28333_5
zr28333_5_trimmed_1.fastq.gz	KharnaiorP_2023__SRR22859377__bin.10.fa	0.16	0.2179	98.7	0.37	98.43-99.06	0.370	0.32-0.40	1	1.51	2584/11722	95.24	118	NODE_8_length_174488_cov_60.9499_ID_127332	zr28333_5
zr28333_5_trimmed_1.fastq.gz	MotaGutierrezJ_2021__SRR11602150__bin.4.fa	0.0959	0.1527	96.11	0.222	95.45-96.53	0.222	0.18-0.28	1	1.122	790/13573	91.23	2	NODE_398_length_32439_cov_10.0000_ID_73648	zr28333_5
zr28333_5_trimmed_1.fastq.gz	YouL_2022__SRR13308526__bin.24.fa	0.0959	0.221	98.07	0.222	97.74-98.44	0.222	0.19-0.25	1	1.203	2203/19793	93.16	198	NODE_37_length_141872_cov_18.1171_ID_20191	zr28333_5
zr28333_5_trimmed_1.fastq.gz	LiZ_2019__SRS3379157__bin.3.fa	0.0701	0.1679	98.07	0.162	97.58-98.57	0.162	0.13-0.19	1	1.198	1802/20657	92.43	591	SRS3379157_k141_320	zr28333_5
zr28333_5_trimmed_1.fastq.gz	EBC_080.1.fa	0.0626	0.1501	98.68	0.145	98.25-99.06	0.145	0.13-0.17	1	1.127	1846/20501	92.53	107	EBC_080.1_EBC_080_scaffold_1281	zr28333_5
zr28333_5_trimmed_1.fastq.gz	YulandiA_2020__SRS6115053__bin.10.fa	0.061	0.0915	98.06	0.141	97.31-98.82	0.141	0.11-0.17	1	1.142	962/12698	92.01	231	SRS6115053_k141_3360	zr28333_5
zr28333_5_trimmed_1.fastq.gz	LeechJ_xxxx__AF15__bin.4.fa	0.0567	0.1076	95.33	0.131	94.21-96.67	0.131	0.09-0.19	1	1.1	450/15952	89.13	184	AF15_k141_25	zr28333_5
zr28333_5_trimmed_1.fastq.gz	MAG_107.fa	0.0562	0.0361	98.21	0.13	97.35-99.15	0.130	0.09-0.17	1	1.089	381/5466	91.77	49	MAG_107_0	zr28333_5
zr28333_5_trimmed_1.fastq.gz	LopezSanchezR_2023__SRR13708567__bin.13.fa	0.0536	0.0618	96.69	0.124	95.51-97.59	0.124	0.09-0.18	1	1.102	402/9786	90.21	0	NODE_203_length_18705_cov_7.0000_ID_55160	zr28333_5
zr28333_5_trimmed_1.fastq.gz	ODFM-BA-A-0005-002_Lactobacillus_curvatus_WiKim38.fa	0.0492	0.0482	98.81	0.114	97.82-99.62	0.114	0.08-0.16	1	1.052	595/8010	91.96	0	ODFM-BA-A-0005-002_Lactobacillus_curvatus_WiKim38_NZ_CP017124.1 Lactobacillus curvatus strain WiKim38, complete genome	zr28333_5
zr28333_5_trimmed_1.fastq.gz	LeechJ_2020__ERS3967741__bin.4.fa	0.0313	0.0369	95.05	0.072	92.82-96.52	0.072	0.04-0.13	1	1.062	145/9997	87.24	64	ERS3967741_k141_1495	zr28333_5
zr28333_5_trimmed_1.fastq.gz	KharnaiorP_2023__SRR22859379__bin.8.fa	0.0275	0.0221	96.98	0.064	94.53-98.23	0.064	0.04-0.14	1	1.043	164/6826	88.67	4	NODE_3_length_161229_cov_37.0000_ID_62026	zr28333_5
zr28333_5_trimmed_1.fastq.gz	LeechJ_xxxx__AF52__bin.1.fa	0.017	0.0363	97.94	0.039	95.92-99.47	0.039	0.02-0.07	1	1.041	365/17995	88.18	1	AF52_k141_89	zr28333_5
zr28333_18_trimmed_1.fastq.gz	LeechJ_xxxx__AF66__bin.10.fa	60.2375	49.9025	98.71	141.0	NA-NA	HIGH	NA-NA	141	123.718	6589/9849	98.71	4	AF66_k141_123	zr28333_18
zr28333_18_trimmed_1.fastq.gz	MAG_107.fa	14.9526	6.7055	99.53	35.0	NA-NA	HIGH	NA-NA	35	40.038	4716/5466	99.53	0	MAG_107_0	zr28333_18
zr28333_18_trimmed_1.fastq.gz	EBC_134.5.fa	12.8165	28.0427	97.64	30.0	NA-NA	HIGH	NA-NA	30	75.535	12563/26324	97.64	3916	EBC_134.5_EBC_134_scaffold_561	zr28333_18
zr28333_18_trimmed_1.fastq.gz	LeechJ_xxxx__AF15__bin.4.fa	10.6804	14.148	98.97	25.0	NA-NA	HIGH	NA-NA	25	25.107	11568/15952	98.97	889	AF15_k141_25	zr28333_18
zr28333_18_trimmed_1.fastq.gz	MASTER_WP4_CSIC_2__P2619__bin.31.fa	0.4775	0.2972	95.1	1.118	94.85-95.35	1.118	0.98-1.25	2	1.857	1071/7565	93.89	855	P2619_k141_112	zr28333_18
zr28333_18_trimmed_1.fastq.gz	MASTER_WP4_CSIC_2__P2603__bin.2.fa	0.4625	0.3089	96.98	1.083	96.80-97.17	1.083	1.00-1.17	1	1.814	2124/8308	95.7	1	P2603_k141_86142	zr28333_18
zr28333_18_trimmed_1.fastq.gz	XieM_2019__SAMC044639__bin.32.fa	0.3411	0.5504	98.76	0.798	98.65-98.87	0.798	0.76-0.83	1	1.467	7425/19857	96.88	0	SAMC044639_k141_719	zr28333_18
zr28333_18_trimmed_1.fastq.gz	MotaGutierrezJ_2021__SRR11602153__bin.4.fa	0.0205	0.029	95.74	0.048	93.39-97.26	0.048	0.03-0.11	1	1.037	216/17572	86.77	2	NODE_1_length_695767_cov_46.0000_ID_85857	zr28333_18
zr28333_18_trimmed_1.fastq.gz	LeechJ_xxxx__AF63__bin.4.fa	0.0113	0.0159	97.84	0.027	95.18-98.08	0.027	0.03-0.05	1	1.013	229/17208	86.99	3	AF63_k141_143	zr28333_18
zr28333_10_trimmed_1.fastq.gz	ODFM-BA-A-0148-001_Lactococcus_lactis_subsp._cremoris_LMG6897.fa	16.7255	15.3894	98.84	54.0	NA-NA	HIGH	NA-NA	54	55.875	7090/10183	98.84	63	ODFM-BA-A-0148-001_Lactococcus_lactis_subsp._cremoris_LMG6897_NZ_LISZ01000065.1 Lactococcus lactis subsp. cremoris strain LMG6897 contig_0, whole genome shotgun sequence	zr28333_10
zr28333_10_trimmed_1.fastq.gz	MAG_116.fa	15.4865	6.8428	98.25	50.0	NA-NA	HIGH	NA-NA	50	47.583	2711/4679	98.25	78	MAG_116_0	zr28333_10
zr28333_10_trimmed_1.fastq.gz	MortensenS_xxxx__WK023-1-L-48h-02G3_S117__bin.1.fa	15.4865	12.0429	96.73	50.0	NA-NA	HIGH	NA-NA	50	46.455	3088/8642	96.73	1732	WK023-1-L-48h-02G3_S117_k141_1117	zr28333_10
zr28333_10_trimmed_1.fastq.gz	FontanaF_2023__SRR20746854__bin.2.fa	9.9114	17.2093	99.24	32.0	NA-NA	HIGH	NA-NA	32	32.902	15277/19352	99.24	491	NODE_7_length_112150_cov_14.2384_ID_46122	zr28333_10
zr28333_10_trimmed_1.fastq.gz	GCF_009913915.1_ASM991391v1_genomic.fa	7.1238	5.7006	99.22	23.0	NA-NA	HIGH	NA-NA	23	22.436	6962/8865	99.22	94	GCF_009913915.1_ASM991391v1_genomic_NZ_CP028251.1 Leuconostoc mesenteroides strain SRCM102733 chromosome, complete genome	zr28333_10
zr28333_10_trimmed_1.fastq.gz	LeechJ_xxxx__AF73__bin.1.fa	6.8141	11.084	95.5	22.0	NA-NA	HIGH	NA-NA	22	22.024	4336/18089	95.5	451	AF73_k141_20	zr28333_10
zr28333_10_trimmed_1.fastq.gz	GCF_004771075.1_ASM477107v1_genomic.fa	4.9557	4.27	98.6	16.0	NA-NA	HIGH	NA-NA	16	16.591	5999/9278	98.6	7	GCF_004771075.1_ASM477107v1_genomic_NZ_CP027563.1 Weissella confusa strain VTT E-133279 chromosome, complete genome	zr28333_10
zr28333_10_trimmed_1.fastq.gz	ODFM-BA-A-0094-002_Leuconostoc_lactis_WIKIM21.fa	3.6922	2.5279	99.28	11.921	NA-NA	HIGH	NA-NA	13	11.921	5993/7507	99.28	49	ODFM-BA-A-0094-002_Leuconostoc_lactis_WIKIM21_NZ_LJIV01000001.1 Leuconostoc lactis strain WIKIM21 contig00001, whole genome shotgun sequence	zr28333_10
zr28333_10_trimmed_1.fastq.gz	MAG_183.fa	3.6495	6.3988	99.41	11.783	NA-NA	HIGH	NA-NA	12	11.783	16048/19273	99.41	24	MAG_183_0	zr28333_10
zr28333_10_trimmed_1.fastq.gz	LeechJ_xxxx__AF66__bin.13.fa	2.6062	1.3005	99.15	8.415	NA-NA	HIGH	NA-NA	9	8.415	4316/5623	99.15	20	AF66_k141_253	zr28333_10
zr28333_10_trimmed_1.fastq.gz	ODFM-BA-A-0139-001_Enterococcus_lactis_CICC_24101.fa	2.5639	2.8576	99.36	8.278	NA-NA	HIGH	NA-NA	8	8.278	10038/12230	99.36	54	ODFM-BA-A-0139-001_Enterococcus_lactis_CICC_24101_NZ_WOTS01000010.1 Enterococcus lactis strain CICC 24101 NODE_10_length_82300_cov_4.602353, whole genome shotgun sequence	zr28333_10
zr28333_10_trimmed_1.fastq.gz	LeechJ_xxxx__AF73__bin.2.fa	2.2525	3.7754	98.74	7.272	NA-NA	HIGH	NA-NA	7	7.272	12530/18586	98.74	433	AF73_k141_59	zr28333_10
zr28333_10_trimmed_1.fastq.gz	ODFM-BA-A-0005-002_Lactobacillus_curvatus_WiKim38.fa	1.5731	1.1863	99.23	5.079	NA-NA	HIGH	NA-NA	5	5.079	6301/8010	99.23	1	ODFM-BA-A-0005-002_Lactobacillus_curvatus_WiKim38_NZ_CP017124.1 Lactobacillus curvatus strain WiKim38, complete genome	zr28333_10
zr28333_10_trimmed_1.fastq.gz	EBC_095.37.fa	1.1831	1.4309	99.54	3.82	NA-NA	HIGH	NA-NA	4	3.82	11797/13589	99.54	0	EBC_095.37_EBC_095_scaffold_66	zr28333_10
zr28333_10_trimmed_1.fastq.gz	EBC_134.5.fa	1.1384	2.7514	98.47	3.675	NA-NA	HIGH	NA-NA	3	3.675	16326/26324	98.47	6	EBC_134.5_EBC_134_scaffold_561	zr28333_10
zr28333_10_trimmed_1.fastq.gz	KharnaiorP_2023__SRR22859379__bin.8.fa	1.0222	0.6316	99.29	3.3	NA-NA	HIGH	NA-NA	3	3.3	5469/6826	99.29	6	NODE_3_length_161229_cov_37.0000_ID_62026	zr28333_10
zr28333_10_trimmed_1.fastq.gz	MAG_312.fa	0.5753	0.7723	98.9	1.857	98.84-98.96	1.857	1.77-1.94	2	2.647	9010/15037	98.36	0	MAG_312_0	zr28333_10
zr28333_10_trimmed_1.fastq.gz	YulandiA_2020__SRS6115053__bin.10.fa	0.5298	0.6127	99.7	1.711	99.64-99.75	1.711	1.65-1.78	2	2.148	9470/12698	99.06	0	SRS6115053_k141_3360	zr28333_10
zr28333_10_trimmed_1.fastq.gz	MortensenS_xxxx__WK028-2-L-48h-03A1_S20__bin.5.fa	0.5039	0.3332	99.48	1.627	99.39-99.55	1.627	1.53-1.72	2	2.058	5076/7379	98.8	0	WK028-2-L-48h-03A1_S20_k141_3165	zr28333_10
zr28333_10_trimmed_1.fastq.gz	XieM_2019__SAMC044639__bin.32.fa	0.413	0.7362	99.38	1.333	99.30-99.43	1.333	1.29-1.40	2	2.366	12087/19857	98.41	61	SAMC044639_k141_719	zr28333_10
zr28333_10_trimmed_1.fastq.gz	LeechJ_xxxx__AF27__bin.5.fa	0.3976	0.3431	99.09	1.284	98.96-99.20	1.284	1.20-1.38	2	3.738	5229/9593	98.06	1	AF27_k141_52	zr28333_10
zr28333_10_trimmed_1.fastq.gz	P.1_bin.1.fa	0.2265	0.3973	95.54	0.731	95.31-95.73	0.731	0.67-0.79	1	1.473	2513/19536	93.6	359	P.1_bin.1_k77_21174	zr28333_10
zr28333_10_trimmed_1.fastq.gz	EBC_140.10.fa	0.1975	0.2937	98.98	0.638	98.84-99.13	0.638	0.60-0.67	1	1.581	5633/16341	96.62	660	EBC_140.10_EBC_140_scaffold_8	zr28333_10
zr28333_10_trimmed_1.fastq.gz	MASTER_WP4_TEAGASC_1__TGS12-29__bin.6.fa	0.1686	0.1574	98.14	0.544	97.88-98.40	0.544	0.49-0.60	2	3.335	2468/10372	95.47	3056	TGS12-29_k141_701	zr28333_10
zr28333_10_trimmed_1.fastq.gz	FontanaF_2023__SRR20746834__bin.2.fa	0.1655	0.1788	98.22	0.534	98.03-98.44	0.534	0.48-0.57	1	1.528	2860/11938	95.5	399	NODE_15_length_59385_cov_11.2996_ID_3067	zr28333_10
zr28333_10_trimmed_1.fastq.gz	KharnaiorP_2023__SRR22859377__bin.10.fa	0.1619	0.1699	98.43	0.523	98.24-98.67	0.523	0.47-0.56	1	1.348	2929/11722	95.63	64	NODE_8_length_174488_cov_60.9499_ID_127332	zr28333_10
zr28333_10_trimmed_1.fastq.gz	MortensenS_xxxx__WK002-1-L-48h-01F6_S30__bin.6.fa	0.133	0.0917	98.8	0.43	98.43-99.15	0.430	0.38-0.47	1	1.152	2269/7783	96.1	1452	WK002-1-L-48h-01F6_S30_k141_2565	zr28333_10
zr28333_10_trimmed_1.fastq.gz	MAG_579.fa	0.1281	0.2207	98.58	0.413	98.39-98.77	0.413	0.38-0.44	1	1.315	4237/19121	95.26	755	MAG_579_0	zr28333_10
zr28333_10_trimmed_1.fastq.gz	MAG_45.fa	0.0641	0.0638	99.16	0.207	98.72-99.65	0.207	0.18-0.24	1	1.173	1563/10848	93.94	156	MAG_45_0	zr28333_10
zr28333_10_trimmed_1.fastq.gz	LeechJ_xxxx__AF15__bin.4.fa	0.0553	0.0809	96.98	0.179	96.36-97.47	0.179	0.15-0.22	1	1.177	1016/15952	91.5	166	AF15_k141_25	zr28333_10
zr28333_10_trimmed_1.fastq.gz	FontanaF_2023__SRR20746851__bin.6.fa	0.0493	0.0997	99.02	0.159	98.68-99.38	0.159	0.14-0.18	1	1.221	2533/22629	93.18	277	NODE_1_length_87421_cov_11.0000_ID_9656	zr28333_10
zr28333_10_trimmed_1.fastq.gz	CM_UNINA_FFOOD__FFOOD_277__bin.12.fa	0.024	0.0383	97.28	0.078	96.28-98.49	0.078	0.05-0.10	1	1.726	569/17824	89.48	70	NODE_4_length_117675_cov_11.9994_ID_3948	zr28333_10
zr28333_10_trimmed_1.fastq.gz	MAG_107.fa	0.022	0.0109	98.12	0.071	96.40-100.03	0.071	0.03-0.12	1	1.111	208/5466	89.99	49	MAG_107_0	zr28333_10
zr28333_29_trimmed_1.fastq.gz	MortensenS_xxxx__WK023-1-L-48h-02G3_S117__bin.1.fa	28.5072	32.0399	95.91	192.0	NA-NA	HIGH	NA-NA	192	163.968	2370/8642	95.91	2835	WK023-1-L-48h-02G3_S117_k141_1117	zr28333_29
zr28333_29_trimmed_1.fastq.gz	MAG_116.fa	28.3588	18.1102	97.65	191.0	NA-NA	HIGH	NA-NA	191	173.353	2237/4679	97.65	693	MAG_116_0	zr28333_29
zr28333_29_trimmed_1.fastq.gz	KharnaiorP_2023__SRR22859379__bin.8.fa	19.3018	17.2362	99.77	130.0	NA-NA	HIGH	NA-NA	130	120.745	6353/6826	99.77	0	NODE_3_length_161229_cov_37.0000_ID_62026	zr28333_29
zr28333_29_trimmed_1.fastq.gz	ODFM-BA-A-0148-001_Lactococcus_lactis_subsp._cremoris_LMG6897.fa	6.8299	9.0826	98.83	46.0	NA-NA	HIGH	NA-NA	46	47.27	7079/10183	98.83	71	ODFM-BA-A-0148-001_Lactococcus_lactis_subsp._cremoris_LMG6897_NZ_LISZ01000065.1 Lactococcus lactis subsp. cremoris strain LMG6897 contig_0, whole genome shotgun sequence	zr28333_29
zr28333_29_trimmed_1.fastq.gz	LeechJ_xxxx__AF66__bin.13.fa	4.6027	3.3196	99.2	31.0	NA-NA	HIGH	NA-NA	31	33.129	4387/5623	99.2	20	AF66_k141_253	zr28333_29
zr28333_29_trimmed_1.fastq.gz	GCF_009913915.1_ASM991391v1_genomic.fa	2.821	3.2627	99.2	19.0	NA-NA	HIGH	NA-NA	19	17.776	6913/8865	99.2	69	GCF_009913915.1_ASM991391v1_genomic_NZ_CP028251.1 Leuconostoc mesenteroides strain SRCM102733 chromosome, complete genome	zr28333_29
zr28333_29_trimmed_1.fastq.gz	GCF_004771075.1_ASM477107v1_genomic.fa	1.8639	2.3212	98.6	12.554	NA-NA	HIGH	NA-NA	12	12.554	5996/9278	98.6	8	GCF_004771075.1_ASM477107v1_genomic_NZ_CP027563.1 Weissella confusa strain VTT E-133279 chromosome, complete genome	zr28333_29
zr28333_29_trimmed_1.fastq.gz	ODFM-BA-A-0005-002_Lactobacillus_curvatus_WiKim38.fa	1.7099	1.8637	99.34	11.516	NA-NA	HIGH	NA-NA	12	11.516	6516/8010	99.34	2	ODFM-BA-A-0005-002_Lactobacillus_curvatus_WiKim38_NZ_CP017124.1 Lactobacillus curvatus strain WiKim38, complete genome	zr28333_29
zr28333_29_trimmed_1.fastq.gz	FontanaF_2023__SRR20746854__bin.2.fa	1.4574	3.6572	99.23	9.816	NA-NA	HIGH	NA-NA	9	9.816	15209/19352	99.23	465	NODE_7_length_112150_cov_14.2384_ID_46122	zr28333_29
zr28333_29_trimmed_1.fastq.gz	EBC_134.5.fa	0.9926	3.4673	98.87	6.685	NA-NA	HIGH	NA-NA	6	6.685	18495/26324	98.87	6	EBC_134.5_EBC_134_scaffold_561	zr28333_29
zr28333_29_trimmed_1.fastq.gz	ODFM-BA-A-0139-001_Enterococcus_lactis_CICC_24101.fa	0.9598	1.5461	99.33	6.464	NA-NA	HIGH	NA-NA	6	6.464	9920/12230	99.33	53	ODFM-BA-A-0139-001_Enterococcus_lactis_CICC_24101_NZ_WOTS01000010.1 Enterococcus lactis strain CICC 24101 NODE_10_length_82300_cov_4.602353, whole genome shotgun sequence	zr28333_29
zr28333_29_trimmed_1.fastq.gz	ODFM-BA-A-0094-002_Leuconostoc_lactis_WIKIM21.fa	0.7879	0.7797	99.13	5.307	NA-NA	HIGH	NA-NA	5	5.307	5722/7507	99.13	125	ODFM-BA-A-0094-002_Leuconostoc_lactis_WIKIM21_NZ_LJIV01000001.1 Leuconostoc lactis strain WIKIM21 contig00001, whole genome shotgun sequence	zr28333_29
zr28333_29_trimmed_1.fastq.gz	MAG_183.fa	0.292	0.74	99.33	1.967	99.16-99.37	1.967	1.89-2.35	2	2.833	13532/19273	98.87	24	MAG_183_0	zr28333_29
zr28333_29_trimmed_1.fastq.gz	LeechJ_xxxx__AF73__bin.2.fa	0.26	0.6299	98.76	1.751	98.71-98.81	1.751	1.69-1.82	2	2.3	10427/18586	98.15	354	AF73_k141_59	zr28333_29
zr28333_29_trimmed_1.fastq.gz	MortensenS_xxxx__WK002-1-L-48h-01F6_S30__bin.6.fa	0.2378	0.2368	99.36	1.602	NA-NA	HIGH	NA-NA	3	1.602	6379/7783	99.36	43	WK002-1-L-48h-01F6_S30_k141_2565	zr28333_29
zr28333_29_trimmed_1.fastq.gz	MortensenS_xxxx__WK028-2-L-48h-03A1_S20__bin.5.fa	0.1878	0.1795	99.62	1.265	99.52-99.68	1.265	1.21-1.34	2	1.901	4742/7379	98.58	0	WK028-2-L-48h-03A1_S20_k141_3165	zr28333_29
zr28333_29_trimmed_1.fastq.gz	YulandiA_2020__SRS6115053__bin.10.fa	0.1502	0.251	99.7	1.012	99.61-99.79	1.012	0.97-1.05	1	1.625	7378/12698	98.26	2	SRS6115053_k141_3360	zr28333_29
zr28333_29_trimmed_1.fastq.gz	MAG_312.fa	0.0898	0.1742	98.82	0.605	98.65-98.96	0.605	0.57-0.64	1	1.368	4718/15037	96.33	0	MAG_312_0	zr28333_29
zr28333_29_trimmed_1.fastq.gz	EBC_095.37.fa	0.0895	0.1565	99.61	0.603	99.45-99.76	0.603	0.57-0.64	1	1.4	5460/13589	97.1	0	EBC_095.37_EBC_095_scaffold_66	zr28333_29
zr28333_29_trimmed_1.fastq.gz	XieM_2019__SAMC044639__bin.32.fa	0.0794	0.2045	98.89	0.535	98.76-99.01	0.535	0.50-0.56	1	1.373	5814/19857	96.12	72	SAMC044639_k141_719	zr28333_29
zr28333_29_trimmed_1.fastq.gz	FontanaF_2023__SRR20746834__bin.2.fa	0.0758	0.1184	98.66	0.511	98.44-98.89	0.511	0.47-0.55	1	1.474	3184/11938	95.83	368	NODE_15_length_59385_cov_11.2996_ID_3067	zr28333_29
zr28333_29_trimmed_1.fastq.gz	MASTER_WP4_TEAGASC_1__TGS12-29__bin.6.fa	0.0749	0.101	97.9	0.504	97.55-98.22	0.504	0.44-0.57	2	3.077	2146/10372	95.04	3042	TGS12-29_k141_701	zr28333_29
zr28333_29_trimmed_1.fastq.gz	P.1_bin.1.fa	0.0702	0.1779	95.22	0.473	94.95-95.60	0.473	0.41-0.52	1	1.399	1615/19536	92.27	263	P.1_bin.1_k77_21174	zr28333_29
zr28333_29_trimmed_1.fastq.gz	KharnaiorP_2023__SRR22859377__bin.10.fa	0.0686	0.104	98.42	0.462	98.19-98.71	0.462	0.41-0.50	1	1.284	2660/11722	95.33	45	NODE_8_length_174488_cov_60.9499_ID_127332	zr28333_29
zr28333_29_trimmed_1.fastq.gz	EBC_140.10.fa	0.0463	0.0994	98.62	0.312	98.34-98.94	0.312	0.28-0.34	1	1.254	2844/16341	94.52	499	EBC_140.10_EBC_140_scaffold_8	zr28333_29
zr28333_29_trimmed_1.fastq.gz	LeechJ_xxxx__AF27__bin.5.fa	0.0397	0.0495	96.35	0.267	95.70-96.79	0.267	0.22-0.33	1	1.161	710/9593	91.94	1	AF27_k141_52	zr28333_29
zr28333_29_trimmed_1.fastq.gz	MAG_579.fa	0.0246	0.0613	98.08	0.166	97.63-98.51	0.166	0.14-0.19	1	1.352	1611/19121	92.33	697	MAG_579_0	zr28333_29
zr28333_29_trimmed_1.fastq.gz	MAG_45.fa	0.0207	0.0298	99.15	0.14	98.40-99.77	0.140	0.11-0.18	1	1.093	1084/10848	92.84	157	MAG_45_0	zr28333_29
zr28333_13_trimmed_1.fastq.gz	LeechJ_2020__ERS3967691__bin.13.fa	89.1295	83.0653	98.28	306.0	NA-NA	HIGH	NA-NA	306	252.881	4819/8251	98.28	198	ERS3967691_k141_96	zr28333_13
zr28333_13_trimmed_1.fastq.gz	GCF_004771075.1_ASM477107v1_genomic.fa	5.5342	5.8652	98.5	19.0	NA-NA	HIGH	NA-NA	19	17.883	5799/9278	98.5	0	GCF_004771075.1_ASM477107v1_genomic_NZ_CP027563.1 Weissella confusa strain VTT E-133279 chromosome, complete genome	zr28333_13
zr28333_13_trimmed_1.fastq.gz	EBC_082.15.fa	2.8621	6.4373	98.18	9.826	NA-NA	HIGH	NA-NA	10	9.826	11580/20483	98.18	176	EBC_082.15_EBC_082_scaffold_602	zr28333_13
zr28333_13_trimmed_1.fastq.gz	XieM_2019__SAMC044639__bin.32.fa	1.2389	2.7164	99.41	4.253	NA-NA	HIGH	NA-NA	4	4.253	16549/19857	99.41	0	SAMC044639_k141_719	zr28333_13
zr28333_13_trimmed_1.fastq.gz	KharnaiorP_2023__SRR22859379__bin.8.fa	0.2287	0.1738	98.95	0.785	98.71-99.15	0.785	0.72-0.85	1	1.438	2676/6826	97.02	1	NODE_3_length_161229_cov_37.0000_ID_62026	zr28333_13
zr28333_13_trimmed_1.fastq.gz	EBC_134.5.fa	0.2098	0.6238	98.55	0.72	98.45-98.64	0.720	0.69-0.76	1	1.457	8608/26324	96.46	0	EBC_134.5_EBC_134_scaffold_561	zr28333_13
zr28333_13_trimmed_1.fastq.gz	MASTER_WP4_TEAGASC_1__TGS12-29__bin.6.fa	0.1701	0.1953	99.18	0.584	99.03-99.38	0.584	0.54-0.62	1	1.354	3559/10372	96.61	0	TGS12-29_k141_701	zr28333_13
zr28333_13_trimmed_1.fastq.gz	SEM_41_S58.18.fa	0.1354	0.2376	97.99	0.465	97.82-98.26	0.465	0.42-0.50	1	1.285	3136/15803	94.92	4	SEM_41_S58.18_SEM_41_S58_scaffold_33	zr28333_13
zr28333_13_trimmed_1.fastq.gz	ODFM-BA-A-0139-001_Enterococcus_lactis_CICC_24101.fa	0.1027	0.1408	97.52	0.353	97.16-97.88	0.353	0.31-0.39	1	1.223	1694/12230	93.82	1497	ODFM-BA-A-0139-001_Enterococcus_lactis_CICC_24101_NZ_WOTS01000010.1 Enterococcus lactis strain CICC 24101 NODE_10_length_82300_cov_4.602353, whole genome shotgun sequence	zr28333_13
zr28333_13_trimmed_1.fastq.gz	LeechJ_xxxx__AF66__bin.13.fa	0.0926	0.0568	98.16	0.318	97.57-98.65	0.318	0.27-0.38	1	1.171	861/5623	94.13	8	AF66_k141_253	zr28333_13
zr28333_13_trimmed_1.fastq.gz	LeechJ_xxxx__AF73__bin.1.fa	0.0799	0.1599	98.75	0.274	98.43-99.07	0.274	0.25-0.30	1	1.295	3027/18089	94.4	25	AF73_k141_20	zr28333_13
zr28333_13_trimmed_1.fastq.gz	CM_UNINA_FFOOD__FFOOD_425__bin.9.fa	0.0765	0.0681	98.8	0.263	98.24-99.24	0.263	0.22-0.31	1	1.138	1281/8063	94.24	24	NODE_1_length_598382_cov_75.9985_ID_32759	zr28333_13
zr28333_13_trimmed_1.fastq.gz	CM_UNINA_FFOOD__FFOOD_226__bin.6.fa	0.0553	0.0793	99.38	0.19	98.93-99.75	0.190	0.17-0.22	1	1.11	1839/12895	93.91	73	NODE_2_length_319059_cov_34.9987_ID_36074	zr28333_13
zr28333_13_trimmed_1.fastq.gz	FontanaF_2023__SRR20746854__bin.2.fa	0.0484	0.1033	95.46	0.166	94.74-96.20	0.166	0.12-0.21	1	1.298	741/19352	90.01	230	NODE_7_length_112150_cov_14.2384_ID_46122	zr28333_13
zr28333_13_trimmed_1.fastq.gz	P.1_bin.1.fa	0.0358	0.0773	96.18	0.123	95.31-96.89	0.123	0.09-0.16	1	1.277	698/19536	89.81	163	P.1_bin.1_k77_21174	zr28333_13
zr28333_9_trimmed_1.fastq.gz	FontanaF_2023__SRR20746854__bin.2.fa	59.1345	63.1009	97.01	123.0	NA-NA	HIGH	NA-NA	123	116.601	7541/19352	97.01	238	NODE_7_length_112150_cov_14.2384_ID_46122	zr28333_9
zr28333_9_trimmed_1.fastq.gz	MAG_19.fa	8.6538	10.8397	99.42	18.0	NA-NA	HIGH	NA-NA	18	17.892	19096/22889	99.42	0	MAG_19_0	zr28333_9
zr28333_9_trimmed_1.fastq.gz	EBC_134.5.fa	5.8681	8.7161	98.99	12.206	NA-NA	HIGH	NA-NA	12	12.206	19226/26324	98.99	0	EBC_134.5_EBC_134_scaffold_561	zr28333_9
zr28333_9_trimmed_1.fastq.gz	LeechJ_xxxx__AF15__bin.4.fa	5.3995	4.8555	99.37	11.231	NA-NA	HIGH	NA-NA	11	11.231	13097/15952	99.37	11	AF15_k141_25	zr28333_9
zr28333_9_trimmed_1.fastq.gz	YulandiA_2020__SRS6115052__bin.21.fa	3.9817	1.7657	98.52	8.282	NA-NA	HIGH	NA-NA	9	8.282	5004/7955	98.52	5	SRS6115052_k141_129	zr28333_9
zr28333_9_trimmed_1.fastq.gz	MortensenS_xxxx__WK002-1-L-48h-01F6_S30__bin.6.fa	3.3488	1.4178	99.8	6.965	NA-NA	HIGH	NA-NA	7	6.965	7320/7783	99.8	0	WK002-1-L-48h-01F6_S30_k141_2565	zr28333_9
zr28333_9_trimmed_1.fastq.gz	MASTER_WP4_TEAGASC_1__TGS12-29__bin.6.fa	3.1388	1.8007	99.24	6.529	NA-NA	HIGH	NA-NA	6	6.529	8200/10372	99.24	16	TGS12-29_k141_701	zr28333_9
zr28333_9_trimmed_1.fastq.gz	LeechJ_xxxx__AF66__bin.10.fa	3.094	1.74	96.09	6.436	NA-NA	HIGH	NA-NA	5	6.436	2856/9849	96.09	4158	AF66_k141_123	zr28333_9
zr28333_9_trimmed_1.fastq.gz	YulandiA_2020__SRS6115053__bin.10.fa	2.7309	1.9408	99.84	5.68	NA-NA	HIGH	NA-NA	5	5.68	12087/12698	99.84	0	SRS6115053_k141_3360	zr28333_9
zr28333_9_trimmed_1.fastq.gz	P.1_bin.1.fa	1.5938	1.7183	96.37	3.315	NA-NA	HIGH	NA-NA	3	3.315	6212/19536	96.37	214	P.1_bin.1_k77_21174	zr28333_9
zr28333_9_trimmed_1.fastq.gz	GCF_001885995.1_ASM188599v1_genomic.fa	0.8381	0.4649	98.0	1.743	97.91-98.08	1.743	1.64-1.87	2	2.226	4481/10141	97.4	126	GCF_001885995.1_ASM188599v1_genomic_NZ_JXKT01000001.1 Enterococcus italicus DSM 15952 Scaffold1, whole genome shotgun sequence	zr28333_9
zr28333_9_trimmed_1.fastq.gz	ODFM-BA-A-0139-001_Enterococcus_lactis_CICC_24101.fa	0.699	0.4788	97.86	1.454	97.74-97.97	1.454	1.36-1.55	2	2.927	4829/12230	97.05	2985	ODFM-BA-A-0139-001_Enterococcus_lactis_CICC_24101_NZ_WOTS01000010.1 Enterococcus lactis strain CICC 24101 NODE_10_length_82300_cov_4.602353, whole genome shotgun sequence	zr28333_9
zr28333_9_trimmed_1.fastq.gz	LeechJ_xxxx__AF89__bin.7.fa	0.4155	0.3982	95.48	0.864	95.32-95.68	0.864	0.78-0.92	1	1.375	2629/17149	94.13	1018	AF89_k141_40	zr28333_9
zr28333_9_trimmed_1.fastq.gz	FalardeauJ_2023__SRR20811279__bin.3.fa	0.2956	0.2197	98.74	0.615	98.56-98.90	0.615	0.57-0.65	1	1.375	4212/13589	96.29	3	NODE_1_length_274429_cov_22.9992_ID_7781	zr28333_9
zr28333_9_trimmed_1.fastq.gz	MotaGutierrezJ_2021__SRR11602140__bin.22.fa	0.1841	0.1605	98.72	0.383	98.54-98.98	0.383	0.35-0.41	1	1.296	3365/15633	95.17	25	NODE_306_length_23997_cov_9.0000_ID_64100	zr28333_9
zr28333_9_trimmed_1.fastq.gz	YulandiA_2020__SRS6115053__bin.3.fa	0.1324	0.1192	98.71	0.275	98.45-99.07	0.275	0.24-0.30	1	1.146	2531/15718	94.28	0	SRS6115053_k141_44	zr28333_9
zr28333_9_trimmed_1.fastq.gz	FontanaF_2023__SRR20746839__bin.4.fa	0.1163	0.0469	97.84	0.242	97.29-98.34	0.242	0.20-0.28	1	1.136	801/7322	93.11	14	NODE_2_length_148631_cov_25.9785_ID_15265	zr28333_9
zr28333_9_trimmed_1.fastq.gz	LeechJ_2020__ERS3967691__bin.13.fa	0.0996	0.0464	97.25	0.207	96.58-97.80	0.207	0.17-0.25	1	1.13	652/8251	92.14	17	ERS3967691_k141_96	zr28333_9
zr28333_9_trimmed_1.fastq.gz	MAG_45.fa	0.071	0.0434	98.65	0.148	97.98-99.27	0.148	0.11-0.18	1	1.141	979/10848	92.53	206	MAG_45_0	zr28333_9
zr28333_9_trimmed_1.fastq.gz	MAG_312.fa	0.0543	0.0448	97.23	0.113	96.20-98.21	0.113	0.08-0.16	1	1.053	673/15037	90.46	0	MAG_312_0	zr28333_9
zr28333_9_trimmed_1.fastq.gz	LeechJ_xxxx__AF68__bin.13.fa	0.049	0.0205	99.42	0.102	98.58-100.33	0.102	0.07-0.13	1	1.088	611/7501	92.23	0	AF68_k141_238	zr28333_9
zr28333_9_trimmed_1.fastq.gz	LeechJ_xxxx__AF66__bin.13.fa	0.0363	0.0111	98.89	0.075	97.28-101.13	0.075	0.03-0.12	1	2.31	303/5623	91.01	14	AF66_k141_253	zr28333_9
zr28333_9_trimmed_1.fastq.gz	YouL_2022__SRR13308534__bin.20.fa	0.0343	0.0383	96.23	0.071	94.78-97.41	0.071	0.05-0.11	1	1.117	427/20020	88.33	18	NODE_4_length_158023_cov_10.0000_ID_315023	zr28333_9
zr28333_9_trimmed_1.fastq.gz	KharnaiorP_2023__SRR22859379__bin.8.fa	0.0309	0.0117	98.78	0.064	97.12-100.44	0.064	0.04-0.11	1	1.041	291/6826	90.32	19	NODE_3_length_161229_cov_37.0000_ID_62026	zr28333_9
zr28333_15_trimmed_1.fastq.gz	LeechJ_xxxx__AF66__bin.13.fa	67.492	53.8591	99.61	294.0	NA-NA	HIGH	NA-NA	294	239.088	4976/5623	99.61	1	AF66_k141_253	zr28333_15
zr28333_15_trimmed_1.fastq.gz	KharnaiorP_2023__SRR22859379__bin.8.fa	15.6104	15.424	99.52	68.0	NA-NA	HIGH	NA-NA	68	64.131	5885/6826	99.52	2	NODE_3_length_161229_cov_37.0000_ID_62026	zr28333_15
zr28333_15_trimmed_1.fastq.gz	MAG_45.fa	7.5756	12.0552	99.59	33.0	NA-NA	HIGH	NA-NA	33	30.081	9562/10848	99.59	162	MAG_45_0	zr28333_15
zr28333_15_trimmed_1.fastq.gz	EBC_082.15.fa	1.6046	4.6921	99.1	6.99	NA-NA	HIGH	NA-NA	6	6.99	15485/20483	99.1	52	EBC_082.15_EBC_082_scaffold_602	zr28333_15
zr28333_15_trimmed_1.fastq.gz	ODFM-BA-A-0139-001_Enterococcus_lactis_CICC_24101.fa	1.3612	2.4261	99.3	5.929	NA-NA	HIGH	NA-NA	6	5.929	9847/12230	99.3	57	ODFM-BA-A-0139-001_Enterococcus_lactis_CICC_24101_NZ_WOTS01000010.1 Enterococcus lactis strain CICC 24101 NODE_10_length_82300_cov_4.602353, whole genome shotgun sequence	zr28333_15
zr28333_15_trimmed_1.fastq.gz	FontanaF_2023__SRR20746834__bin.2.fa	1.2141	2.0982	98.38	5.289	NA-NA	HIGH	NA-NA	5	5.289	7189/11938	98.38	419	NODE_15_length_59385_cov_11.2996_ID_3067	zr28333_15
zr28333_15_trimmed_1.fastq.gz	ODFM-BA-A-0005-002_Lactobacillus_curvatus_WiKim38.fa	1.0508	1.2673	99.13	4.577	NA-NA	HIGH	NA-NA	4	4.577	6108/8010	99.13	3	ODFM-BA-A-0005-002_Lactobacillus_curvatus_WiKim38_NZ_CP017124.1 Lactobacillus curvatus strain WiKim38, complete genome	zr28333_15
zr28333_15_trimmed_1.fastq.gz	YulandiA_2020__SRS6115052__bin.21.fa	0.9543	1.1012	99.15	4.157	NA-NA	HIGH	NA-NA	4	4.157	6101/7955	99.15	30	SRS6115052_k141_129	zr28333_15
zr28333_15_trimmed_1.fastq.gz	EBC_134.5.fa	0.7447	2.8782	98.69	3.244	NA-NA	HIGH	NA-NA	3	3.244	17497/26324	98.69	7	EBC_134.5_EBC_134_scaffold_561	zr28333_15
zr28333_15_trimmed_1.fastq.gz	XieM_2019__SAMC044639__bin.32.fa	0.415	1.183	99.71	1.808	99.66-99.75	1.808	1.76-1.88	2	2.601	15162/19857	99.13	0	SAMC044639_k141_719	zr28333_15
zr28333_15_trimmed_1.fastq.gz	GCF_009913915.1_ASM991391v1_genomic.fa	0.4087	0.523	99.21	1.78	99.14-99.28	1.780	1.69-1.88	2	2.349	5770/8865	98.62	30	GCF_009913915.1_ASM991391v1_genomic_NZ_CP028251.1 Leuconostoc mesenteroides strain SRCM102733 chromosome, complete genome	zr28333_15
zr28333_15_trimmed_1.fastq.gz	MortensenS_xxxx__WK028-2-L-48h-03A1_S20__bin.5.fa	0.4077	0.4311	99.52	1.776	99.44-99.58	1.776	1.69-1.89	2	2.308	5284/7379	98.93	0	WK028-2-L-48h-03A1_S20_k141_3165	zr28333_15
zr28333_15_trimmed_1.fastq.gz	LeechJ_xxxx__AF66__bin.10.fa	0.2453	0.359	95.48	1.069	95.26-95.66	1.069	0.94-1.19	2	2.522	1568/9849	94.24	3945	AF66_k141_123	zr28333_15
zr28333_15_trimmed_1.fastq.gz	MASTER_WP4_TEAGASC_1__TGS12-29__bin.6.fa	0.2069	0.3088	98.13	0.901	97.97-98.30	0.901	0.83-0.96	1	2.065	3444/10372	96.51	3049	TGS12-29_k141_701	zr28333_15
zr28333_15_trimmed_1.fastq.gz	LeechJ_xxxx__AF73__bin.2.fa	0.1326	0.3553	98.69	0.577	98.55-98.82	0.577	0.55-0.60	1	1.353	5519/18586	96.16	188	AF73_k141_59	zr28333_15
zr28333_15_trimmed_1.fastq.gz	CM_UNINA_FFOOD__FFOOD_226__bin.6.fa	0.1246	0.2321	98.89	0.543	98.73-99.06	0.543	0.51-0.58	1	1.414	3849/12895	96.17	143	NODE_2_length_319059_cov_34.9987_ID_36074	zr28333_15
zr28333_15_trimmed_1.fastq.gz	LeechJ_xxxx__AF53__bin.10.fa	0.0569	0.0862	96.72	0.248	96.12-97.20	0.248	0.21-0.30	1	1.296	818/10440	92.11	89	AF53_k141_67	zr28333_15
zr28333_15_trimmed_1.fastq.gz	EBC_095.37.fa	0.0522	0.1009	99.16	0.227	98.73-99.53	0.227	0.20-0.25	1	1.181	2146/13589	94.22	36	EBC_095.37_EBC_095_scaffold_66	zr28333_15
zr28333_15_trimmed_1.fastq.gz	MagliuloR_2024__SRR28235377__bin.1.fa	0.0504	0.0459	95.34	0.22	94.32-96.29	0.220	0.15-0.31	1	1.123	284/6328	90.47	1	NODE_258_length_11194_cov_5.9967_ID_68869	zr28333_15
zr28333_15_trimmed_1.fastq.gz	LandisEA_2021__SRS5653333__bin.1.fa	0.0403	0.062	98.84	0.175	98.29-99.32	0.175	0.15-0.21	1	1.133	1196/10617	93.2	18	SRS5653333_k141_170	zr28333_15
zr28333_15_trimmed_1.fastq.gz	LeechJ_xxxx__AF27__bin.5.fa	0.0348	0.048	97.33	0.152	96.40-97.97	0.152	0.12-0.20	1	1.074	583/9593	91.36	1	AF27_k141_52	zr28333_15
zr28333_15_trimmed_1.fastq.gz	YouL_2022__SRR13308526__bin.24.fa	0.032	0.0911	98.09	0.14	97.63-98.64	0.140	0.12-0.17	1	1.234	1459/19793	91.93	163	NODE_37_length_141872_cov_18.1171_ID_20191	zr28333_15
zr28333_15_trimmed_1.fastq.gz	LiZ_2019__SRS3379157__bin.3.fa	0.0319	0.0941	97.08	0.139	96.52-97.66	0.139	0.11-0.17	1	1.262	1170/20657	91.15	432	SRS3379157_k141_320	zr28333_15
zr28333_15_trimmed_1.fastq.gz	LopezSanchezR_2023__SRR13708567__bin.13.fa	0.0295	0.0419	96.17	0.128	94.79-97.50	0.128	0.08-0.20	1	1.077	351/9786	89.82	10	NODE_203_length_18705_cov_7.0000_ID_55160	zr28333_15
zr28333_15_trimmed_1.fastq.gz	SEM_41_S58.18.fa	0.0291	0.0663	96.25	0.127	95.29-97.09	0.127	0.09-0.17	1	1.07	574/15803	89.86	9	SEM_41_S58.18_SEM_41_S58_scaffold_33	zr28333_15
zr28333_15_trimmed_1.fastq.gz	YulandiA_2020__SRS6115053__bin.10.fa	0.0208	0.0384	99.77	0.091	98.95-100.83	0.091	0.06-0.12	1	1.053	1197/12698	92.66	0	SRS6115053_k141_3360	zr28333_15
zr28333_15_trimmed_1.fastq.gz	EBC_080.1.fa	0.0202	0.0596	97.66	0.088	96.77-98.60	0.088	0.06-0.12	1	1.131	840/20501	90.21	104	EBC_080.1_EBC_080_scaffold_1281	zr28333_15
zr28333_15_trimmed_1.fastq.gz	FontanaF_2023__SRR20746838__bin.11.fa	0.0191	0.0217	98.74	0.083	97.58-100.33	0.083	0.05-0.12	1	1.118	459/7829	91.26	23	NODE_1_length_180989_cov_16.9995_ID_3968	zr28333_15
zr28333_15_trimmed_1.fastq.gz	MAG_107.fa	0.0177	0.014	96.54	0.077	94.17-98.05	0.077	0.04-0.15	1	1.081	136/5466	88.77	46	MAG_107_0	zr28333_15
zr28333_15_trimmed_1.fastq.gz	MAG_312.fa	0.017	0.0364	96.35	0.074	94.75-97.91	0.074	0.04-0.12	1	1.041	338/15037	88.48	0	MAG_312_0	zr28333_15
zr28333_27_trimmed_1.fastq.gz	MortensenS_xxxx__WK002-1-L-48h-01F6_S30__bin.6.fa	25.957	13.2231	99.86	70.0	NA-NA	HIGH	NA-NA	70	63.985	7451/7783	99.86	0	WK002-1-L-48h-01F6_S30_k141_2565	zr28333_27
zr28333_27_trimmed_1.fastq.gz	LeechJ_xxxx__AF66__bin.10.fa	23.7321	16.0585	97.49	64.0	NA-NA	HIGH	NA-NA	64	65.278	4474/9849	97.49	1	AF66_k141_123	zr28333_27
zr28333_27_trimmed_1.fastq.gz	EBC_134.5.fa	21.878	39.0998	95.16	59.0	NA-NA	HIGH	NA-NA	59	58.027	5648/26324	95.16	2717	EBC_134.5_EBC_134_scaffold_561	zr28333_27
zr28333_27_trimmed_1.fastq.gz	EBC_082.15.fa	17.0575	23.0641	98.58	46.0	NA-NA	HIGH	NA-NA	46	42.62	13135/20483	98.58	30	EBC_082.15_EBC_082_scaffold_602	zr28333_27
zr28333_27_trimmed_1.fastq.gz	MAG_45.fa	8.1579	6.0026	99.67	22.0	NA-NA	HIGH	NA-NA	22	21.561	9804/10848	99.67	0	MAG_45_0	zr28333_27
zr28333_27_trimmed_1.fastq.gz	GCF_001885995.1_ASM188599v1_genomic.fa	1.1867	0.792	97.44	3.2	NA-NA	HIGH	NA-NA	3	3.2	4542/10141	97.44	160	GCF_001885995.1_ASM188599v1_genomic_NZ_JXKT01000001.1 Enterococcus italicus DSM 15952 Scaffold1, whole genome shotgun sequence	zr28333_27
zr28333_27_trimmed_1.fastq.gz	FontanaF_2023__SRR20746834__bin.2.fa	0.81	0.6473	98.39	2.184	98.35-98.52	2.184	1.92-2.25	2	2.555	6415/11938	98.02	313	NODE_15_length_59385_cov_11.2996_ID_3067	zr28333_27
zr28333_27_trimmed_1.fastq.gz	ODFM-BA-A-0139-001_Enterococcus_lactis_CICC_24101.fa	0.2599	0.2142	99.07	0.701	98.91-99.23	0.701	0.66-0.75	1	1.616	4702/12230	96.96	24	ODFM-BA-A-0139-001_Enterococcus_lactis_CICC_24101_NZ_WOTS01000010.1 Enterococcus lactis strain CICC 24101 NODE_10_length_82300_cov_4.602353, whole genome shotgun sequence	zr28333_27
zr28333_27_trimmed_1.fastq.gz	KharnaiorP_2023__SRR22859377__bin.10.fa	0.2291	0.1778	99.37	0.618	99.22-99.54	0.618	0.58-0.65	1	1.761	4504/11722	96.96	107	NODE_8_length_174488_cov_60.9499_ID_127332	zr28333_27
zr28333_27_trimmed_1.fastq.gz	LeechJ_xxxx__AF52__bin.1.fa	0.1829	0.2227	96.87	0.493	96.64-97.07	0.493	0.45-0.53	1	1.279	2613/17995	93.97	5	AF52_k141_89	zr28333_27
zr28333_27_trimmed_1.fastq.gz	MotaGutierrezJ_2021__SRR11602153__bin.4.fa	0.0935	0.1078	98.77	0.252	98.47-99.14	0.252	0.22-0.27	1	1.141	2670/17572	94.1	0	NODE_1_length_695767_cov_46.0000_ID_85857	zr28333_27
zr28333_27_trimmed_1.fastq.gz	YulandiA_2020__SRS6115052__bin.21.fa	0.0929	0.0496	98.02	0.251	97.52-98.48	0.251	0.21-0.30	1	1.151	954/7955	93.39	3	SRS6115052_k141_129	zr28333_27
zr28333_27_trimmed_1.fastq.gz	MAG_194.fa	0.0755	0.049	95.16	0.203	94.29-95.68	0.203	0.16-0.27	1	1.125	385/9730	90.11	4	MAG_194_0	zr28333_27
zr28333_27_trimmed_1.fastq.gz	P.1_bin.1.fa	0.0732	0.095	96.19	0.197	95.69-96.75	0.197	0.16-0.23	1	1.093	1144/19536	91.25	123	P.1_bin.1_k77_21174	zr28333_27
zr28333_27_trimmed_1.fastq.gz	LeechJ_xxxx__AF15__bin.4.fa	0.0717	0.0776	98.93	0.193	98.52-99.26	0.193	0.17-0.22	1	1.135	2013/15952	93.54	13	AF15_k141_25	zr28333_27
zr28333_27_trimmed_1.fastq.gz	YuY_2022__SRR16950700__bin.23.fa	0.0429	0.0244	97.54	0.116	96.27-98.47	0.116	0.08-0.17	1	1.061	423/8371	90.82	8	NODE_137_length_39565_cov_54.0000_ID_37700	zr28333_27
zr28333_27_trimmed_1.fastq.gz	XieM_2019__SAMC044639__bin.32.fa	0.038	0.0501	98.68	0.103	97.99-99.28	0.103	0.09-0.13	1	1.023	1342/19857	91.68	0	SAMC044639_k141_719	zr28333_27
zr28333_27_trimmed_1.fastq.gz	ODFM-BA-A-0005-002_Lactobacillus_curvatus_WiKim38.fa	0.0242	0.0135	96.31	0.065	94.01-97.87	0.065	0.04-0.13	1	1.0	163/8010	88.19	2	ODFM-BA-A-0005-002_Lactobacillus_curvatus_WiKim38_NZ_CP017124.1 Lactobacillus curvatus strain WiKim38, complete genome	zr28333_27
zr28333_27_trimmed_1.fastq.gz	LimaC_2020__SRR9640350__bin.12.fa	0.0211	0.022	98.76	0.057	97.54-100.20	0.057	0.04-0.08	1	1.046	585/15488	89.97	2	NODE_7_length_94694_cov_8.8202_ID_19916	zr28333_27
zr28333_27_trimmed_1.fastq.gz	DeFilippisF_xxxx__DF_9__bin.12.fa	0.0158	0.0089	97.3	0.043	94.48-97.92	0.043	0.04-0.11	1	1.021	144/8084	87.82	0	DF_9_k141_14	zr28333_27
zr28333_24_trimmed_1.fastq.gz	GCF_009913915.1_ASM991391v1_genomic.fa	53.2651	50.0676	99.64	221.0	NA-NA	HIGH	NA-NA	221	210.111	7935/8865	99.64	0	GCF_009913915.1_ASM991391v1_genomic_NZ_CP028251.1 Leuconostoc mesenteroides strain SRCM102733 chromosome, complete genome	zr28333_24
zr28333_24_trimmed_1.fastq.gz	MortensenS_xxxx__WK028-2-L-48h-03A1_S20__bin.5.fa	18.7994	14.6017	99.38	78.0	NA-NA	HIGH	NA-NA	78	78.935	6094/7379	99.38	30	WK028-2-L-48h-03A1_S20_k141_3165	zr28333_24
zr28333_24_trimmed_1.fastq.gz	ODFM-BA-A-0005-002_Lactobacillus_curvatus_WiKim38.fa	14.2201	12.5967	99.3	59.0	NA-NA	HIGH	NA-NA	59	54.96	6440/8010	99.3	218	ODFM-BA-A-0005-002_Lactobacillus_curvatus_WiKim38_NZ_CP017124.1 Lactobacillus curvatus strain WiKim38, complete genome	zr28333_24
zr28333_24_trimmed_1.fastq.gz	ODFM-BA-A-0139-001_Enterococcus_lactis_CICC_24101.fa	5.0614	6.6265	99.28	21.0	NA-NA	HIGH	NA-NA	21	19.154	9783/12230	99.28	9	ODFM-BA-A-0139-001_Enterococcus_lactis_CICC_24101_NZ_WOTS01000010.1 Enterococcus lactis strain CICC 24101 NODE_10_length_82300_cov_4.602353, whole genome shotgun sequence	zr28333_24
zr28333_24_trimmed_1.fastq.gz	XieM_2019__SAMC044639__bin.32.fa	3.6153	7.5701	99.7	15.0	NA-NA	HIGH	NA-NA	15	14.992	18118/19857	99.7	0	SAMC044639_k141_719	zr28333_24
zr28333_24_trimmed_1.fastq.gz	ODFM-BA-A-0027-003_Lactobacillus_sakei_WiKim0072.fa	2.2688	2.1055	99.51	9.413	NA-NA	HIGH	NA-NA	10	9.413	7335/8532	99.51	2	ODFM-BA-A-0027-003_Lactobacillus_sakei_WiKim0072_NZ_CP025136.1 Lactobacillus sakei strain WiKim0072 chromosome, complete genome	zr28333_24
zr28333_24_trimmed_1.fastq.gz	EBC_134.5.fa	1.6997	4.8255	99.12	7.052	NA-NA	HIGH	NA-NA	7	7.052	20021/26324	99.12	1	EBC_134.5_EBC_134_scaffold_561	zr28333_24
zr28333_24_trimmed_1.fastq.gz	LeechJ_xxxx__AF66__bin.10.fa	0.2552	0.2743	96.76	1.059	96.56-96.97	1.059	0.97-1.17	2	3.638	2369/9849	95.51	4145	AF66_k141_123	zr28333_24
zr28333_24_trimmed_1.fastq.gz	WolfeBE_2014__932_Robiola_due_Latte__bin.1.fa	0.1465	0.3749	99.61	0.608	99.51-99.69	0.608	0.59-0.63	1	1.35	9744/24183	97.11	2	932_Robiola_due_Latte_k119_35	zr28333_24
zr28333_24_trimmed_1.fastq.gz	LeechJ_2020__ERS3967707__bin.4.fa	0.093	0.1529	96.88	0.386	96.61-97.18	0.386	0.33-0.42	1	1.346	1862/15500	93.39	109	ERS3967707_k141_7	zr28333_24
zr28333_24_trimmed_1.fastq.gz	FalardeauJ_2023__SRR20811279__bin.3.fa	0.0909	0.1291	98.94	0.377	98.69-99.19	0.377	0.35-0.41	1	1.209	3090/13589	95.33	30	NODE_1_length_274429_cov_22.9992_ID_7781	zr28333_24
zr28333_24_trimmed_1.fastq.gz	LeechJ_xxxx__AF73__bin.2.fa	0.0889	0.175	98.52	0.369	98.31-98.76	0.369	0.34-0.39	1	1.291	3614/18586	94.85	39	AF73_k141_59	zr28333_24
zr28333_24_trimmed_1.fastq.gz	LeechJ_xxxx__AF15__bin.4.fa	0.0738	0.1268	97.91	0.306	97.61-98.18	0.306	0.28-0.34	1	1.181	2200/15952	93.81	30	AF15_k141_25	zr28333_24
zr28333_24_trimmed_1.fastq.gz	KharnaiorP_2023__SRR22859377__bin.10.fa	0.0672	0.0828	98.42	0.279	98.09-98.80	0.279	0.24-0.31	1	1.118	1773/11722	94.09	9	NODE_8_length_174488_cov_60.9499_ID_127332	zr28333_24
zr28333_24_trimmed_1.fastq.gz	MAG_107.fa	0.0635	0.037	96.69	0.264	96.01-97.52	0.264	0.20-0.33	1	1.166	451/5466	92.27	339	MAG_107_0	zr28333_24
zr28333_24_trimmed_1.fastq.gz	YulandiA_2020__SRS6115053__bin.10.fa	0.0492	0.0668	98.21	0.204	97.73-98.58	0.204	0.18-0.24	1	1.103	1368/12698	93.06	58	SRS6115053_k141_3360	zr28333_24
zr28333_24_trimmed_1.fastq.gz	MASTER_WP4_FFoQSI_2__VB11-26__bin.7.fa	0.0391	0.0587	95.48	0.162	94.51-96.36	0.162	0.12-0.22	1	1.079	507/14170	89.81	88	VB11-26_k141_193	zr28333_24
zr28333_24_trimmed_1.fastq.gz	FontanaF_2023__SRR20746834__bin.2.fa	0.039	0.0495	96.5	0.162	95.60-97.25	0.162	0.11-0.21	1	0.971	730/11938	91.38	342	NODE_15_length_59385_cov_11.2996_ID_3067	zr28333_24
zr28333_24_trimmed_1.fastq.gz	MASTER_WP4_UNINA_1__GO004_71775__bin.8.fa	0.0255	0.0401	97.48	0.106	96.53-98.45	0.106	0.07-0.14	1	1.286	748/14841	90.81	14	GO004_71775_k141_336	zr28333_24
zr28333_24_trimmed_1.fastq.gz	MAG_45.fa	0.0156	0.0183	98.16	0.065	96.58-99.75	0.065	0.04-0.11	1	1.028	388/10848	89.81	65	MAG_45_0	zr28333_24
zr28333_24_trimmed_1.fastq.gz	CM_UNINA_FFOOD__FFOOD_425__bin.9.fa	0.0115	0.0097	96.62	0.048	93.99-97.35	0.048	0.04-0.11	1	0.978	135/8063	87.64	4	NODE_1_length_598382_cov_75.9985_ID_32759	zr28333_24
zr28333_24_trimmed_1.fastq.gz	MASTER_WP4_FFoQSI_1__DC18-02__bin.11.fa	0.0113	0.0104	96.48	0.047	93.55-96.76	0.047	0.04-0.12	1	1.023	131/8690	87.34	0	DC18-02_k141_281	zr28333_24
zr28333_33_trimmed_1.fastq.gz	KharnaiorP_2023__SRR22859379__bin.8.fa	65.3633	59.0434	99.59	298.0	NA-NA	HIGH	NA-NA	298	274.79	6009/6826	99.59	0	NODE_3_length_161229_cov_37.0000_ID_62026	zr28333_33
zr28333_33_trimmed_1.fastq.gz	LeechJ_xxxx__AF66__bin.13.fa	10.7477	7.8411	99.46	49.0	NA-NA	HIGH	NA-NA	49	43.98	4758/5623	99.46	0	AF66_k141_253	zr28333_33
zr28333_33_trimmed_1.fastq.gz	LandisEA_2021__SRS5653333__bin.1.fa	7.2382	10.1877	98.56	33.0	NA-NA	HIGH	NA-NA	33	34.332	6772/10617	98.56	18	SRS5653333_k141_170	zr28333_33
zr28333_33_trimmed_1.fastq.gz	YulandiA_2020__SRS6115052__bin.21.fa	5.9222	6.2477	99.28	27.0	NA-NA	HIGH	NA-NA	27	26.649	6356/7955	99.28	22	SRS6115052_k141_129	zr28333_33
zr28333_33_trimmed_1.fastq.gz	LeechJ_xxxx__AF53__bin.10.fa	4.6061	6.3806	97.97	21.0	NA-NA	HIGH	NA-NA	21	20.716	5531/10440	97.97	95	AF53_k141_67	zr28333_33
zr28333_33_trimmed_1.fastq.gz	MAG_45.fa	1.19	1.7312	99.37	5.425	NA-NA	HIGH	NA-NA	5	5.425	8912/10848	99.37	0	MAG_45_0	zr28333_33
zr28333_33_trimmed_1.fastq.gz	ODFM-BA-A-0005-002_Lactobacillus_curvatus_WiKim38.fa	0.9578	1.056	99.12	4.367	NA-NA	HIGH	NA-NA	4	4.367	6081/8010	99.12	2	ODFM-BA-A-0005-002_Lactobacillus_curvatus_WiKim38_NZ_CP017124.1 Lactobacillus curvatus strain WiKim38, complete genome	zr28333_33
zr28333_33_trimmed_1.fastq.gz	FontanaF_2023__SRR20746834__bin.2.fa	0.7746	1.2237	98.23	3.531	NA-NA	HIGH	NA-NA	3	3.531	6868/11938	98.23	377	NODE_15_length_59385_cov_11.2996_ID_3067	zr28333_33
zr28333_33_trimmed_1.fastq.gz	EBC_082.15.fa	0.6628	1.7719	98.42	3.022	NA-NA	HIGH	NA-NA	3	3.022	12500/20483	98.42	242	EBC_082.15_EBC_082_scaffold_602	zr28333_33
zr28333_33_trimmed_1.fastq.gz	CM_UNINA_FFOOD__FFOOD_425__bin.9.fa	0.6482	0.6853	97.46	2.955	NA-NA	HIGH	NA-NA	3	2.955	3637/8063	97.46	41	NODE_1_length_598382_cov_75.9985_ID_32759	zr28333_33
zr28333_33_trimmed_1.fastq.gz	XieM_2019__SAMC044639__bin.32.fa	0.2875	0.7493	99.57	1.311	99.51-99.62	1.311	1.27-1.35	2	1.928	12693/19857	98.57	0	SAMC044639_k141_719	zr28333_33
zr28333_33_trimmed_1.fastq.gz	YouL_2022__SRR13308526__bin.24.fa	0.2824	0.7336	99.08	1.287	99.02-99.14	1.287	1.24-1.33	2	1.928	10758/19793	98.05	16	NODE_37_length_141872_cov_18.1171_ID_20191	zr28333_33
zr28333_33_trimmed_1.fastq.gz	ODFM-BA-A-0139-001_Enterococcus_lactis_CICC_24101.fa	0.2716	0.4426	99.31	1.238	99.23-99.40	1.238	1.18-1.29	2	2.058	7038/12230	98.23	34	ODFM-BA-A-0139-001_Enterococcus_lactis_CICC_24101_NZ_WOTS01000010.1 Enterococcus lactis strain CICC 24101 NODE_10_length_82300_cov_4.602353, whole genome shotgun sequence	zr28333_33
zr28333_33_trimmed_1.fastq.gz	ODFM-BA-A-0172-001_Clostridium_tyrobutyricum_FAM22553.fa	0.2615	0.4585	99.32	1.192	99.25-99.40	1.192	1.14-1.24	1	1.786	7423/13138	98.18	2	ODFM-BA-A-0172-001_Clostridium_tyrobutyricum_FAM22553_NZ_JTES01000001.1 Clostridium tyrobutyricum strain FAM22553 scaffold0001, whole genome shotgun sequence	zr28333_33
zr28333_33_trimmed_1.fastq.gz	GCF_009913915.1_ASM991391v1_genomic.fa	0.1973	0.2308	99.18	0.899	99.06-99.31	0.899	0.84-0.95	1	1.558	4092/8865	97.54	34	GCF_009913915.1_ASM991391v1_genomic_NZ_CP028251.1 Leuconostoc mesenteroides strain SRCM102733 chromosome, complete genome	zr28333_33
zr28333_33_trimmed_1.fastq.gz	EBC_134.5.fa	0.1384	0.489	98.69	0.631	98.57-98.80	0.631	0.60-0.65	1	1.4	8258/26324	96.33	9	EBC_134.5_EBC_134_scaffold_561	zr28333_33
zr28333_33_trimmed_1.fastq.gz	MortensenS_xxxx__WK028-2-L-48h-03A1_S20__bin.5.fa	0.0932	0.0901	99.56	0.425	99.34-99.85	0.425	0.38-0.46	1	1.26	2225/7379	96.21	0	WK028-2-L-48h-03A1_S20_k141_3165	zr28333_33
zr28333_33_trimmed_1.fastq.gz	MASTER_WP4_TEAGASC_1__TGS12-29__bin.6.fa	0.0881	0.1203	97.41	0.402	97.08-97.77	0.402	0.35-0.45	1	1.333	1523/10372	94.0	2345	TGS12-29_k141_701	zr28333_33
zr28333_33_trimmed_1.fastq.gz	CM_UNINA_FFOOD__FFOOD_226__bin.6.fa	0.0608	0.1036	98.98	0.277	98.66-99.38	0.277	0.24-0.31	1	1.325	2279/12895	94.56	125	NODE_2_length_319059_cov_34.9987_ID_36074	zr28333_33
zr28333_33_trimmed_1.fastq.gz	LeechJ_xxxx__AF73__bin.2.fa	0.0568	0.1391	98.85	0.259	98.57-99.17	0.259	0.23-0.28	1	1.441	2978/18586	94.26	137	AF73_k141_59	zr28333_33
zr28333_33_trimmed_1.fastq.gz	LiZ_2019__SRS3379157__bin.3.fa	0.0554	0.1495	95.88	0.253	95.34-96.31	0.253	0.22-0.30	1	1.536	1272/20657	91.4	936	SRS3379157_k141_320	zr28333_33
zr28333_33_trimmed_1.fastq.gz	MagliuloR_2024__SRR28235377__bin.1.fa	0.0248	0.0207	95.62	0.113	94.16-97.22	0.113	0.06-0.18	1	1.065	169/6328	88.97	1	NODE_258_length_11194_cov_5.9967_ID_68869	zr28333_33
zr28333_33_trimmed_1.fastq.gz	LeechJ_xxxx__AF27__bin.5.fa	0.0191	0.0241	95.47	0.087	93.70-97.47	0.087	0.04-0.15	1	1.732	190/9593	88.12	1	AF27_k141_52	zr28333_33
zr28333_33_trimmed_1.fastq.gz	EBC_095.37.fa	0.0177	0.0314	97.46	0.081	96.21-98.81	0.081	0.05-0.11	1	1.126	475/13589	89.75	61	EBC_095.37_EBC_095_scaffold_66	zr28333_33
zr28333_33_trimmed_1.fastq.gz	FontanaF_2023__SRR20746838__bin.11.fa	0.0155	0.0161	95.53	0.071	92.92-96.67	0.071	0.05-0.15	1	1.058	171/7829	88.4	22	NODE_1_length_180989_cov_16.9995_ID_3968	zr28333_33
zr28333_33_trimmed_1.fastq.gz	YulandiA_2020__SRS6115053__bin.10.fa	0.0114	0.0193	97.32	0.052	95.24-99.12	0.052	0.03-0.10	1	1.712	281/12698	88.43	161	SRS6115053_k141_3360	zr28333_33
zr28333_33_trimmed_1.fastq.gz	MotaGutierrezJ_2021__SRR11602150__bin.4.fa	0.0077	0.0138	96.88	0.035	94.13-96.93	0.035	0.03-0.08	1	1.051	175/13573	86.9	1	NODE_398_length_32439_cov_10.0000_ID_73648	zr28333_33
zr28333_4_trimmed_1.fastq.gz	XieM_2019__SAMC044639__bin.32.fa	87.4445	91.759	99.84	201.0	NA-NA	HIGH	NA-NA	201	187.917	18873/19857	99.84	0	SAMC044639_k141_719	zr28333_4
zr28333_4_trimmed_1.fastq.gz	ODFM-BA-A-0139-001_Enterococcus_lactis_CICC_24101.fa	3.7669	2.4715	99.14	8.659	NA-NA	HIGH	NA-NA	8	8.659	9355/12230	99.14	0	ODFM-BA-A-0139-001_Enterococcus_lactis_CICC_24101_NZ_WOTS01000010.1 Enterococcus lactis strain CICC 24101 NODE_10_length_82300_cov_4.602353, whole genome shotgun sequence	zr28333_4
zr28333_4_trimmed_1.fastq.gz	LeechJ_xxxx__AF15__bin.4.fa	3.6088	3.1085	97.75	8.295	NA-NA	HIGH	NA-NA	8	8.295	7871/15952	97.75	859	AF15_k141_25	zr28333_4
zr28333_4_trimmed_1.fastq.gz	MAG_107.fa	2.1198	0.6181	98.04	4.873	NA-NA	HIGH	NA-NA	3	4.873	2957/5466	98.04	50	MAG_107_0	zr28333_4
zr28333_4_trimmed_1.fastq.gz	GCF_009913915.1_ASM991391v1_genomic.fa	1.2589	0.593	99.07	2.894	NA-NA	HIGH	NA-NA	3	2.894	6645/8865	99.07	0	GCF_009913915.1_ASM991391v1_genomic_NZ_CP028251.1 Leuconostoc mesenteroides strain SRCM102733 chromosome, complete genome	zr28333_4
zr28333_4_trimmed_1.fastq.gz	LeechJ_2020__ERS3967707__bin.4.fa	0.3279	0.2703	97.46	0.754	97.30-97.59	0.754	0.71-0.80	1	1.806	3725/15500	95.5	28	ERS3967707_k141_7	zr28333_4
zr28333_4_trimmed_1.fastq.gz	ODFM-BA-A-0027-003_Lactobacillus_sakei_WiKim0072.fa	0.2478	0.1152	99.02	0.57	98.81-99.22	0.570	0.53-0.62	1	1.335	2731/8532	96.39	91	ODFM-BA-A-0027-003_Lactobacillus_sakei_WiKim0072_NZ_CP025136.1 Lactobacillus sakei strain WiKim0072 chromosome, complete genome	zr28333_4
zr28333_4_trimmed_1.fastq.gz	KharnaiorP_2023__SRR22859377__bin.10.fa	0.2461	0.152	98.31	0.566	98.12-98.52	0.566	0.52-0.61	1	1.348	2983/11722	95.68	9	NODE_8_length_174488_cov_60.9499_ID_127332	zr28333_4
zr28333_4_trimmed_1.fastq.gz	ODFM-BA-A-0005-002_Lactobacillus_curvatus_WiKim38.fa	0.1169	0.0519	99.32	0.269	98.86-99.77	0.269	0.23-0.31	1	1.174	1528/8010	94.8	0	ODFM-BA-A-0005-002_Lactobacillus_curvatus_WiKim38_NZ_CP017124.1 Lactobacillus curvatus strain WiKim38, complete genome	zr28333_4
zr28333_4_trimmed_1.fastq.gz	LeechJ_xxxx__AF52__bin.1.fa	0.1106	0.1072	96.01	0.254	95.46-96.36	0.254	0.22-0.31	1	1.133	1144/17995	91.49	5	AF52_k141_89	zr28333_4
zr28333_4_trimmed_1.fastq.gz	WolfeBE_2014__932_Robiola_due_Latte__bin.1.fa	0.1092	0.14	99.14	0.251	98.92-99.36	0.251	0.23-0.27	1	1.162	4113/24183	94.45	2	932_Robiola_due_Latte_k119_35	zr28333_4
zr28333_4_trimmed_1.fastq.gz	EBC_134.5.fa	0.0946	0.1346	97.95	0.217	97.61-98.24	0.217	0.20-0.24	1	1.121	2704/26324	92.92	1	EBC_134.5_EBC_134_scaffold_561	zr28333_4
zr28333_4_trimmed_1.fastq.gz	LeechJ_xxxx__AF73__bin.2.fa	0.0939	0.0926	95.49	0.216	94.96-95.84	0.216	0.18-0.26	1	1.534	878/18586	90.62	191	AF73_k141_59	zr28333_4
zr28333_4_trimmed_1.fastq.gz	MASTER_WP4_CSIC_2__P2587__bin.9.fa	0.0884	0.1084	96.97	0.203	96.51-97.37	0.203	0.17-0.24	1	1.432	1649/23009	91.85	132	P2587_k141_467	zr28333_4
zr28333_4_trimmed_1.fastq.gz	MAG_45.fa	0.0719	0.0421	97.16	0.165	96.41-97.89	0.165	0.12-0.21	1	1.128	678/10848	91.44	70	MAG_45_0	zr28333_4
zr28333_4_trimmed_1.fastq.gz	MASTER_WP4_CSIC_2__P2633__bin.16.fa	0.0688	0.0816	98.15	0.158	97.74-98.53	0.158	0.14-0.18	1	1.096	1832/22317	92.25	157	P2633_k141_1103	zr28333_4
zr28333_4_trimmed_1.fastq.gz	MortensenS_xxxx__WK028-2-L-48h-03A1_S20__bin.5.fa	0.0617	0.024	97.9	0.142	97.09-98.82	0.142	0.11-0.18	1	1.115	506/7379	91.72	29	WK028-2-L-48h-03A1_S20_k141_3165	zr28333_4
zr28333_4_trimmed_1.fastq.gz	CM_UNINA_FFOOD__FFOOD_266__bin.6.fa	0.0451	0.0528	97.0	0.104	96.14-97.88	0.104	0.08-0.13	1	1.067	839/21872	90.02	59	NODE_1_length_400287_cov_21.9997_ID_32608	zr28333_4
zr28333_4_trimmed_1.fastq.gz	YulandiA_2020__SRS6115053__bin.10.fa	0.0394	0.0268	97.85	0.091	96.84-98.75	0.091	0.07-0.12	1	1.346	567/12698	90.46	58	SRS6115053_k141_3360	zr28333_4
zr28333_4_trimmed_1.fastq.gz	DeFilippisF_xxxx__DS_111__bin.11.fa	0.0351	0.0214	95.78	0.081	94.03-97.90	0.081	0.04-0.14	1	1.064	235/11542	88.2	2	DS_111_k141_820	zr28333_4
zr28333_4_trimmed_1.fastq.gz	YuY_2022__SRR16950702__bin.15.fa	0.0335	0.0195	95.86	0.077	93.88-98.34	0.077	0.03-0.15	1	1.032	217/10833	88.15	4	NODE_20_length_111749_cov_59.3787_ID_38744	zr28333_4
zr28333_4_trimmed_1.fastq.gz	MotaGutierrezJ_2021__SRR11602153__bin.4.fa	0.0103	0.0094	98.52	0.024	95.71-98.77	0.024	0.02-0.05	1	1.042	260/17572	87.29	0	NODE_1_length_695767_cov_46.0000_ID_85857	zr28333_4
zr28333_28_trimmed_1.fastq.gz	LeechJ_xxxx__AF66__bin.10.fa	77.1129	75.0271	98.68	117.0	NA-NA	HIGH	NA-NA	117	97.956	6520/9849	98.68	4	AF66_k141_123	zr28333_28
zr28333_28_trimmed_1.fastq.gz	MAG_107.fa	12.5226	6.5955	99.51	19.0	NA-NA	HIGH	NA-NA	19	19.913	4692/5466	99.51	0	MAG_107_0	zr28333_28
zr28333_28_trimmed_1.fastq.gz	LeechJ_xxxx__AF15__bin.4.fa	7.3888	11.4952	98.96	11.211	NA-NA	HIGH	NA-NA	10	11.211	11520/15952	98.96	887	AF15_k141_25	zr28333_28
zr28333_28_trimmed_1.fastq.gz	EBC_134.5.fa	2.399	6.1647	97.58	3.64	NA-NA	HIGH	NA-NA	9	3.64	12309/26324	97.58	3900	EBC_134.5_EBC_134_scaffold_561	zr28333_28
zr28333_28_trimmed_1.fastq.gz	DeFilippisF_xxxx__DF_9__bin.12.fa	0.3471	0.2824	96.65	0.527	96.31-96.99	0.527	0.47-0.58	1	1.36	1151/8084	93.91	0	DF_9_k141_14	zr28333_28
zr28333_28_trimmed_1.fastq.gz	XieM_2019__SAMC044639__bin.32.fa	0.2296	0.4352	98.86	0.348	98.65-99.09	0.348	0.32-0.37	1	1.19	4097/19857	95.04	0	SAMC044639_k141_719	zr28333_28
zr28333_22_trimmed_1.fastq.gz	GCF_009913915.1_ASM991391v1_genomic.fa	32.9592	22.7089	99.0	105.0	NA-NA	HIGH	NA-NA	105	105.307	6490/8865	99.0	30	GCF_009913915.1_ASM991391v1_genomic_NZ_CP028251.1 Leuconostoc mesenteroides strain SRCM102733 chromosome, complete genome	zr28333_22
zr28333_22_trimmed_1.fastq.gz	EBC_082.15.fa	18.8339	29.6528	98.93	60.0	NA-NA	HIGH	NA-NA	60	52.63	14656/20483	98.93	33	EBC_082.15_EBC_082_scaffold_602	zr28333_22
zr28333_22_trimmed_1.fastq.gz	MortensenS_xxxx__WK028-2-L-48h-03A1_S20__bin.5.fa	14.7532	8.3994	99.38	47.0	NA-NA	HIGH	NA-NA	47	50.651	6085/7379	99.38	0	WK028-2-L-48h-03A1_S20_k141_3165	zr28333_22
zr28333_22_trimmed_1.fastq.gz	ODFM-BA-A-0139-001_Enterococcus_lactis_CICC_24101.fa	8.7891	8.4346	97.55	28.0	NA-NA	HIGH	NA-NA	28	25.701	5670/12230	97.55	2999	ODFM-BA-A-0139-001_Enterococcus_lactis_CICC_24101_NZ_WOTS01000010.1 Enterococcus lactis strain CICC 24101 NODE_10_length_82300_cov_4.602353, whole genome shotgun sequence	zr28333_22
zr28333_22_trimmed_1.fastq.gz	YouL_2022__SRR13308526__bin.24.fa	7.2196	11.0454	98.81	23.0	NA-NA	HIGH	NA-NA	23	23.004	13661/19793	98.81	127	NODE_37_length_141872_cov_18.1171_ID_20191	zr28333_22
zr28333_22_trimmed_1.fastq.gz	EBC_134.5.fa	5.3363	11.1047	99.37	17.0	NA-NA	HIGH	NA-NA	17	17.334	21619/26324	99.37	0	EBC_134.5_EBC_134_scaffold_561	zr28333_22
zr28333_22_trimmed_1.fastq.gz	MASTER_WP4_TEAGASC_1__TGS12-29__bin.6.fa	4.6431	3.732	99.36	14.792	NA-NA	HIGH	NA-NA	14	14.792	8495/10372	99.36	0	TGS12-29_k141_701	zr28333_22
zr28333_22_trimmed_1.fastq.gz	LeechJ_xxxx__AF66__bin.13.fa	3.5897	1.5423	98.62	11.436	NA-NA	HIGH	NA-NA	11	11.436	3660/5623	98.62	23	AF66_k141_253	zr28333_22
zr28333_22_trimmed_1.fastq.gz	LeechJ_xxxx__AF66__bin.10.fa	3.1829	2.5078	95.87	10.14	NA-NA	HIGH	NA-NA	9	10.14	2668/9849	95.87	4222	AF66_k141_123	zr28333_22
zr28333_22_trimmed_1.fastq.gz	XieM_2019__SAMC044639__bin.32.fa	0.4214	0.6468	99.34	1.342	99.27-99.39	1.342	1.29-1.39	2	1.979	11966/19857	98.38	0	SAMC044639_k141_719	zr28333_22
zr28333_22_trimmed_1.fastq.gz	LandisEA_2021__SRS5653333__bin.1.fa	0.2717	0.2252	98.43	0.866	98.30-98.62	0.866	0.81-0.92	1	1.531	3771/10617	96.72	2	SRS5653333_k141_170	zr28333_22
