accession_name	genome_accession	Sequence_abundance	Adjusted_ANI	Eff_cov	Contig_name	completeness	contamination	contigs	taxonomy	species	sample	oat	day	genus	genus_group
zr26742_4	ODFM-BA-A-0094-002_Leuconostoc_lactis_WIKIM21	63.2227	99.64	1797	ODFM-BA-A-0094-002_Leuconostoc_lactis_WIKIM21_NZ_LJIV01000001.1 Leuconostoc lactis strain WIKIM21 contig00001, whole genome shotgun sequence	99.44	0.84	22	Bacillota;Bacilli;Lactobacillales;Lactobacillaceae;Leuconostoc	Leuconostoc lactis A	oat_10_d6	oat_10	day6	Leuconostoc	Leuconostoc
zr26742_4	ODFM-BA-A-0005-002_Lactobacillus_curvatus_WiKim38	19.4925	99.59	503	ODFM-BA-A-0005-002_Lactobacillus_curvatus_WiKim38_NZ_CP017124.1 Lactobacillus curvatus strain WiKim38, complete genome	99.46	0	1	Bacillota;Bacilli;Lactobacillales;Lactobacillaceae;Latilactobacillus	Latilactobacillus curvatus	oat_10_d6	oat_10	day6	Latilactobacillus	Latilactobacillus
zr26742_4	CM_UNINA_FFOOD__FFOOD_245__bin.2	9.9254	98.15	327	NODE_1_length_160535_cov_17.2789_ID_55527	99.58	0.22	34	Bacillota;Bacilli;Lactobacillales;Lactobacillaceae;Leuconostoc	Leuconostoc lactis	oat_10_d6	oat_10	day6	Leuconostoc	Leuconostoc
zr26742_4	LeechJ_xxxx__AF66__bin.13	2.6412	99.41	103	AF66_k141_253	56.50470219	0	338	Bacillota;Bacilli;Lactobacillales;Streptococcaceae;Lactococcus	Lactococcus taiwanensis	oat_10_d6	oat_10	day6	Lactococcus	Lactococcus
zr26742_4	MAG_501	1.1884	99.21	26	MAG_501_0	100	0	46	Bacillota;Bacilli;Lactobacillales;Streptococcaceae;Lactococcus	Lactococcus lactis	oat_10_d6	oat_10	day6	Lactococcus	Lactococcus
zr26742_4	MortensenS_xxxx__WK028-2-L-48h-03A1_S20__bin.5	0.6456	99.83	19	WK028-2-L-48h-03A1_S20_k141_3165	99.88764045	0	19	Bacillota;Bacilli;Lactobacillales;Lactobacillaceae;Leuconostoc	Leuconostoc citreum	oat_10_d6	oat_10	day6	Leuconostoc	Leuconostoc
zr26742_4	LeechJ_2020__ERS3967691__bin.13	0.6619	98.17	17	ERS3967691_k141_96	92.61758691	1.533742331	211	Bacillota;Bacilli;Lactobacillales;Lactobacillaceae;Weissella	Weissella cibaria	oat_10_d6	oat_10	day6	Weissella	Weissella
zr26742_4	MortensenS_xxxx__WK002-1-L-48h-01F6_S30__bin.6	0.3712	99.79	10.487	WK002-1-L-48h-01F6_S30_k141_2565	100	0	16	Bacillota;Bacilli;Lactobacillales;Lactobacillaceae;Leuconostoc	Leuconostoc falkenbergense	oat_10_d6	oat_10	day6	Leuconostoc	Leuconostoc
zr26742_4	MAG_183	0.5165	98.9	5.732	MAG_183_0	95.53	2.68	667	Pseudomonadota;Gammaproteobacteria;Enterobacterales;Enterobacteriaceae;Leclercia	Leclercia adecarboxylata	oat_10_d6	oat_10	day6	Leclercia	Leclercia
zr26742_4	FontanaF_2023__SRR20746838__bin.11	0.1994	98.04	5.468	NODE_1_length_180989_cov_16.9995_ID_3968	91.82	0.24	71	Bacillota;Bacilli;Lactobacillales;Streptococcaceae;Lactococcus	Lactococcus garvieae	oat_10_d6	oat_10	day6	Lactococcus	Lactococcus
zr26742_4	EBC_082.15	0.476	98.78	5.065	EBC_082.15_EBC_082_scaffold_602	92.69	4.54	82	Pseudomonadota;Gammaproteobacteria;Enterobacterales;Enterobacteriaceae;Kosakonia	Kosakonia cowanii	oat_10_d6	oat_10	day6	Kosakonia	Kosakonia
zr26742_4	MortensenS_xxxx__WK023-1-L-48h-02G3_S117__bin.1	0.1725	95.53	4.318	WK023-1-L-48h-02G3_S117_k141_1117	99.82363316	0	29	Bacillota;Bacilli;Lactobacillales;Lactobacillaceae;Leuconostoc	Leuconostoc pseudomesenteroides	oat_10_d6	oat_10	day6	Leuconostoc	Leuconostoc
zr26742_4	MAG_116	0.0926	97.29	4.079	MAG_116_0	51.9	1.59	467	Bacillota;Bacilli;Lactobacillales;Lactobacillaceae;Leuconostoc	Leuconostoc pseudomesenteroides	oat_10_d6	oat_10	day6	Leuconostoc	Leuconostoc
zr26742_4	XieM_2019__SAMC044639__bin.32	0.0924	99.38	1.008	SAMC044639_k141_719	97.32240437	1.879781421	45	Pseudomonadota;Gammaproteobacteria;Enterobacterales;Enterobacteriaceae;Pantoea	Pantoea agglomerans	oat_10_d6	oat_10	day6	Pantoea	Pantoea
zr26742_4	FontanaF_2023__SRR20746854__bin.2	0.0781	96.44	0.875	NODE_7_length_112150_cov_14.2384_ID_46122	100	0.01	195	Pseudomonadota;Gammaproteobacteria;Enterobacterales;Enterobacteriaceae;Enterobacter	Enterobacter intestinihominis	oat_10_d6	oat_10	day6	Enterobacter	Enterobacter
zr26742_4	EBC_095.37	0.0499	99.46	0.803	EBC_095.37_EBC_095_scaffold_66	58.62	0	70	Pseudomonadota;Gammaproteobacteria;Enterobacterales;Enterobacteriaceae;Erwinia	Erwinia sp003937915	oat_10_d6	oat_10	day6	Erwinia	Erwinia
zr26742_4	LeechJ_xxxx__AF73__bin.2	0.0403	98.64	0.468	AF73_k141_59	96.33336326	1.470508658	112	Pseudomonadota;Gammaproteobacteria;Enterobacterales;Enterobacteriaceae;Enterobacter_D	Enterobacter D kobei A	oat_10_d6	oat_10	day6	Enterobacter_D	Enterobacter_D
zr26742_4	GCF_009913915.1_ASM991391v1_genomic	0.0163	98.97	0.395	GCF_009913915.1_ASM991391v1_genomic_NZ_CP028251.1 Leuconostoc mesenteroides strain SRCM102733 chromosome, complete genome	100	0	3	Bacillota;Bacilli;Lactobacillales;Lactobacillaceae;Leuconostoc	Leuconostoc mesenteroides	oat_10_d6	oat_10	day6	Leuconostoc	Leuconostoc
zr26742_4	CM_UNINA_FFOOD__FFOOD_289__bin.32	0.0327	97.15	0.393	NODE_38_length_116599_cov_69.9888_ID_20640	82.32	1.9	257	Pseudomonadota;Gammaproteobacteria;Enterobacterales;Enterobacteriaceae;Lelliottia	Lelliottia nimipressuralis	oat_10_d6	oat_10	day6	Lelliottia	Lelliottia
zr26742_4	MAG_107	0.0079	98.33	0.31	MAG_107_0	67.86	8.62	565	Bacillota;Bacilli;Bacillales;Bacillaceae_G;Bacillus_A	Bacillus A cereus	oat_10_d6	oat_10	day6	Bacillus_A	Bacillus
zr26742_4	LeechJ_xxxx__AF15__bin.4	0.0199	95.44	0.264	AF15_k141_25	77.41789117	2.841329195	974	Bacillota;Bacilli;Bacillales;Bacillaceae_G;Bacillus_A	Bacillus A pacificus	oat_10_d6	oat_10	day6	Bacillus_A	Bacillus
zr26742_4	MotaGutierrezJ_2021__SRR11602140__bin.22	0.0152	98.73	0.208	NODE_306_length_23997_cov_9.0000_ID_64100	76.3	2.56	977	Pseudomonadota;Gammaproteobacteria;Enterobacterales;Enterobacteriaceae;Pantoea	Pantoea dispersa	oat_10_d6	oat_10	day6	Pantoea	Pantoea
zr26742_4	MAG_579	0.0142	96.69	0.16	MAG_579_0	78.54	8.62	522	Pseudomonadota;Gammaproteobacteria;Enterobacterales;Enterobacteriaceae;Leclercia_A	Leclercia A pneumoniae	oat_10_d6	oat_10	day6	Leclercia_A	Leclercia_A
zr26742_4	KharnaiorP_2023__SRR22859377__bin.10	0.0069	98.97	0.127	NODE_8_length_174488_cov_60.9499_ID_127332	87.3	1.14	139	Bacillota;Bacilli;Lactobacillales;Enterococcaceae;Enterococcus_D	Enterococcus D sp001297065	oat_10_d6	oat_10	day6	Enterococcus_D	Enterococcus
zr26742_4	CM_UNINA_FFOOD__FFOOD_226__bin.6	0.0064	98.54	0.106	NODE_2_length_319059_cov_34.9987_ID_36074	100	4.65	51	Bacillota;Bacilli;Lactobacillales;Enterococcaceae;Enterococcus_B	Enterococcus B hirae	oat_10_d6	oat_10	day6	Enterococcus_B	Enterococcus
zr26742_4	MASTER_WP4_CSIC_1__P2235_73323__bin.9	0.0053	95.29	0.095	P2235_73323_k141_1719	99.62546816	0	44	Bacillota;Bacilli;Lactobacillales;Enterococcaceae;Enterococcus	Enterococcus faecalis	oat_10_d6	oat_10	day6	Enterococcus	Enterococcus
zr26742_4	MAG_45	0.0033	98.25	0.064	MAG_45_0	85.45	0.19	536	Bacillota;Bacilli;Lactobacillales;Enterococcaceae;Enterococcus_D	Enterococcus D casseliflavus	oat_10_d6	oat_10	day6	Enterococcus_D	Enterococcus
zr26742_4	YuY_2022__SRR16950700__bin.23	0.0025	98.18	0.064	NODE_137_length_39565_cov_54.0000_ID_37700	94.14	3.41	270	Bacillota;Bacilli;Bacillales;Bacillaceae_H;Priestia	Priestia megaterium	oat_10_d6	oat_10	day6	Priestia	Priestia
zr26742_4	CM_UNINA_FFOOD__FFOOD_266__bin.6	0.0028	97.78	0.027	NODE_1_length_400287_cov_21.9997_ID_32608	79.16	1.36	227	Pseudomonadota;Gammaproteobacteria;Pseudomonadales;Pseudomonadaceae;Pseudomonas_E	Pseudomonas E simiae	oat_10_d6	oat_10	day6	Pseudomonas_E	Pseudomonas_E
zr26742_1	FontanaF_2023__SRR20746854__bin.2	65.5145	97.16	371	NODE_7_length_112150_cov_14.2384_ID_46122	100	0.01	195	Pseudomonadota;Gammaproteobacteria;Enterobacterales;Enterobacteriaceae;Enterobacter	Enterobacter intestinihominis	oat_4_d1	oat_4	day1	Enterobacter	Enterobacter
zr26742_1	MAG_19	26.533	99.53	128	MAG_19_0	98.94	0.47	86	Pseudomonadota;Gammaproteobacteria;Enterobacterales;Enterobacteriaceae;Klebsiella	Klebsiella pneumoniae	oat_4_d1	oat_4	day1	Klebsiella	Klebsiella
zr26742_1	LeechJ_xxxx__AF15__bin.4	5.0598	99.49	34	AF15_k141_25	77.41789117	2.841329195	974	Bacillota;Bacilli;Bacillales;Bacillaceae_G;Bacillus_A	Bacillus A pacificus	oat_4_d1	oat_4	day1	Bacillus_A	Bacillus
zr26742_1	MASTER_WP4_TEAGASC_1__TGS12-29__bin.6	0.6583	99.34	6.933	TGS12-29_k141_701	99.62546816	0	108	Bacillota;Bacilli;Lactobacillales;Enterococcaceae;Enterococcus_B	Enterococcus B faecium	oat_4_d1	oat_4	day1	Enterococcus_B	Enterococcus
zr26742_1	ODFM-BA-A-0139-001_Enterococcus_lactis_CICC_24101	0.7171	97.92	6.326	ODFM-BA-A-0139-001_Enterococcus_lactis_CICC_24101_NZ_WOTS01000010.1 Enterococcus lactis strain CICC 24101 NODE_10_length_82300_cov_4.602353, whole genome shotgun sequence	99.62	0	53	Bacillota;Bacilli;Lactobacillales;Enterococcaceae;Enterococcus_B	Enterococcus B lactis	oat_4_d1	oat_4	day1	Enterococcus_B	Enterococcus
zr26742_1	P.1_bin.1	0.9897	96.54	5.547	P.1_bin.1_k77_21174	98.9	0.71	143	Pseudomonadota;Gammaproteobacteria;Enterobacterales;Enterobacteriaceae;Cronobacter	Cronobacter malonaticus	oat_4_d1	oat_4	day1	Cronobacter	Cronobacter
zr26742_1	MotaGutierrezJ_2021__SRR11602140__bin.22	0.2199	98.57	1.525	NODE_306_length_23997_cov_9.0000_ID_64100	76.3	2.56	977	Pseudomonadota;Gammaproteobacteria;Enterobacterales;Enterobacteriaceae;Pantoea	Pantoea dispersa	oat_4_d1	oat_4	day1	Pantoea	Pantoea
zr26742_1	YulandiA_2020__SRS6115053__bin.10	0.124	99.77	1.055	SRS6115053_k141_3360	97.73584906	0.377358491	114	Bacillota;Bacilli;Lactobacillales;Enterococcaceae;Enterococcus_D	Enterococcus D gallinarum	oat_4_d1	oat_4	day1	Enterococcus_D	Enterococcus
zr26742_1	MAG_312	0.0859	98.22	0.629	MAG_312_0	99.73	0.05	90	Pseudomonadota;Gammaproteobacteria;Pseudomonadales;Moraxellaceae;Acinetobacter	Acinetobacter baumannii	oat_4_d1	oat_4	day1	Acinetobacter	Acinetobacter
zr26742_1	MotaGutierrezJ_2021__SRR11602153__bin.4	0.0682	98.42	0.43	NODE_1_length_695767_cov_46.0000_ID_85857	100	0.13	33	Bacillota;Bacilli;Bacillales;Bacillaceae;Bacillus	Bacillus subtilis	oat_4_d1	oat_4	day1	Bacillus	Bacillus
zr26742_1	YuY_2022__SRR16950700__bin.23	0.0079	96.12	0.101	NODE_137_length_39565_cov_54.0000_ID_37700	94.14	3.41	270	Bacillota;Bacilli;Bacillales;Bacillaceae_H;Priestia	Priestia megaterium	oat_4_d1	oat_4	day1	Priestia	Priestia
zr26742_1	YulandiA_2020__SRS6115053__bin.3	0.0131	98.94	0.088	SRS6115053_k141_44	87.46957694	2.784657723	888	Pseudomonadota;Gammaproteobacteria;Burkholderiales;Burkholderiaceae;Comamonas	Comamonas terrae	oat_4_d1	oat_4	day1	Comamonas	Comamonas
zr26742_1	MAG_45	0.0086	97.82	0.085	MAG_45_0	85.45	0.19	536	Bacillota;Bacilli;Lactobacillales;Enterococcaceae;Enterococcus_D	Enterococcus D casseliflavus	oat_4_d1	oat_4	day1	Enterococcus_D	Enterococcus
zr26742_2	ODFM-BA-A-0094-002_Leuconostoc_lactis_WIKIM21	75.0407	99.62	1348	ODFM-BA-A-0094-002_Leuconostoc_lactis_WIKIM21_NZ_LJIV01000001.1 Leuconostoc lactis strain WIKIM21 contig00001, whole genome shotgun sequence	99.44	0.84	22	Bacillota;Bacilli;Lactobacillales;Lactobacillaceae;Leuconostoc	Leuconostoc lactis A	oat_10_d1	oat_10	day1	Leuconostoc	Leuconostoc
zr26742_2	CM_UNINA_FFOOD__FFOOD_245__bin.2	12.2948	98.08	256	NODE_1_length_160535_cov_17.2789_ID_55527	99.58	0.22	34	Bacillota;Bacilli;Lactobacillales;Lactobacillaceae;Leuconostoc	Leuconostoc lactis	oat_10_d1	oat_10	day1	Leuconostoc	Leuconostoc
zr26742_2	LeechJ_xxxx__AF66__bin.13	1.4201	99.39	35	AF66_k141_253	56.50470219	0	338	Bacillota;Bacilli;Lactobacillales;Streptococcaceae;Lactococcus	Lactococcus taiwanensis	oat_10_d1	oat_10	day1	Lactococcus	Lactococcus
zr26742_2	LeechJ_2020__ERS3967691__bin.13	1.6018	97.97	26	ERS3967691_k141_96	92.61758691	1.533742331	211	Bacillota;Bacilli;Lactobacillales;Lactobacillaceae;Weissella	Weissella cibaria	oat_10_d1	oat_10	day1	Weissella	Weissella
zr26742_2	EBC_082.15	2.8249	99.4	19	EBC_082.15_EBC_082_scaffold_602	92.69	4.54	82	Pseudomonadota;Gammaproteobacteria;Enterobacterales;Enterobacteriaceae;Kosakonia	Kosakonia cowanii	oat_10_d1	oat_10	day1	Kosakonia	Kosakonia
zr26742_2	MAG_501	1.0084	99.21	13.943	MAG_501_0	100	0	46	Bacillota;Bacilli;Lactobacillales;Streptococcaceae;Lactococcus	Lactococcus lactis	oat_10_d1	oat_10	day1	Lactococcus	Lactococcus
zr26742_2	EBC_095.37	1.2843	99.75	13.06	EBC_095.37_EBC_095_scaffold_66	58.62	0	70	Pseudomonadota;Gammaproteobacteria;Enterobacterales;Enterobacteriaceae;Erwinia	Erwinia sp003937915	oat_10_d1	oat_10	day1	Erwinia	Erwinia
zr26742_2	MAG_183	1.4859	99.13	10.423	MAG_183_0	95.53	2.68	667	Pseudomonadota;Gammaproteobacteria;Enterobacterales;Enterobacteriaceae;Leclercia	Leclercia adecarboxylata	oat_10_d1	oat_10	day1	Leclercia	Leclercia
zr26742_2	XieM_2019__SAMC044639__bin.32	0.7916	99.52	5.461	SAMC044639_k141_719	97.32240437	1.879781421	45	Pseudomonadota;Gammaproteobacteria;Enterobacterales;Enterobacteriaceae;Pantoea	Pantoea agglomerans	oat_10_d1	oat_10	day1	Pantoea	Pantoea
zr26742_2	FontanaF_2023__SRR20746838__bin.11	0.3073	98.03	5.326	NODE_1_length_180989_cov_16.9995_ID_3968	91.82	0.24	71	Bacillota;Bacilli;Lactobacillales;Streptococcaceae;Lactococcus	Lactococcus garvieae	oat_10_d1	oat_10	day1	Lactococcus	Lactococcus
zr26742_2	MAG_107	0.1811	98.6	4.497	MAG_107_0	67.86	8.62	565	Bacillota;Bacilli;Bacillales;Bacillaceae_G;Bacillus_A	Bacillus A cereus	oat_10_d1	oat_10	day1	Bacillus_A	Bacillus
zr26742_2	LeechJ_xxxx__AF15__bin.4	0.4072	95.35	3.423	AF15_k141_25	77.41789117	2.841329195	974	Bacillota;Bacilli;Bacillales;Bacillaceae_G;Bacillus_A	Bacillus A pacificus	oat_10_d1	oat_10	day1	Bacillus_A	Bacillus
zr26742_2	ODFM-BA-A-0005-002_Lactobacillus_curvatus_WiKim38	0.2021	98.94	3.296	ODFM-BA-A-0005-002_Lactobacillus_curvatus_WiKim38_NZ_CP017124.1 Lactobacillus curvatus strain WiKim38, complete genome	99.46	0	1	Bacillota;Bacilli;Lactobacillales;Lactobacillaceae;Latilactobacillus	Latilactobacillus curvatus	oat_10_d1	oat_10	day1	Latilactobacillus	Latilactobacillus
zr26742_2	LeechJ_xxxx__AF73__bin.2	0.3832	98.46	2.812	AF73_k141_59	96.33336326	1.470508658	112	Pseudomonadota;Gammaproteobacteria;Enterobacterales;Enterobacteriaceae;Enterobacter_D	Enterobacter D kobei A	oat_10_d1	oat_10	day1	Enterobacter_D	Enterobacter_D
zr26742_2	FontanaF_2023__SRR20746854__bin.2	0.1936	96.54	1.371	NODE_7_length_112150_cov_14.2384_ID_46122	100	0.01	195	Pseudomonadota;Gammaproteobacteria;Enterobacterales;Enterobacteriaceae;Enterobacter	Enterobacter intestinihominis	oat_10_d1	oat_10	day1	Enterobacter	Enterobacter
zr26742_2	LeechJ_2020__ERS3967741__bin.4	0.0897	95.1	1.216	ERS3967741_k141_1495	66.07142857	0	29	Bacillota;Bacilli;Bacillales;Bacillaceae_G;Bacillus_A	Bacillus A mycoides	oat_10_d1	oat_10	day1	Bacillus_A	Bacillus
zr26742_2	CM_UNINA_FFOOD__FFOOD_289__bin.32	0.1557	97.01	1.182	NODE_38_length_116599_cov_69.9888_ID_20640	82.32	1.9	257	Pseudomonadota;Gammaproteobacteria;Enterobacterales;Enterobacteriaceae;Lelliottia	Lelliottia nimipressuralis	oat_10_d1	oat_10	day1	Lelliottia	Lelliottia
zr26742_2	MortensenS_xxxx__WK023-1-L-48h-02G3_S117__bin.1	0.0398	95.15	0.63	WK023-1-L-48h-02G3_S117_k141_1117	99.82363316	0	29	Bacillota;Bacilli;Lactobacillales;Lactobacillaceae;Leuconostoc	Leuconostoc pseudomesenteroides	oat_10_d1	oat_10	day1	Leuconostoc	Leuconostoc
zr26742_2	MAG_116	0.0225	96.97	0.628	MAG_116_0	51.9	1.59	467	Bacillota;Bacilli;Lactobacillales;Lactobacillaceae;Leuconostoc	Leuconostoc pseudomesenteroides	oat_10_d1	oat_10	day1	Leuconostoc	Leuconostoc
zr26742_2	MortensenS_xxxx__WK002-1-L-48h-01F6_S30__bin.6	0.035	99.57	0.625	WK002-1-L-48h-01F6_S30_k141_2565	100	0	16	Bacillota;Bacilli;Lactobacillales;Lactobacillaceae;Leuconostoc	Leuconostoc falkenbergense	oat_10_d1	oat_10	day1	Leuconostoc	Leuconostoc
zr26742_2	YuY_2022__SRR16950700__bin.23	0.028	98.89	0.448	NODE_137_length_39565_cov_54.0000_ID_37700	94.14	3.41	270	Bacillota;Bacilli;Bacillales;Bacillaceae_H;Priestia	Priestia megaterium	oat_10_d1	oat_10	day1	Priestia	Priestia
zr26742_2	GCF_009913915.1_ASM991391v1_genomic	0.0248	98.72	0.381	GCF_009913915.1_ASM991391v1_genomic_NZ_CP028251.1 Leuconostoc mesenteroides strain SRCM102733 chromosome, complete genome	100	0	3	Bacillota;Bacilli;Lactobacillales;Lactobacillaceae;Leuconostoc	Leuconostoc mesenteroides	oat_10_d1	oat_10	day1	Leuconostoc	Leuconostoc
zr26742_2	MotaGutierrezJ_2021__SRR11602140__bin.22	0.037	98.24	0.321	NODE_306_length_23997_cov_9.0000_ID_64100	76.3	2.56	977	Pseudomonadota;Gammaproteobacteria;Enterobacterales;Enterobacteriaceae;Pantoea	Pantoea dispersa	oat_10_d1	oat_10	day1	Pantoea	Pantoea
zr26742_2	MAG_45	0.0256	97.14	0.317	MAG_45_0	85.45	0.19	536	Bacillota;Bacilli;Lactobacillales;Enterococcaceae;Enterococcus_D	Enterococcus D casseliflavus	oat_10_d1	oat_10	day1	Enterococcus_D	Enterococcus
zr26742_2	KharnaiorP_2023__SRR22859377__bin.10	0.0229	98.82	0.268	NODE_8_length_174488_cov_60.9499_ID_127332	87.3	1.14	139	Bacillota;Bacilli;Lactobacillales;Enterococcaceae;Enterococcus_D	Enterococcus D sp001297065	oat_10_d1	oat_10	day1	Enterococcus_D	Enterococcus
zr26742_2	SEM_41_S58.18	0.0269	96.01	0.232	SEM_41_S58.18_SEM_41_S58_scaffold_33	67.4	0	639	Pseudomonadota;Gammaproteobacteria;Pseudomonadales;Pseudomonadaceae;Pseudomonas_B	Pseudomonas B benzopyrenica	oat_10_d1	oat_10	day1	Pseudomonas_B	Pseudomonas_B
zr26742_2	LeechJ_xxxx__AF27__bin.5	0.014	95.28	0.2	AF27_k141_52	61.28164465	0.44837907	808	Pseudomonadota;Gammaproteobacteria;Pseudomonadales;Pseudomonadaceae;Pseudomonas_E	Pseudomonas E parafulva B	oat_10_d1	oat_10	day1	Pseudomonas_E	Pseudomonas_E
zr26742_2	CM_UNINA_FFOOD__FFOOD_266__bin.6	0.0265	98.7	0.164	NODE_1_length_400287_cov_21.9997_ID_32608	79.16	1.36	227	Pseudomonadota;Gammaproteobacteria;Pseudomonadales;Pseudomonadaceae;Pseudomonas_E	Pseudomonas E simiae	oat_10_d1	oat_10	day1	Pseudomonas_E	Pseudomonas_E
zr26742_2	MortensenS_xxxx__WK028-2-L-48h-03A1_S20__bin.5	0.0087	99.01	0.161	WK028-2-L-48h-03A1_S20_k141_3165	99.88764045	0	19	Bacillota;Bacilli;Lactobacillales;Lactobacillaceae;Leuconostoc	Leuconostoc citreum	oat_10_d1	oat_10	day1	Leuconostoc	Leuconostoc
zr26742_2	MASTER_WP4_CSIC_1__P2235_73323__bin.9	0.0085	97.47	0.096	P2235_73323_k141_1719	99.62546816	0	44	Bacillota;Bacilli;Lactobacillales;Enterococcaceae;Enterococcus	Enterococcus faecalis	oat_10_d1	oat_10	day1	Enterococcus	Enterococcus
zr26742_2	CM_UNINA_FFOOD__FFOOD_226__bin.6	0.0071	98.81	0.075	NODE_2_length_319059_cov_34.9987_ID_36074	100	4.65	51	Bacillota;Bacilli;Lactobacillales;Enterococcaceae;Enterococcus_B	Enterococcus B hirae	oat_10_d1	oat_10	day1	Enterococcus_B	Enterococcus
zr26742_3	LeechJ_xxxx__AF68__bin.13	22.995	99.31	402	AF68_k141_238	98.03664921	2.137870855	195	Bacillota;Bacilli;Lactobacillales;Lactobacillaceae;NA	NA spp.	oat_4_d6	oat_4	day6	NA	NA
zr26742_3	FalardeauJ_2023__SRR20811279__bin.3	20.4221	99.42	201	NODE_1_length_274429_cov_22.9992_ID_7781	99.97	0.24	56	Bacillota;Bacilli;Lactobacillales;Lactobacillaceae;Lactiplantibacillus	Lactiplantibacillus plantarum	oat_4_d6	oat_4	day6	Lactiplantibacillus	Lactiplantibacillus
zr26742_3	YulandiA_2020__SRS6115052__bin.21	11.3954	99.04	188	SRS6115052_k141_129	98.36400818	0	104	Bacillota;Bacilli;Lactobacillales;Lactobacillaceae;Weissella	Weissella paramesenteroides	oat_4_d6	oat_4	day6	Weissella	Weissella
zr26742_3	FontanaF_2023__SRR20746854__bin.2	23.6281	96.99	162	NODE_7_length_112150_cov_14.2384_ID_46122	100	0.01	195	Pseudomonadota;Gammaproteobacteria;Enterobacterales;Enterobacteriaceae;Enterobacter	Enterobacter intestinihominis	oat_4_d6	oat_4	day6	Enterobacter	Enterobacter
zr26742_3	MortensenS_xxxx__WK002-1-L-48h-01F6_S30__bin.6	3.4722	99.82	60	WK002-1-L-48h-01F6_S30_k141_2565	100	0	16	Bacillota;Bacilli;Lactobacillales;Lactobacillaceae;Leuconostoc	Leuconostoc falkenbergense	oat_4_d6	oat_4	day6	Leuconostoc	Leuconostoc
zr26742_3	YulandiA_2020__SRS6115053__bin.10	3.5941	99.88	37	SRS6115053_k141_3360	97.73584906	0.377358491	114	Bacillota;Bacilli;Lactobacillales;Enterococcaceae;Enterococcus_D	Enterococcus D gallinarum	oat_4_d6	oat_4	day6	Enterococcus_D	Enterococcus
zr26742_3	MAG_19	5.9923	99.45	35	MAG_19_0	98.94	0.47	86	Pseudomonadota;Gammaproteobacteria;Enterobacterales;Enterobacteriaceae;Klebsiella	Klebsiella pneumoniae	oat_4_d6	oat_4	day6	Klebsiella	Klebsiella
zr26742_3	MASTER_WP4_TEAGASC_1__TGS12-29__bin.6	1.4899	99.39	19	TGS12-29_k141_701	99.62546816	0	108	Bacillota;Bacilli;Lactobacillales;Enterococcaceae;Enterococcus_B	Enterococcus B faecium	oat_4_d6	oat_4	day6	Enterococcus_B	Enterococcus
zr26742_3	EBC_134.5	3.0453	98.99	15	EBC_134.5_EBC_134_scaffold_561	98.39	8.33	294	Bacillota;Clostridia;Clostridiales;Clostridiaceae;Clostridium	Clostridium beijerinckii	oat_4_d6	oat_4	day6	Clostridium	Clostridium
zr26742_3	ODFM-BA-A-0139-001_Enterococcus_lactis_CICC_24101	0.9431	98	10.073	ODFM-BA-A-0139-001_Enterococcus_lactis_CICC_24101_NZ_WOTS01000010.1 Enterococcus lactis strain CICC 24101 NODE_10_length_82300_cov_4.602353, whole genome shotgun sequence	99.62	0	53	Bacillota;Bacilli;Lactobacillales;Enterococcaceae;Enterococcus_B	Enterococcus B lactis	oat_4_d6	oat_4	day6	Enterococcus_B	Enterococcus
zr26742_3	GCF_001885995.1_ASM188599v1_genomic	0.6903	98.04	9.104	GCF_001885995.1_ASM188599v1_genomic_NZ_JXKT01000001.1 Enterococcus italicus DSM 15952 Scaffold1, whole genome shotgun sequence	99.01	0	108	Bacillota;Bacilli;Lactobacillales;Enterococcaceae;Enterococcus_G	Enterococcus G italicus	oat_4_d6	oat_4	day6	Enterococcus_G	Enterococcus
zr26742_3	LeechJ_xxxx__AF66__bin.10	0.5062	96.07	6.585	AF66_k141_123	56.71442781	1.66218638	987	Bacillota;Clostridia;Clostridiales;Clostridiaceae;Clostridium	Clostridium beijerinckii	oat_4_d6	oat_4	day6	Clostridium	Clostridium
zr26742_3	FontanaF_2023__SRR20746839__bin.4	0.2755	98.49	4.993	NODE_2_length_148631_cov_25.9785_ID_15265	99.89	0.03	58	Bacillota;Bacilli;Lactobacillales;Lactobacillaceae;Limosilactobacillus	Limosilactobacillus fermentum	oat_4_d6	oat_4	day6	Limosilactobacillus	Limosilactobacillus
zr26742_3	P.1_bin.1	0.7176	96.68	4.87	P.1_bin.1_k77_21174	98.9	0.71	143	Pseudomonadota;Gammaproteobacteria;Enterobacterales;Enterobacteriaceae;Cronobacter	Cronobacter malonaticus	oat_4_d6	oat_4	day6	Cronobacter	Cronobacter
zr26742_3	LeechJ_xxxx__AF15__bin.4	0.2356	99.46	1.917	AF15_k141_25	77.41789117	2.841329195	974	Bacillota;Bacilli;Bacillales;Bacillaceae_G;Bacillus_A	Bacillus A pacificus	oat_4_d6	oat_4	day6	Bacillus_A	Bacillus
zr26742_3	GCF_015244665.1_ASM1524466v1_genomic	0.2	97.29	1.898	GCF_015244665.1_ASM1524466v1_genomic_NZ_JABCQN010000001.1 Gluconobacter japonicus strain R71697 contig00001, whole genome shotgun sequence	100	0	25	Pseudomonadota;Alphaproteobacteria;Acetobacterales;Acetobacteraceae;Gluconobacter_A	Gluconobacter A japonicus	oat_4_d6	oat_4	day6	Gluconobacter_A	Gluconobacter_A
zr26742_3	LeechJ_xxxx__AF89__bin.7	0.1214	95.4	0.926	AF89_k141_40	89.13303923	3.907431028	666	Pseudomonadota;Gammaproteobacteria;Enterobacterales;Enterobacteriaceae;Enterobacter	Enterobacter vonholyi	oat_4_d6	oat_4	day6	Enterobacter	Enterobacter
zr26742_3	MotaGutierrezJ_2021__SRR11602140__bin.22	0.0996	98.58	0.836	NODE_306_length_23997_cov_9.0000_ID_64100	76.3	2.56	977	Pseudomonadota;Gammaproteobacteria;Enterobacterales;Enterobacteriaceae;Pantoea	Pantoea dispersa	oat_4_d6	oat_4	day6	Pantoea	Pantoea
zr26742_3	LeechJ_xxxx__AF66__bin.13	0.0297	99.05	0.708	AF66_k141_253	56.50470219	0	338	Bacillota;Bacilli;Lactobacillales;Streptococcaceae;Lactococcus	Lactococcus taiwanensis	oat_4_d6	oat_4	day6	Lactococcus	Lactococcus
zr26742_3	MAG_45	0.0484	98.71	0.579	MAG_45_0	85.45	0.19	536	Bacillota;Bacilli;Lactobacillales;Enterococcaceae;Enterococcus_D	Enterococcus D casseliflavus	oat_4_d6	oat_4	day6	Enterococcus_D	Enterococcus
zr26742_3	KharnaiorP_2023__SRR22859379__bin.8	0.0266	99.05	0.513	NODE_3_length_161229_cov_37.0000_ID_62026	99.96	0.01	43	Bacillota;Bacilli;Lactobacillales;Lactobacillaceae;Pediococcus	Pediococcus pentosaceus	oat_4_d6	oat_4	day6	Pediococcus	Pediococcus
zr26742_3	LeechJ_2020__ERS3967691__bin.13	0.019	97.84	0.299	ERS3967691_k141_96	92.61758691	1.533742331	211	Bacillota;Bacilli;Lactobacillales;Lactobacillaceae;Weissella	Weissella cibaria	oat_4_d6	oat_4	day6	Weissella	Weissella
zr26742_3	FontanaF_2023__SRR20746834__bin.2	0.0147	96.22	0.162	NODE_15_length_59385_cov_11.2996_ID_3067	99.89	0.4	332	Bacillota;Bacilli;Lactobacillales;Enterococcaceae;Enterococcus_B	Enterococcus B durans	oat_4_d6	oat_4	day6	Enterococcus_B	Enterococcus
zr26742_3	LandisEA_2021__SRS5653333__bin.1	0.0131	98.32	0.162	SRS5653333_k141_170	99.18478261	1.358695652	124	Bacillota;Bacilli;Lactobacillales;Lactobacillaceae;Loigolactobacillus	Loigolactobacillus coryniformis	oat_4_d6	oat_4	day6	Loigolactobacillus	Loigolactobacillus
zr26742_3	YulandiA_2020__SRS6115053__bin.3	0.0144	97.52	0.117	SRS6115053_k141_44	87.46957694	2.784657723	888	Pseudomonadota;Gammaproteobacteria;Burkholderiales;Burkholderiaceae;Comamonas	Comamonas terrae	oat_4_d6	oat_4	day6	Comamonas	Comamonas
zr26742_3	MAG_312	0.0103	98.35	0.091	MAG_312_0	99.73	0.05	90	Pseudomonadota;Gammaproteobacteria;Pseudomonadales;Moraxellaceae;Acinetobacter	Acinetobacter baumannii	oat_4_d6	oat_4	day6	Acinetobacter	Acinetobacter
zr28333_7	YuY_2022__SRR16950700__bin.23	18.5043	97.78	37	NODE_137_length_39565_cov_54.0000_ID_37700	94.14	3.41	270	Bacillota;Bacilli;Bacillales;Bacillaceae_H;Priestia	Priestia megaterium	oat_23_d1	oat_23	day1	Priestia	Priestia
zr28333_7	EBC_082.15	42.7714	98.52	36	EBC_082.15_EBC_082_scaffold_602	92.69	4.54	82	Pseudomonadota;Gammaproteobacteria;Enterobacterales;Enterobacteriaceae;Kosakonia	Kosakonia cowanii	oat_23_d1	oat_23	day1	Kosakonia	Kosakonia
zr28333_7	MotaGutierrezJ_2021__SRR11602153__bin.4	34.4479	99.22	34	NODE_1_length_695767_cov_46.0000_ID_85857	100	0.13	33	Bacillota;Bacilli;Bacillales;Bacillaceae;Bacillus	Bacillus subtilis	oat_23_d1	oat_23	day1	Bacillus	Bacillus
zr28333_7	ODFM-BA-A-0139-001_Enterococcus_lactis_CICC_24101	2.7414	98.24	3.786	ODFM-BA-A-0139-001_Enterococcus_lactis_CICC_24101_NZ_WOTS01000010.1 Enterococcus lactis strain CICC 24101 NODE_10_length_82300_cov_4.602353, whole genome shotgun sequence	99.62	0	53	Bacillota;Bacilli;Lactobacillales;Enterococcaceae;Enterococcus_B	Enterococcus B lactis	oat_23_d1	oat_23	day1	Enterococcus_B	Enterococcus
zr28333_7	MAG_45	0.9605	99.1	1.486	MAG_45_0	85.45	0.19	536	Bacillota;Bacilli;Lactobacillales;Enterococcaceae;Enterococcus_D	Enterococcus D casseliflavus	oat_23_d1	oat_23	day1	Enterococcus_D	Enterococcus
zr28333_7	YuY_2022__SRR16950700__bin.25	0.1735	98.73	0.325	NODE_144_length_38003_cov_20.0000_ID_27523	55.9	0.09	505	Bacillota;Bacilli;Bacillales;Bacillaceae_H;Priestia	Priestia flexa	oat_23_d1	oat_23	day1	Priestia	Priestia
zr28333_7	MAG_131	0.2226	97.4	0.182	MAG_131_0	83.22	1.63	466	Bacillota;Bacilli;Bacillales_B;Bacillaceae_C;Heyndrickxia	Heyndrickxia oleronia	oat_23_d1	oat_23	day1	Heyndrickxia	Heyndrickxia
zr28333_7	LeechJ_xxxx__AF15__bin.4	0.0786	96.64	0.083	AF15_k141_25	77.41789117	2.841329195	974	Bacillota;Bacilli;Bacillales;Bacillaceae_G;Bacillus_A	Bacillus A pacificus	oat_23_d1	oat_23	day1	Bacillus_A	Bacillus
zr28333_7	XieM_2019__SAMC044639__bin.32	0.0579	97.3	0.05	SAMC044639_k141_719	97.32240437	1.879781421	45	Pseudomonadota;Gammaproteobacteria;Enterobacterales;Enterobacteriaceae;Pantoea	Pantoea agglomerans	oat_23_d1	oat_23	day1	Pantoea	Pantoea
zr28333_7	TomarS_2023__SRR15925267__bin.15	0.0417	98.14	0.042	NODE_1_length_226747_cov_170.6923_ID_63368	99.98	0.04	66	Bacillota;Bacilli;Bacillales;Bacillaceae;Bacillus	Bacillus licheniformis	oat_23_d1	oat_23	day1	Bacillus	Bacillus
zr28333_17	EBC_082.15	61.9895	98.61	71	EBC_082.15_EBC_082_scaffold_602	92.69	4.54	82	Pseudomonadota;Gammaproteobacteria;Enterobacterales;Enterobacteriaceae;Kosakonia	Kosakonia cowanii	oat_23_d2	oat_23	day2	Kosakonia	Kosakonia
zr28333_17	MortensenS_xxxx__WK002-1-L-48h-01F6_S30__bin.6	15.1312	99.83	46	WK002-1-L-48h-01F6_S30_k141_2565	100	0	16	Bacillota;Bacilli;Lactobacillales;Lactobacillaceae;Leuconostoc	Leuconostoc falkenbergense	oat_23_d2	oat_23	day2	Leuconostoc	Leuconostoc
zr28333_17	MAG_45	12.3531	99.65	26	MAG_45_0	85.45	0.19	536	Bacillota;Bacilli;Lactobacillales;Enterococcaceae;Enterococcus_D	Enterococcus D casseliflavus	oat_23_d2	oat_23	day2	Enterococcus_D	Enterococcus
zr28333_17	ODFM-BA-A-0139-001_Enterococcus_lactis_CICC_24101	4.6014	98.41	8.646	ODFM-BA-A-0139-001_Enterococcus_lactis_CICC_24101_NZ_WOTS01000010.1 Enterococcus lactis strain CICC 24101 NODE_10_length_82300_cov_4.602353, whole genome shotgun sequence	99.62	0	53	Bacillota;Bacilli;Lactobacillales;Enterococcaceae;Enterococcus_B	Enterococcus B lactis	oat_23_d2	oat_23	day2	Enterococcus_B	Enterococcus
zr28333_17	LeechJ_xxxx__AF66__bin.10	2.7228	97.41	6.232	AF66_k141_123	56.71442781	1.66218638	987	Bacillota;Clostridia;Clostridiales;Clostridiaceae;Clostridium	Clostridium beijerinckii	oat_23_d2	oat_23	day2	Clostridium	Clostridium
zr28333_17	FontanaF_2023__SRR20746834__bin.2	0.6703	98.58	1.299	NODE_15_length_59385_cov_11.2996_ID_3067	99.89	0.4	332	Bacillota;Bacilli;Lactobacillales;Enterococcaceae;Enterococcus_B	Enterococcus B durans	oat_23_d2	oat_23	day2	Enterococcus_B	Enterococcus
zr28333_17	LeechJ_xxxx__AF52__bin.1	0.9086	97.39	1.156	AF52_k141_89	94.53642384	3.752759382	629	Bacillota;Bacilli;Bacillales_A;Planococcaceae;Lysinibacillus	Lysinibacillus boronitolerans	oat_23_d2	oat_23	day2	Lysinibacillus	Lysinibacillus
zr28333_17	MotaGutierrezJ_2021__SRR11602153__bin.4	0.7588	98.65	1.019	NODE_1_length_695767_cov_46.0000_ID_85857	100	0.13	33	Bacillota;Bacilli;Bacillales;Bacillaceae;Bacillus	Bacillus subtilis	oat_23_d2	oat_23	day2	Bacillus	Bacillus
zr28333_17	GCF_001885995.1_ASM188599v1_genomic	0.1868	97.71	0.433	GCF_001885995.1_ASM188599v1_genomic_NZ_JXKT01000001.1 Enterococcus italicus DSM 15952 Scaffold1, whole genome shotgun sequence	99.01	0	108	Bacillota;Bacilli;Lactobacillales;Enterococcaceae;Enterococcus_G	Enterococcus G italicus	oat_23_d2	oat_23	day2	Enterococcus_G	Enterococcus
zr28333_17	KharnaiorP_2023__SRR22859377__bin.10	0.1768	98.14	0.353	NODE_8_length_174488_cov_60.9499_ID_127332	87.3	1.14	139	Bacillota;Bacilli;Lactobacillales;Enterococcaceae;Enterococcus_D	Enterococcus D sp001297065	oat_23_d2	oat_23	day2	Enterococcus_D	Enterococcus
zr28333_17	LeechJ_xxxx__AF15__bin.4	0.2158	99.04	0.309	AF15_k141_25	77.41789117	2.841329195	974	Bacillota;Bacilli;Bacillales;Bacillaceae_G;Bacillus_A	Bacillus A pacificus	oat_23_d2	oat_23	day2	Bacillus_A	Bacillus
zr28333_17	YuY_2022__SRR16950700__bin.23	0.0739	98.03	0.201	NODE_137_length_39565_cov_54.0000_ID_37700	94.14	3.41	270	Bacillota;Bacilli;Bacillales;Bacillaceae_H;Priestia	Priestia megaterium	oat_23_d2	oat_23	day2	Priestia	Priestia
zr28333_17	YulandiA_2020__SRS6115052__bin.21	0.0374	97.93	0.109	SRS6115052_k141_129	98.36400818	0	104	Bacillota;Bacilli;Lactobacillales;Lactobacillaceae;Weissella	Weissella paramesenteroides	oat_23_d2	oat_23	day2	Weissella	Weissella
zr28333_17	P.1_bin.1	0.0782	95.76	0.093	P.1_bin.1_k77_21174	98.9	0.71	143	Pseudomonadota;Gammaproteobacteria;Enterobacterales;Enterobacteriaceae;Cronobacter	Cronobacter malonaticus	oat_23_d2	oat_23	day2	Cronobacter	Cronobacter
zr28333_17	XieM_2019__SAMC044639__bin.32	0.0692	98.37	0.081	SAMC044639_k141_719	97.32240437	1.879781421	45	Pseudomonadota;Gammaproteobacteria;Enterobacterales;Enterobacteriaceae;Pantoea	Pantoea agglomerans	oat_23_d2	oat_23	day2	Pantoea	Pantoea
zr28333_17	LimaC_2020__SRR9640350__bin.12	0.0263	96.81	0.039	NODE_7_length_94694_cov_8.8202_ID_19916	99.8	0.44	281	Bacillota;Bacilli;Bacillales_B;Bacillaceae_C;Weizmannia	Weizmannia ginsengihumi	oat_23_d2	oat_23	day2	Weizmannia	Weizmannia
zr28333_21	ODFM-BA-A-0094-002_Leuconostoc_lactis_WIKIM21	67.2878	99.58	760	ODFM-BA-A-0094-002_Leuconostoc_lactis_WIKIM21_NZ_LJIV01000001.1 Leuconostoc lactis strain WIKIM21 contig00001, whole genome shotgun sequence	99.44	0.84	22	Bacillota;Bacilli;Lactobacillales;Lactobacillaceae;Leuconostoc	Leuconostoc lactis A	oat_10_d3	oat_10	day3	Leuconostoc	Leuconostoc
zr28333_21	ODFM-BA-A-0005-002_Lactobacillus_curvatus_WiKim38	15.5058	99.55	159	ODFM-BA-A-0005-002_Lactobacillus_curvatus_WiKim38_NZ_CP017124.1 Lactobacillus curvatus strain WiKim38, complete genome	99.46	0	1	Bacillota;Bacilli;Lactobacillales;Lactobacillaceae;Latilactobacillus	Latilactobacillus curvatus	oat_10_d3	oat_10	day3	Latilactobacillus	Latilactobacillus
zr28333_21	CM_UNINA_FFOOD__FFOOD_245__bin.2	8.9368	97.9	117	NODE_1_length_160535_cov_17.2789_ID_55527	99.58	0.22	34	Bacillota;Bacilli;Lactobacillales;Lactobacillaceae;Leuconostoc	Leuconostoc lactis	oat_10_d3	oat_10	day3	Leuconostoc	Leuconostoc
zr28333_21	LeechJ_xxxx__AF66__bin.13	2.0004	99.33	31	AF66_k141_253	56.50470219	0	338	Bacillota;Bacilli;Lactobacillales;Streptococcaceae;Lactococcus	Lactococcus taiwanensis	oat_10_d3	oat_10	day3	Lactococcus	Lactococcus
zr28333_21	MortensenS_xxxx__WK028-2-L-48h-03A1_S20__bin.5	0.767	99.82	8.97	WK028-2-L-48h-03A1_S20_k141_3165	99.88764045	0	19	Bacillota;Bacilli;Lactobacillales;Lactobacillaceae;Leuconostoc	Leuconostoc citreum	oat_10_d3	oat_10	day3	Leuconostoc	Leuconostoc
zr28333_21	LeechJ_2020__ERS3967691__bin.13	0.8569	98.07	8.746	ERS3967691_k141_96	92.61758691	1.533742331	211	Bacillota;Bacilli;Lactobacillales;Lactobacillaceae;Weissella	Weissella cibaria	oat_10_d3	oat_10	day3	Weissella	Weissella
zr28333_21	EBC_082.15	1.7991	98.95	7.608	EBC_082.15_EBC_082_scaffold_602	92.69	4.54	82	Pseudomonadota;Gammaproteobacteria;Enterobacterales;Enterobacteriaceae;Kosakonia	Kosakonia cowanii	oat_10_d3	oat_10	day3	Kosakonia	Kosakonia
zr28333_21	MAG_501	0.6411	99.16	5.573	MAG_501_0	100	0	46	Bacillota;Bacilli;Lactobacillales;Streptococcaceae;Lactococcus	Lactococcus lactis	oat_10_d3	oat_10	day3	Lactococcus	Lactococcus
zr28333_21	MortensenS_xxxx__WK002-1-L-48h-01F6_S30__bin.6	0.2744	99.52	3.081	WK002-1-L-48h-01F6_S30_k141_2565	100	0	16	Bacillota;Bacilli;Lactobacillales;Lactobacillaceae;Leuconostoc	Leuconostoc falkenbergense	oat_10_d3	oat_10	day3	Leuconostoc	Leuconostoc
zr28333_21	MAG_183	0.4165	99.18	1.837	MAG_183_0	95.53	2.68	667	Pseudomonadota;Gammaproteobacteria;Enterobacterales;Enterobacteriaceae;Leclercia	Leclercia adecarboxylata	oat_10_d3	oat_10	day3	Leclercia	Leclercia
zr28333_21	MortensenS_xxxx__WK023-1-L-48h-02G3_S117__bin.1	0.1553	95.62	1.544	WK023-1-L-48h-02G3_S117_k141_1117	99.82363316	0	29	Bacillota;Bacilli;Lactobacillales;Lactobacillaceae;Leuconostoc	Leuconostoc pseudomesenteroides	oat_10_d3	oat_10	day3	Leuconostoc	Leuconostoc
zr28333_21	EBC_095.37	0.2202	99.63	1.408	EBC_095.37_EBC_095_scaffold_66	58.62	0	70	Pseudomonadota;Gammaproteobacteria;Enterobacterales;Enterobacteriaceae;Erwinia	Erwinia sp003937915	oat_10_d3	oat_10	day3	Erwinia	Erwinia
zr28333_21	MAG_116	0.0794	97.51	1.39	MAG_116_0	51.9	1.59	467	Bacillota;Bacilli;Lactobacillales;Lactobacillaceae;Leuconostoc	Leuconostoc pseudomesenteroides	oat_10_d3	oat_10	day3	Leuconostoc	Leuconostoc
zr28333_21	XieM_2019__SAMC044639__bin.32	0.2627	99.42	1.14	SAMC044639_k141_719	97.32240437	1.879781421	45	Pseudomonadota;Gammaproteobacteria;Enterobacterales;Enterobacteriaceae;Pantoea	Pantoea agglomerans	oat_10_d3	oat_10	day3	Pantoea	Pantoea
zr28333_21	FontanaF_2023__SRR20746838__bin.11	0.091	97.94	0.991	NODE_1_length_180989_cov_16.9995_ID_3968	91.82	0.24	71	Bacillota;Bacilli;Lactobacillales;Streptococcaceae;Lactococcus	Lactococcus garvieae	oat_10_d3	oat_10	day3	Lactococcus	Lactococcus
zr28333_21	LeechJ_xxxx__AF73__bin.2	0.2091	98.73	0.965	AF73_k141_59	96.33336326	1.470508658	112	Pseudomonadota;Gammaproteobacteria;Enterobacterales;Enterobacteriaceae;Enterobacter_D	Enterobacter D kobei A	oat_10_d3	oat_10	day3	Enterobacter_D	Enterobacter_D
zr28333_21	FontanaF_2023__SRR20746854__bin.2	0.179	96.31	0.797	NODE_7_length_112150_cov_14.2384_ID_46122	100	0.01	195	Pseudomonadota;Gammaproteobacteria;Enterobacterales;Enterobacteriaceae;Enterobacter	Enterobacter intestinihominis	oat_10_d3	oat_10	day3	Enterobacter	Enterobacter
zr28333_21	MAG_107	0.0428	97.92	0.669	MAG_107_0	67.86	8.62	565	Bacillota;Bacilli;Bacillales;Bacillaceae_G;Bacillus_A	Bacillus A cereus	oat_10_d3	oat_10	day3	Bacillus_A	Bacillus
zr28333_21	LeechJ_xxxx__AF15__bin.4	0.0894	95.1	0.472	AF15_k141_25	77.41789117	2.841329195	974	Bacillota;Bacilli;Bacillales;Bacillaceae_G;Bacillus_A	Bacillus A pacificus	oat_10_d3	oat_10	day3	Bacillus_A	Bacillus
zr28333_21	CM_UNINA_FFOOD__FFOOD_289__bin.32	0.0881	97.03	0.42	NODE_38_length_116599_cov_69.9888_ID_20640	82.32	1.9	257	Pseudomonadota;Gammaproteobacteria;Enterobacterales;Enterobacteriaceae;Lelliottia	Lelliottia nimipressuralis	oat_10_d3	oat_10	day3	Lelliottia	Lelliottia
zr28333_21	GCF_009913915.1_ASM991391v1_genomic	0.0265	98.46	0.256	GCF_009913915.1_ASM991391v1_genomic_NZ_CP028251.1 Leuconostoc mesenteroides strain SRCM102733 chromosome, complete genome	100	0	3	Bacillota;Bacilli;Lactobacillales;Lactobacillaceae;Leuconostoc	Leuconostoc mesenteroides	oat_10_d3	oat_10	day3	Leuconostoc	Leuconostoc
zr28333_21	MotaGutierrezJ_2021__SRR11602140__bin.22	0.0258	97.98	0.14	NODE_306_length_23997_cov_9.0000_ID_64100	76.3	2.56	977	Pseudomonadota;Gammaproteobacteria;Enterobacterales;Enterobacteriaceae;Pantoea	Pantoea dispersa	oat_10_d3	oat_10	day3	Pantoea	Pantoea
zr28333_21	KharnaiorP_2023__SRR22859377__bin.10	0.0152	98.88	0.112	NODE_8_length_174488_cov_60.9499_ID_127332	87.3	1.14	139	Bacillota;Bacilli;Lactobacillales;Enterococcaceae;Enterococcus_D	Enterococcus D sp001297065	oat_10_d3	oat_10	day3	Enterococcus_D	Enterococcus
zr28333_21	MAG_45	0.0141	95.54	0.11	MAG_45_0	85.45	0.19	536	Bacillota;Bacilli;Lactobacillales;Enterococcaceae;Enterococcus_D	Enterococcus D casseliflavus	oat_10_d3	oat_10	day3	Enterococcus_D	Enterococcus
zr28333_21	CM_UNINA_FFOOD__FFOOD_266__bin.6	0.0104	99.34	0.04	NODE_1_length_400287_cov_21.9997_ID_32608	79.16	1.36	227	Pseudomonadota;Gammaproteobacteria;Pseudomonadales;Pseudomonadaceae;Pseudomonas_E	Pseudomonas E simiae	oat_10_d3	oat_10	day3	Pseudomonas_E	Pseudomonas_E
zr28333_21	SEM_41_S58.18	0.0054	97.53	0.029	SEM_41_S58.18_SEM_41_S58_scaffold_33	67.4	0	639	Pseudomonadota;Gammaproteobacteria;Pseudomonadales;Pseudomonadaceae;Pseudomonas_B	Pseudomonas B benzopyrenica	oat_10_d3	oat_10	day3	Pseudomonas_B	Pseudomonas_B
zr28333_32	FalardeauJ_2023__SRR20811279__bin.3	39.4728	99.02	117	NODE_1_length_274429_cov_22.9992_ID_7781	99.97	0.24	56	Bacillota;Bacilli;Lactobacillales;Lactobacillaceae;Lactiplantibacillus	Lactiplantibacillus plantarum	oat_18_d6	oat_18	day6	Lactiplantibacillus	Lactiplantibacillus
zr28333_32	KharnaiorP_2023__SRR22859379__bin.8	18.2677	99.16	106	NODE_3_length_161229_cov_37.0000_ID_62026	99.96	0.01	43	Bacillota;Bacilli;Lactobacillales;Lactobacillaceae;Pediococcus	Pediococcus pentosaceus	oat_18_d6	oat_18	day6	Pediococcus	Pediococcus
zr28333_32	GCF_009913915.1_ASM991391v1_genomic	15.401	99.62	69	GCF_009913915.1_ASM991391v1_genomic_NZ_CP028251.1 Leuconostoc mesenteroides strain SRCM102733 chromosome, complete genome	100	0	3	Bacillota;Bacilli;Lactobacillales;Lactobacillaceae;Leuconostoc	Leuconostoc mesenteroides	oat_18_d6	oat_18	day6	Leuconostoc	Leuconostoc
zr28333_32	CM_UNINA_FFOOD__FFOOD_425__bin.9	5.4452	99.32	27	NODE_1_length_598382_cov_75.9985_ID_32759	99.98	0	9	Bacillota;Bacilli;Lactobacillales;Lactobacillaceae;Pediococcus	Pediococcus acidilactici	oat_18_d6	oat_18	day6	Pediococcus	Pediococcus
zr28333_32	ODFM-BA-A-0005-002_Lactobacillus_curvatus_WiKim38	3.7863	99.31	18	ODFM-BA-A-0005-002_Lactobacillus_curvatus_WiKim38_NZ_CP017124.1 Lactobacillus curvatus strain WiKim38, complete genome	99.46	0	1	Bacillota;Bacilli;Lactobacillales;Lactobacillaceae;Latilactobacillus	Latilactobacillus curvatus	oat_18_d6	oat_18	day6	Latilactobacillus	Latilactobacillus
zr28333_32	MortensenS_xxxx__WK028-2-L-48h-03A1_S20__bin.5	2.7665	99.36	15	WK028-2-L-48h-03A1_S20_k141_3165	99.88764045	0	19	Bacillota;Bacilli;Lactobacillales;Lactobacillaceae;Leuconostoc	Leuconostoc citreum	oat_18_d6	oat_18	day6	Leuconostoc	Leuconostoc
zr28333_32	LeechJ_xxxx__AF66__bin.10	3.3118	99.01	12.975	AF66_k141_123	56.71442781	1.66218638	987	Bacillota;Clostridia;Clostridiales;Clostridiaceae;Clostridium	Clostridium beijerinckii	oat_18_d6	oat_18	day6	Clostridium	Clostridium
zr28333_32	LeechJ_2020__ERS3967691__bin.13	1.913	97.71	9.052	ERS3967691_k141_96	92.61758691	1.533742331	211	Bacillota;Bacilli;Lactobacillales;Lactobacillaceae;Weissella	Weissella cibaria	oat_18_d6	oat_18	day6	Weissella	Weissella
zr28333_32	EBC_134.5	5.3527	98.19	7.94	EBC_134.5_EBC_134_scaffold_561	98.39	8.33	294	Bacillota;Clostridia;Clostridiales;Clostridiaceae;Clostridium	Clostridium beijerinckii	oat_18_d6	oat_18	day6	Clostridium	Clostridium
zr28333_32	XieM_2019__SAMC044639__bin.32	1.8737	99.39	3.768	SAMC044639_k141_719	97.32240437	1.879781421	45	Pseudomonadota;Gammaproteobacteria;Enterobacterales;Enterobacteriaceae;Pantoea	Pantoea agglomerans	oat_18_d6	oat_18	day6	Pantoea	Pantoea
zr28333_32	ODFM-BA-A-0139-001_Enterococcus_lactis_CICC_24101	1.1109	98.94	3.573	ODFM-BA-A-0139-001_Enterococcus_lactis_CICC_24101_NZ_WOTS01000010.1 Enterococcus lactis strain CICC 24101 NODE_10_length_82300_cov_4.602353, whole genome shotgun sequence	99.62	0	53	Bacillota;Bacilli;Lactobacillales;Enterococcaceae;Enterococcus_B	Enterococcus B lactis	oat_18_d6	oat_18	day6	Enterococcus_B	Enterococcus
zr28333_32	ODFM-BA-A-0027-003_Lactobacillus_sakei_WiKim0072	0.6893	98.94	3.128	ODFM-BA-A-0027-003_Lactobacillus_sakei_WiKim0072_NZ_CP025136.1 Lactobacillus sakei strain WiKim0072 chromosome, complete genome	99.46	0	3	Bacillota;Bacilli;Lactobacillales;Lactobacillaceae;Latilactobacillus	Latilactobacillus sakei	oat_18_d6	oat_18	day6	Latilactobacillus	Latilactobacillus
zr28333_32	GCF_004771075.1_ASM477107v1_genomic	0.2002	98.44	0.833	GCF_004771075.1_ASM477107v1_genomic_NZ_CP027563.1 Weissella confusa strain VTT E-133279 chromosome, complete genome	99.08	0	2	Bacillota;Bacilli;Lactobacillales;Lactobacillaceae;Weissella	Weissella confusa	oat_18_d6	oat_18	day6	Weissella	Weissella
zr28333_32	EBC_082.15	0.1955	97.73	0.383	EBC_082.15_EBC_082_scaffold_602	92.69	4.54	82	Pseudomonadota;Gammaproteobacteria;Enterobacterales;Enterobacteriaceae;Kosakonia	Kosakonia cowanii	oat_18_d6	oat_18	day6	Kosakonia	Kosakonia
zr28333_32	WolfeBE_2014__932_Robiola_due_Latte__bin.1	0.1061	99.51	0.175	932_Robiola_due_Latte_k119_35	95.15138909	3.867375948	320	Pseudomonadota;Gammaproteobacteria;Pseudomonadales;Pseudomonadaceae;Pseudomonas_E	Pseudomonas E putida	oat_18_d6	oat_18	day6	Pseudomonas_E	Pseudomonas_E
zr28333_32	LeechJ_xxxx__AF73__bin.2	0.046	97.51	0.098	AF73_k141_59	96.33336326	1.470508658	112	Pseudomonadota;Gammaproteobacteria;Enterobacterales;Enterobacteriaceae;Enterobacter_D	Enterobacter D kobei A	oat_18_d6	oat_18	day6	Enterobacter_D	Enterobacter_D
zr28333_32	KharnaiorP_2023__SRR22859377__bin.10	0.028	97.15	0.096	NODE_8_length_174488_cov_60.9499_ID_127332	87.3	1.14	139	Bacillota;Bacilli;Lactobacillales;Enterococcaceae;Enterococcus_D	Enterococcus D sp001297065	oat_18_d6	oat_18	day6	Enterococcus_D	Enterococcus
zr28333_32	LeechJ_xxxx__AF15__bin.4	0.0334	97.91	0.082	AF15_k141_25	77.41789117	2.841329195	974	Bacillota;Bacilli;Bacillales;Bacillaceae_G;Bacillus_A	Bacillus A pacificus	oat_18_d6	oat_18	day6	Bacillus_A	Bacillus
zr28333_35	MortensenS_xxxx__WK002-1-L-48h-01F6_S30__bin.6	32.2602	99.9	105	WK002-1-L-48h-01F6_S30_k141_2565	100	0	16	Bacillota;Bacilli;Lactobacillales;Lactobacillaceae;Leuconostoc	Leuconostoc falkenbergense	oat_23_d6	oat_23	day6	Leuconostoc	Leuconostoc
zr28333_35	EBC_082.15	49.7451	98.6	61	EBC_082.15_EBC_082_scaffold_602	92.69	4.54	82	Pseudomonadota;Gammaproteobacteria;Enterobacterales;Enterobacteriaceae;Kosakonia	Kosakonia cowanii	oat_23_d6	oat_23	day6	Kosakonia	Kosakonia
zr28333_35	MAG_45	11.5381	99.68	26	MAG_45_0	85.45	0.19	536	Bacillota;Bacilli;Lactobacillales;Enterococcaceae;Enterococcus_D	Enterococcus D casseliflavus	oat_23_d6	oat_23	day6	Enterococcus_D	Enterococcus
zr28333_35	LeechJ_xxxx__AF66__bin.10	1.9884	97.4	4.872	AF66_k141_123	56.71442781	1.66218638	987	Bacillota;Clostridia;Clostridiales;Clostridiaceae;Clostridium	Clostridium beijerinckii	oat_23_d6	oat_23	day6	Clostridium	Clostridium
zr28333_35	FontanaF_2023__SRR20746834__bin.2	1.6434	98.26	3.41	NODE_15_length_59385_cov_11.2996_ID_3067	99.89	0.4	332	Bacillota;Bacilli;Lactobacillales;Enterococcaceae;Enterococcus_B	Enterococcus B durans	oat_23_d6	oat_23	day6	Enterococcus_B	Enterococcus
zr28333_35	GCF_001885995.1_ASM188599v1_genomic	0.5782	97.56	1.436	GCF_001885995.1_ASM188599v1_genomic_NZ_JXKT01000001.1 Enterococcus italicus DSM 15952 Scaffold1, whole genome shotgun sequence	99.01	0	108	Bacillota;Bacilli;Lactobacillales;Enterococcaceae;Enterococcus_G	Enterococcus G italicus	oat_23_d6	oat_23	day6	Enterococcus_G	Enterococcus
zr28333_35	ODFM-BA-A-0139-001_Enterococcus_lactis_CICC_24101	0.4627	99.24	0.931	ODFM-BA-A-0139-001_Enterococcus_lactis_CICC_24101_NZ_WOTS01000010.1 Enterococcus lactis strain CICC 24101 NODE_10_length_82300_cov_4.602353, whole genome shotgun sequence	99.62	0	53	Bacillota;Bacilli;Lactobacillales;Enterococcaceae;Enterococcus_B	Enterococcus B lactis	oat_23_d6	oat_23	day6	Enterococcus_B	Enterococcus
zr28333_35	KharnaiorP_2023__SRR22859377__bin.10	0.3119	99.14	0.666	NODE_8_length_174488_cov_60.9499_ID_127332	87.3	1.14	139	Bacillota;Bacilli;Lactobacillales;Enterococcaceae;Enterococcus_D	Enterococcus D sp001297065	oat_23_d6	oat_23	day6	Enterococcus_D	Enterococcus
zr28333_35	DuR_2020__DRS139333__bin.13	0.9056	98.6	0.425	DRS139333_k141_32	71	0.6	3628	Ascomycota;Saccharomycetes;Saccharomycetales;Phaffomycetaceae;Wickerhamomyces	Wickerhamomyces anomalus	oat_23_d6	oat_23	day6	Wickerhamomyces	Wickerhamomyces
zr28333_35	YulandiA_2020__SRS6115052__bin.21	0.1115	98.45	0.347	SRS6115052_k141_129	98.36400818	0	104	Bacillota;Bacilli;Lactobacillales;Lactobacillaceae;Weissella	Weissella paramesenteroides	oat_23_d6	oat_23	day6	Weissella	Weissella
zr28333_35	P.1_bin.1	0.2035	95.74	0.26	P.1_bin.1_k77_21174	98.9	0.71	143	Pseudomonadota;Gammaproteobacteria;Enterobacterales;Enterobacteriaceae;Cronobacter	Cronobacter malonaticus	oat_23_d6	oat_23	day6	Cronobacter	Cronobacter
zr28333_35	MotaGutierrezJ_2021__SRR11602153__bin.4	0.0579	98.52	0.083	NODE_1_length_695767_cov_46.0000_ID_85857	100	0.13	33	Bacillota;Bacilli;Bacillales;Bacillaceae;Bacillus	Bacillus subtilis	oat_23_d6	oat_23	day6	Bacillus	Bacillus
zr28333_35	LeechJ_xxxx__AF52__bin.1	0.0489	98.03	0.067	AF52_k141_89	94.53642384	3.752759382	629	Bacillota;Bacilli;Bacillales_A;Planococcaceae;Lysinibacillus	Lysinibacillus boronitolerans	oat_23_d6	oat_23	day6	Lysinibacillus	Lysinibacillus
zr28333_35	ODFM-BA-A-0005-002_Lactobacillus_curvatus_WiKim38	0.0195	96.36	0.058	ODFM-BA-A-0005-002_Lactobacillus_curvatus_WiKim38_NZ_CP017124.1 Lactobacillus curvatus strain WiKim38, complete genome	99.46	0	1	Bacillota;Bacilli;Lactobacillales;Lactobacillaceae;Latilactobacillus	Latilactobacillus curvatus	oat_23_d6	oat_23	day6	Latilactobacillus	Latilactobacillus
zr28333_35	XieM_2019__SAMC044639__bin.32	0.043	99.18	0.054	SAMC044639_k141_719	97.32240437	1.879781421	45	Pseudomonadota;Gammaproteobacteria;Enterobacterales;Enterobacteriaceae;Pantoea	Pantoea agglomerans	oat_23_d6	oat_23	day6	Pantoea	Pantoea
zr28333_35	LimaC_2020__SRR9640350__bin.12	0.0297	97.31	0.047	NODE_7_length_94694_cov_8.8202_ID_19916	99.8	0.44	281	Bacillota;Bacilli;Bacillales_B;Bacillaceae_C;Weizmannia	Weizmannia ginsengihumi	oat_23_d6	oat_23	day6	Weizmannia	Weizmannia
zr28333_35	LeechJ_xxxx__AF15__bin.4	0.0293	99.26	0.045	AF15_k141_25	77.41789117	2.841329195	974	Bacillota;Bacilli;Bacillales;Bacillaceae_G;Bacillus_A	Bacillus A pacificus	oat_23_d6	oat_23	day6	Bacillus_A	Bacillus
zr28333_35	KharnaiorP_2023__SRR22859379__bin.8	0.0105	98.5	0.038	NODE_3_length_161229_cov_37.0000_ID_62026	99.96	0.01	43	Bacillota;Bacilli;Lactobacillales;Lactobacillaceae;Pediococcus	Pediococcus pentosaceus	oat_23_d6	oat_23	day6	Pediococcus	Pediococcus
zr28333_35	DeFilippisF_xxxx__DF_9__bin.12	0.0123	98.31	0.036	DF_9_k141_14	60.5015674	3.448275862	664	Pseudomonadota;Gammaproteobacteria;Pseudomonadales;Moraxellaceae;Moraxella_A	Moraxella A sp902506215	oat_23_d6	oat_23	day6	Moraxella_A	Moraxella_A
zr28333_36	LeechJ_xxxx__AF66__bin.10	34.8608	98.29	64	AF66_k141_123	56.71442781	1.66218638	987	Bacillota;Clostridia;Clostridiales;Clostridiaceae;Clostridium	Clostridium beijerinckii	oat_26_d6	oat_26	day6	Clostridium	Clostridium
zr28333_36	EBC_134.5	61.8617	96.59	43	EBC_134.5_EBC_134_scaffold_561	98.39	8.33	294	Bacillota;Clostridia;Clostridiales;Clostridiaceae;Clostridium	Clostridium beijerinckii	oat_26_d6	oat_26	day6	Clostridium	Clostridium
zr28333_36	MAG_107	1.3028	99.41	4.418	MAG_107_0	67.86	8.62	565	Bacillota;Bacilli;Bacillales;Bacillaceae_G;Bacillus_A	Bacillus A cereus	oat_26_d6	oat_26	day6	Bacillus_A	Bacillus
zr28333_36	LeechJ_xxxx__AF15__bin.4	1.7151	98.98	1.969	AF15_k141_25	77.41789117	2.841329195	974	Bacillota;Bacilli;Bacillales;Bacillaceae_G;Bacillus_A	Bacillus A pacificus	oat_26_d6	oat_26	day6	Bacillus_A	Bacillus
zr28333_36	XieM_2019__SAMC044639__bin.32	0.2324	98.89	0.219	SAMC044639_k141_719	97.32240437	1.879781421	45	Pseudomonadota;Gammaproteobacteria;Enterobacterales;Enterobacteriaceae;Pantoea	Pantoea agglomerans	oat_26_d6	oat_26	day6	Pantoea	Pantoea
zr28333_36	MASTER_WP4_CSIC_2__P2603__bin.2	0.0272	95.82	0.062	P2603_k141_86142	74.13793103	0	13	Pseudomonadota;Gammaproteobacteria;Pseudomonadales;Moraxellaceae;Moraxella_A	Moraxella A sp902506215	oat_26_d6	oat_26	day6	Moraxella_A	Moraxella_A
zr28333_25	KharnaiorP_2023__SRR22859379__bin.8	50.2167	99.58	247	NODE_3_length_161229_cov_37.0000_ID_62026	99.96	0.01	43	Bacillota;Bacilli;Lactobacillales;Lactobacillaceae;Pediococcus	Pediococcus pentosaceus	oat_19_d3	oat_19	day3	Pediococcus	Pediococcus
zr28333_25	LeechJ_xxxx__AF66__bin.13	28.2425	99.59	172	AF66_k141_253	56.50470219	0	338	Bacillota;Bacilli;Lactobacillales;Streptococcaceae;Lactococcus	Lactococcus taiwanensis	oat_19_d3	oat_19	day3	Lactococcus	Lactococcus
zr28333_25	MAG_45	6.5487	99.58	20	MAG_45_0	85.45	0.19	536	Bacillota;Bacilli;Lactobacillales;Enterococcaceae;Enterococcus_D	Enterococcus D casseliflavus	oat_19_d3	oat_19	day3	Enterococcus_D	Enterococcus
zr28333_25	YulandiA_2020__SRS6115052__bin.21	2.8883	99.28	12.164	SRS6115052_k141_129	98.36400818	0	104	Bacillota;Bacilli;Lactobacillales;Lactobacillaceae;Weissella	Weissella paramesenteroides	oat_19_d3	oat_19	day3	Weissella	Weissella
zr28333_25	ODFM-BA-A-0005-002_Lactobacillus_curvatus_WiKim38	1.4248	99.17	5.742	ODFM-BA-A-0005-002_Lactobacillus_curvatus_WiKim38_NZ_CP017124.1 Lactobacillus curvatus strain WiKim38, complete genome	99.46	0	1	Bacillota;Bacilli;Lactobacillales;Lactobacillaceae;Latilactobacillus	Latilactobacillus curvatus	oat_19_d3	oat_19	day3	Latilactobacillus	Latilactobacillus
zr28333_25	EBC_082.15	2.9532	98.9	4.908	EBC_082.15_EBC_082_scaffold_602	92.69	4.54	82	Pseudomonadota;Gammaproteobacteria;Enterobacterales;Enterobacteriaceae;Kosakonia	Kosakonia cowanii	oat_19_d3	oat_19	day3	Kosakonia	Kosakonia
zr28333_25	FontanaF_2023__SRR20746834__bin.2	1.3845	98.29	3.894	NODE_15_length_59385_cov_11.2996_ID_3067	99.89	0.4	332	Bacillota;Bacilli;Lactobacillales;Enterococcaceae;Enterococcus_B	Enterococcus B durans	oat_19_d3	oat_19	day3	Enterococcus_B	Enterococcus
zr28333_25	ODFM-BA-A-0139-001_Enterococcus_lactis_CICC_24101	1.384	97.99	3.774	ODFM-BA-A-0139-001_Enterococcus_lactis_CICC_24101_NZ_WOTS01000010.1 Enterococcus lactis strain CICC 24101 NODE_10_length_82300_cov_4.602353, whole genome shotgun sequence	99.62	0	53	Bacillota;Bacilli;Lactobacillales;Enterococcaceae;Enterococcus_B	Enterococcus B lactis	oat_19_d3	oat_19	day3	Enterococcus_B	Enterococcus
zr28333_25	LandisEA_2021__SRS5653333__bin.1	0.6253	98.56	1.974	SRS5653333_k141_170	99.18478261	1.358695652	124	Bacillota;Bacilli;Lactobacillales;Lactobacillaceae;Loigolactobacillus	Loigolactobacillus coryniformis	oat_19_d3	oat_19	day3	Loigolactobacillus	Loigolactobacillus
zr28333_25	XieM_2019__SAMC044639__bin.32	0.9451	99.65	1.611	SAMC044639_k141_719	97.32240437	1.879781421	45	Pseudomonadota;Gammaproteobacteria;Enterobacterales;Enterobacteriaceae;Pantoea	Pantoea agglomerans	oat_19_d3	oat_19	day3	Pantoea	Pantoea
zr28333_25	EBC_134.5	1.205	99.08	1.515	EBC_134.5_EBC_134_scaffold_561	98.39	8.33	294	Bacillota;Clostridia;Clostridiales;Clostridiaceae;Clostridium	Clostridium beijerinckii	oat_19_d3	oat_19	day3	Clostridium	Clostridium
zr28333_25	GCF_009913915.1_ASM991391v1_genomic	0.3948	99.07	1.499	GCF_009913915.1_ASM991391v1_genomic_NZ_CP028251.1 Leuconostoc mesenteroides strain SRCM102733 chromosome, complete genome	100	0	3	Bacillota;Bacilli;Lactobacillales;Lactobacillaceae;Leuconostoc	Leuconostoc mesenteroides	oat_19_d3	oat_19	day3	Leuconostoc	Leuconostoc
zr28333_25	MortensenS_xxxx__WK028-2-L-48h-03A1_S20__bin.5	0.2617	99.45	1.203	WK028-2-L-48h-03A1_S20_k141_3165	99.88764045	0	19	Bacillota;Bacilli;Lactobacillales;Lactobacillaceae;Leuconostoc	Leuconostoc citreum	oat_19_d3	oat_19	day3	Leuconostoc	Leuconostoc
zr28333_25	MASTER_WP4_TEAGASC_1__TGS12-29__bin.6	0.2931	99.65	0.954	TGS12-29_k141_701	99.62546816	0	108	Bacillota;Bacilli;Lactobacillales;Enterococcaceae;Enterococcus_B	Enterococcus B faecium	oat_19_d3	oat_19	day3	Enterococcus_B	Enterococcus
zr28333_25	LeechJ_xxxx__AF66__bin.10	0.2466	95.42	0.819	AF66_k141_123	56.71442781	1.66218638	987	Bacillota;Clostridia;Clostridiales;Clostridiaceae;Clostridium	Clostridium beijerinckii	oat_19_d3	oat_19	day3	Clostridium	Clostridium
zr28333_25	LeechJ_xxxx__AF53__bin.10	0.1769	97.92	0.567	AF53_k141_67	62.43849788	0.065486296	939	Bacillota;Clostridia;Clostridiales;Clostridiaceae;Clostridium	Clostridium saccharobutylicum	oat_19_d3	oat_19	day3	Clostridium	Clostridium
zr28333_25	CM_UNINA_FFOOD__FFOOD_226__bin.6	0.1699	98.99	0.443	NODE_2_length_319059_cov_34.9987_ID_36074	100	4.65	51	Bacillota;Bacilli;Lactobacillales;Enterococcaceae;Enterococcus_B	Enterococcus B hirae	oat_19_d3	oat_19	day3	Enterococcus_B	Enterococcus
zr28333_25	LeechJ_xxxx__AF73__bin.2	0.1892	98.94	0.343	AF73_k141_59	96.33336326	1.470508658	112	Pseudomonadota;Gammaproteobacteria;Enterobacterales;Enterobacteriaceae;Enterobacter_D	Enterobacter D kobei A	oat_19_d3	oat_19	day3	Enterobacter_D	Enterobacter_D
zr28333_25	YouL_2022__SRR13308526__bin.24	0.0896	98.12	0.153	NODE_37_length_141872_cov_18.1171_ID_20191	88.99	4.01	218	Pseudomonadota;Gammaproteobacteria;Enterobacterales;Enterobacteriaceae;Enterobacter	Enterobacter ludwigii	oat_19_d3	oat_19	day3	Enterobacter	Enterobacter
zr28333_25	LeechJ_xxxx__AF27__bin.5	0.0376	95.2	0.132	AF27_k141_52	61.28164465	0.44837907	808	Pseudomonadota;Gammaproteobacteria;Pseudomonadales;Pseudomonadaceae;Pseudomonas_E	Pseudomonas E parafulva B	oat_19_d3	oat_19	day3	Pseudomonas_E	Pseudomonas_E
zr28333_25	LiZ_2019__SRS3379157__bin.3	0.0748	97.79	0.123	SRS3379157_k141_320	99.44609788	0.639880952	195	Pseudomonadota;Gammaproteobacteria;Enterobacterales;Enterobacteriaceae;Enterobacter	Enterobacter mori	oat_19_d3	oat_19	day3	Enterobacter	Enterobacter
zr28333_25	EBC_095.37	0.0464	99.78	0.117	EBC_095.37_EBC_095_scaffold_66	58.62	0	70	Pseudomonadota;Gammaproteobacteria;Enterobacterales;Enterobacteriaceae;Erwinia	Erwinia sp003937915	oat_19_d3	oat_19	day3	Erwinia	Erwinia
zr28333_25	CM_UNINA_FFOOD__FFOOD_425__bin.9	0.0264	97.78	0.111	NODE_1_length_598382_cov_75.9985_ID_32759	99.98	0	9	Bacillota;Bacilli;Lactobacillales;Lactobacillaceae;Pediococcus	Pediococcus acidilactici	oat_19_d3	oat_19	day3	Pediococcus	Pediococcus
zr28333_25	FontanaF_2023__SRR20746838__bin.11	0.025	97.24	0.107	NODE_1_length_180989_cov_16.9995_ID_3968	91.82	0.24	71	Bacillota;Bacilli;Lactobacillales;Streptococcaceae;Lactococcus	Lactococcus garvieae	oat_19_d3	oat_19	day3	Lactococcus	Lactococcus
zr28333_25	SEM_41_S58.18	0.0488	95.08	0.104	SEM_41_S58.18_SEM_41_S58_scaffold_33	67.4	0	639	Pseudomonadota;Gammaproteobacteria;Pseudomonadales;Pseudomonadaceae;Pseudomonas_B	Pseudomonas B benzopyrenica	oat_19_d3	oat_19	day3	Pseudomonas_B	Pseudomonas_B
zr28333_25	YulandiA_2020__SRS6115053__bin.10	0.0327	98.02	0.086	SRS6115053_k141_3360	97.73584906	0.377358491	114	Bacillota;Bacilli;Lactobacillales;Enterococcaceae;Enterococcus_D	Enterococcus D gallinarum	oat_19_d3	oat_19	day3	Enterococcus_D	Enterococcus
zr28333_25	EBC_080.1	0.0494	97.84	0.081	EBC_080.1_EBC_080_scaffold_1281	96.07	3.48	35	Pseudomonadota;Gammaproteobacteria;Enterobacterales;Enterobacteriaceae;Erwinia	Erwinia persicina	oat_19_d3	oat_19	day3	Erwinia	Erwinia
zr28333_25	MotaGutierrezJ_2021__SRR11602150__bin.4	0.0194	96.53	0.048	NODE_398_length_32439_cov_10.0000_ID_73648	92.68	2.44	600	Actinomycetota;Actinomycetes;Actinomycetales;Microbacteriaceae;Curtobacterium	Curtobacterium citreum	oat_19_d3	oat_19	day3	Curtobacterium	Curtobacterium
zr28333_19	FontanaF_2023__SRR20746854__bin.2	39.3165	96.94	96	NODE_7_length_112150_cov_14.2384_ID_46122	100	0.01	195	Pseudomonadota;Gammaproteobacteria;Enterobacterales;Enterobacteriaceae;Enterobacter	Enterobacter intestinihominis	oat_4_d3	oat_4	day3	Enterobacter	Enterobacter
zr28333_19	FalardeauJ_2023__SRR20811279__bin.3	20.5413	99.14	72	NODE_1_length_274429_cov_22.9992_ID_7781	99.97	0.24	56	Bacillota;Bacilli;Lactobacillales;Lactobacillaceae;Lactiplantibacillus	Lactiplantibacillus plantarum	oat_4_d3	oat_4	day3	Lactiplantibacillus	Lactiplantibacillus
zr28333_19	YulandiA_2020__SRS6115052__bin.21	5.957	98.95	35	SRS6115052_k141_129	98.36400818	0	104	Bacillota;Bacilli;Lactobacillales;Lactobacillaceae;Weissella	Weissella paramesenteroides	oat_4_d3	oat_4	day3	Weissella	Weissella
zr28333_19	LeechJ_xxxx__AF68__bin.13	3.6942	99.26	23	AF68_k141_238	98.03664921	2.137870855	195	Bacillota;Bacilli;Lactobacillales;Lactobacillaceae;NA	NA spp.	oat_4_d3	oat_4	day3	NA	NA
zr28333_19	MAG_19	9.1342	99.37	19	MAG_19_0	98.94	0.47	86	Pseudomonadota;Gammaproteobacteria;Enterobacterales;Enterobacteriaceae;Klebsiella	Klebsiella pneumoniae	oat_4_d3	oat_4	day3	Klebsiella	Klebsiella
zr28333_19	EBC_134.5	9.6913	99.02	17	EBC_134.5_EBC_134_scaffold_561	98.39	8.33	294	Bacillota;Clostridia;Clostridiales;Clostridiaceae;Clostridium	Clostridium beijerinckii	oat_4_d3	oat_4	day3	Clostridium	Clostridium
zr28333_19	MortensenS_xxxx__WK002-1-L-48h-01F6_S30__bin.6	2.4375	99.82	15	WK002-1-L-48h-01F6_S30_k141_2565	100	0	16	Bacillota;Bacilli;Lactobacillales;Lactobacillaceae;Leuconostoc	Leuconostoc falkenbergense	oat_4_d3	oat_4	day3	Leuconostoc	Leuconostoc
zr28333_19	LeechJ_xxxx__AF66__bin.10	1.6153	96.15	7.484	AF66_k141_123	56.71442781	1.66218638	987	Bacillota;Clostridia;Clostridiales;Clostridiaceae;Clostridium	Clostridium beijerinckii	oat_4_d3	oat_4	day3	Clostridium	Clostridium
zr28333_19	MASTER_WP4_TEAGASC_1__TGS12-29__bin.6	1.4664	99.25	6.66	TGS12-29_k141_701	99.62546816	0	108	Bacillota;Bacilli;Lactobacillales;Enterococcaceae;Enterococcus_B	Enterococcus B faecium	oat_4_d3	oat_4	day3	Enterococcus_B	Enterococcus
zr28333_19	YulandiA_2020__SRS6115053__bin.10	1.6344	99.84	5.992	SRS6115053_k141_3360	97.73584906	0.377358491	114	Bacillota;Bacilli;Lactobacillales;Enterococcaceae;Enterococcus_D	Enterococcus D gallinarum	oat_4_d3	oat_4	day3	Enterococcus_D	Enterococcus
zr28333_19	LeechJ_xxxx__AF15__bin.4	1.4303	99.06	4.144	AF15_k141_25	77.41789117	2.841329195	974	Bacillota;Bacilli;Bacillales;Bacillaceae_G;Bacillus_A	Bacillus A pacificus	oat_4_d3	oat_4	day3	Bacillus_A	Bacillus
zr28333_19	P.1_bin.1	1.2915	96.34	3.121	P.1_bin.1_k77_21174	98.9	0.71	143	Pseudomonadota;Gammaproteobacteria;Enterobacterales;Enterobacteriaceae;Cronobacter	Cronobacter malonaticus	oat_4_d3	oat_4	day3	Cronobacter	Cronobacter
zr28333_19	GCF_001885995.1_ASM188599v1_genomic	0.6233	97.78	2.927	GCF_001885995.1_ASM188599v1_genomic_NZ_JXKT01000001.1 Enterococcus italicus DSM 15952 Scaffold1, whole genome shotgun sequence	99.01	0	108	Bacillota;Bacilli;Lactobacillales;Enterococcaceae;Enterococcus_G	Enterococcus G italicus	oat_4_d3	oat_4	day3	Enterococcus_G	Enterococcus
zr28333_19	ODFM-BA-A-0139-001_Enterococcus_lactis_CICC_24101	0.3533	98.05	1.344	ODFM-BA-A-0139-001_Enterococcus_lactis_CICC_24101_NZ_WOTS01000010.1 Enterococcus lactis strain CICC 24101 NODE_10_length_82300_cov_4.602353, whole genome shotgun sequence	99.62	0	53	Bacillota;Bacilli;Lactobacillales;Enterococcaceae;Enterococcus_B	Enterococcus B lactis	oat_4_d3	oat_4	day3	Enterococcus_B	Enterococcus
zr28333_19	FontanaF_2023__SRR20746839__bin.4	0.1646	98.48	1.062	NODE_2_length_148631_cov_25.9785_ID_15265	99.89	0.03	58	Bacillota;Bacilli;Lactobacillales;Lactobacillaceae;Limosilactobacillus	Limosilactobacillus fermentum	oat_4_d3	oat_4	day3	Limosilactobacillus	Limosilactobacillus
zr28333_19	LeechJ_xxxx__AF89__bin.7	0.2458	95.34	0.668	AF89_k141_40	89.13303923	3.907431028	666	Pseudomonadota;Gammaproteobacteria;Enterobacterales;Enterobacteriaceae;Enterobacter	Enterobacter vonholyi	oat_4_d3	oat_4	day3	Enterobacter	Enterobacter
zr28333_19	MotaGutierrezJ_2021__SRR11602140__bin.22	0.1213	98.51	0.363	NODE_306_length_23997_cov_9.0000_ID_64100	76.3	2.56	977	Pseudomonadota;Gammaproteobacteria;Enterobacterales;Enterobacteriaceae;Pantoea	Pantoea dispersa	oat_4_d3	oat_4	day3	Pantoea	Pantoea
zr28333_19	LeechJ_2020__ERS3967691__bin.13	0.0444	97.44	0.248	ERS3967691_k141_96	92.61758691	1.533742331	211	Bacillota;Bacilli;Lactobacillales;Lactobacillaceae;Weissella	Weissella cibaria	oat_4_d3	oat_4	day3	Weissella	Weissella
zr28333_19	YulandiA_2020__SRS6115053__bin.3	0.0731	98.82	0.211	SRS6115053_k141_44	87.46957694	2.784657723	888	Pseudomonadota;Gammaproteobacteria;Burkholderiales;Burkholderiaceae;Comamonas	Comamonas terrae	oat_4_d3	oat_4	day3	Comamonas	Comamonas
zr28333_19	KharnaiorP_2023__SRR22859379__bin.8	0.0294	99.27	0.202	NODE_3_length_161229_cov_37.0000_ID_62026	99.96	0.01	43	Bacillota;Bacilli;Lactobacillales;Lactobacillaceae;Pediococcus	Pediococcus pentosaceus	oat_4_d3	oat_4	day3	Pediococcus	Pediococcus
zr28333_19	LeechJ_xxxx__AF66__bin.13	0.0201	98.52	0.171	AF66_k141_253	56.50470219	0	338	Bacillota;Bacilli;Lactobacillales;Streptococcaceae;Lactococcus	Lactococcus taiwanensis	oat_4_d3	oat_4	day3	Lactococcus	Lactococcus
zr28333_19	MAG_45	0.0337	98.17	0.144	MAG_45_0	85.45	0.19	536	Bacillota;Bacilli;Lactobacillales;Enterococcaceae;Enterococcus_D	Enterococcus D casseliflavus	oat_4_d3	oat_4	day3	Enterococcus_D	Enterococcus
zr28333_19	LandisEA_2021__SRS5653333__bin.1	0.0206	96.88	0.091	SRS5653333_k141_170	99.18478261	1.358695652	124	Bacillota;Bacilli;Lactobacillales;Lactobacillaceae;Loigolactobacillus	Loigolactobacillus coryniformis	oat_4_d3	oat_4	day3	Loigolactobacillus	Loigolactobacillus
zr28333_19	MAG_312	0.0277	98.21	0.087	MAG_312_0	99.73	0.05	90	Pseudomonadota;Gammaproteobacteria;Pseudomonadales;Moraxellaceae;Acinetobacter	Acinetobacter baumannii	oat_4_d3	oat_4	day3	Acinetobacter	Acinetobacter
zr28333_19	YouL_2022__SRR13308534__bin.20	0.0328	95.11	0.076	NODE_4_length_158023_cov_10.0000_ID_315023	98.06	2.43	339	Bacillota;Clostridia;Clostridiales;Clostridiaceae;Clostridium_T	Clostridium T intestinale	oat_4_d3	oat_4	day3	Clostridium_T	Clostridium_T
zr28333_30	LandisEA_2021__SRS5653333__bin.1	33.4602	98.57	138	SRS5653333_k141_170	99.18478261	1.358695652	124	Bacillota;Bacilli;Lactobacillales;Lactobacillaceae;Loigolactobacillus	Loigolactobacillus coryniformis	oat_16_d6	oat_16	day6	Loigolactobacillus	Loigolactobacillus
zr28333_30	GCF_009913915.1_ASM991391v1_genomic	23.1773	99	115	GCF_009913915.1_ASM991391v1_genomic_NZ_CP028251.1 Leuconostoc mesenteroides strain SRCM102733 chromosome, complete genome	100	0	3	Bacillota;Bacilli;Lactobacillales;Lactobacillaceae;Leuconostoc	Leuconostoc mesenteroides	oat_16_d6	oat_16	day6	Leuconostoc	Leuconostoc
zr28333_30	EBC_082.15	16.1191	98.77	35	EBC_082.15_EBC_082_scaffold_602	92.69	4.54	82	Pseudomonadota;Gammaproteobacteria;Enterobacterales;Enterobacteriaceae;Kosakonia	Kosakonia cowanii	oat_16_d6	oat_16	day6	Kosakonia	Kosakonia
zr28333_30	MortensenS_xxxx__WK028-2-L-48h-03A1_S20__bin.5	5.1626	99.38	31	WK028-2-L-48h-03A1_S20_k141_3165	99.88764045	0	19	Bacillota;Bacilli;Lactobacillales;Lactobacillaceae;Leuconostoc	Leuconostoc citreum	oat_16_d6	oat_16	day6	Leuconostoc	Leuconostoc
zr28333_30	ODFM-BA-A-0139-001_Enterococcus_lactis_CICC_24101	5.3336	97.52	19	ODFM-BA-A-0139-001_Enterococcus_lactis_CICC_24101_NZ_WOTS01000010.1 Enterococcus lactis strain CICC 24101 NODE_10_length_82300_cov_4.602353, whole genome shotgun sequence	99.62	0	53	Bacillota;Bacilli;Lactobacillales;Enterococcaceae;Enterococcus_B	Enterococcus B lactis	oat_16_d6	oat_16	day6	Enterococcus_B	Enterococcus
zr28333_30	LeechJ_xxxx__AF66__bin.13	2.1366	98.62	17	AF66_k141_253	56.50470219	0	338	Bacillota;Bacilli;Lactobacillales;Streptococcaceae;Lactococcus	Lactococcus taiwanensis	oat_16_d6	oat_16	day6	Lactococcus	Lactococcus
zr28333_30	MASTER_WP4_TEAGASC_1__TGS12-29__bin.6	3.1763	99.35	13.51	TGS12-29_k141_701	99.62546816	0	108	Bacillota;Bacilli;Lactobacillales;Enterococcaceae;Enterococcus_B	Enterococcus B faecium	oat_16_d6	oat_16	day6	Enterococcus_B	Enterococcus
zr28333_30	EBC_134.5	7.385	99.34	12.132	EBC_134.5_EBC_134_scaffold_561	98.39	8.33	294	Bacillota;Clostridia;Clostridiales;Clostridiaceae;Clostridium	Clostridium beijerinckii	oat_16_d6	oat_16	day6	Clostridium	Clostridium
zr28333_30	LeechJ_xxxx__AF66__bin.10	1.6694	95.82	7.243	AF66_k141_123	56.71442781	1.66218638	987	Bacillota;Clostridia;Clostridiales;Clostridiaceae;Clostridium	Clostridium beijerinckii	oat_16_d6	oat_16	day6	Clostridium	Clostridium
zr28333_30	YouL_2022__SRR13308526__bin.24	1.894	98.73	4.232	NODE_37_length_141872_cov_18.1171_ID_20191	88.99	4.01	218	Pseudomonadota;Gammaproteobacteria;Enterobacterales;Enterobacteriaceae;Enterobacter	Enterobacter ludwigii	oat_16_d6	oat_16	day6	Enterobacter	Enterobacter
zr28333_30	XieM_2019__SAMC044639__bin.32	0.3665	99.33	0.816	SAMC044639_k141_719	97.32240437	1.879781421	45	Pseudomonadota;Gammaproteobacteria;Enterobacterales;Enterobacteriaceae;Pantoea	Pantoea agglomerans	oat_16_d6	oat_16	day6	Pantoea	Pantoea
zr28333_30	MortensenS_xxxx__WK066-2-G-48h-05I1_S125__bin.1	0.1089	95.43	0.184	WK066-2-G-48h-05I1_S125_k141_135	97.98387097	1.612903226	338	Bacillota;Clostridia;Clostridiales;Clostridiaceae;Clostridium	Clostridium saccharoperbutylacetonicum	oat_16_d6	oat_16	day6	Clostridium	Clostridium
zr28333_30	ODFM-BA-A-0027-003_Lactobacillus_sakei_WiKim0072	0.0105	95.84	0.053	ODFM-BA-A-0027-003_Lactobacillus_sakei_WiKim0072_NZ_CP025136.1 Lactobacillus sakei strain WiKim0072 chromosome, complete genome	99.46	0	3	Bacillota;Bacilli;Lactobacillales;Lactobacillaceae;Latilactobacillus	Latilactobacillus sakei	oat_16_d6	oat_16	day6	Latilactobacillus	Latilactobacillus
zr28333_23	LeechJ_2020__ERS3967691__bin.13	51.4418	98.22	242	ERS3967691_k141_96	92.61758691	1.533742331	211	Bacillota;Bacilli;Lactobacillales;Lactobacillaceae;Weissella	Weissella cibaria	oat_17_d3	oat_17	day3	Weissella	Weissella
zr28333_23	KharnaiorP_2023__SRR22859379__bin.8	29.2939	99.19	169	NODE_3_length_161229_cov_37.0000_ID_62026	99.96	0.01	43	Bacillota;Bacilli;Lactobacillales;Lactobacillaceae;Pediococcus	Pediococcus pentosaceus	oat_17_d3	oat_17	day3	Pediococcus	Pediococcus
zr28333_23	CM_UNINA_FFOOD__FFOOD_425__bin.9	6.6939	98.81	33	NODE_1_length_598382_cov_75.9985_ID_32759	99.98	0	9	Bacillota;Bacilli;Lactobacillales;Lactobacillaceae;Pediococcus	Pediococcus acidilactici	oat_17_d3	oat_17	day3	Pediococcus	Pediococcus
zr28333_23	GCF_004771075.1_ASM477107v1_genomic	4.5929	98.49	19	GCF_004771075.1_ASM477107v1_genomic_NZ_CP027563.1 Weissella confusa strain VTT E-133279 chromosome, complete genome	99.08	0	2	Bacillota;Bacilli;Lactobacillales;Lactobacillaceae;Weissella	Weissella confusa	oat_17_d3	oat_17	day3	Weissella	Weissella
zr28333_23	EBC_082.15	4.7512	98.17	9.262	EBC_082.15_EBC_082_scaffold_602	92.69	4.54	82	Pseudomonadota;Gammaproteobacteria;Enterobacterales;Enterobacteriaceae;Kosakonia	Kosakonia cowanii	oat_17_d3	oat_17	day3	Kosakonia	Kosakonia
zr28333_23	XieM_2019__SAMC044639__bin.32	1.7979	99.32	3.595	SAMC044639_k141_719	97.32240437	1.879781421	45	Pseudomonadota;Gammaproteobacteria;Enterobacterales;Enterobacteriaceae;Pantoea	Pantoea agglomerans	oat_17_d3	oat_17	day3	Pantoea	Pantoea
zr28333_23	EBC_134.5	0.8738	98.57	1.289	EBC_134.5_EBC_134_scaffold_561	98.39	8.33	294	Bacillota;Clostridia;Clostridiales;Clostridiaceae;Clostridium	Clostridium beijerinckii	oat_17_d3	oat_17	day3	Clostridium	Clostridium
zr28333_23	MASTER_WP4_TEAGASC_1__TGS12-29__bin.6	0.1016	99.27	0.388	TGS12-29_k141_701	99.62546816	0	108	Bacillota;Bacilli;Lactobacillales;Enterococcaceae;Enterococcus_B	Enterococcus B faecium	oat_17_d3	oat_17	day3	Enterococcus_B	Enterococcus
zr28333_23	SEM_41_S58.18	0.1288	98.06	0.322	SEM_41_S58.18_SEM_41_S58_scaffold_33	67.4	0	639	Pseudomonadota;Gammaproteobacteria;Pseudomonadales;Pseudomonadaceae;Pseudomonas_B	Pseudomonas B benzopyrenica	oat_17_d3	oat_17	day3	Pseudomonas_B	Pseudomonas_B
zr28333_23	ODFM-BA-A-0139-001_Enterococcus_lactis_CICC_24101	0.0834	97.44	0.267	ODFM-BA-A-0139-001_Enterococcus_lactis_CICC_24101_NZ_WOTS01000010.1 Enterococcus lactis strain CICC 24101 NODE_10_length_82300_cov_4.602353, whole genome shotgun sequence	99.62	0	53	Bacillota;Bacilli;Lactobacillales;Enterococcaceae;Enterococcus_B	Enterococcus B lactis	oat_17_d3	oat_17	day3	Enterococcus_B	Enterococcus
zr28333_23	LeechJ_xxxx__AF66__bin.13	0.0338	98.28	0.242	AF66_k141_253	56.50470219	0	338	Bacillota;Bacilli;Lactobacillales;Streptococcaceae;Lactococcus	Lactococcus taiwanensis	oat_17_d3	oat_17	day3	Lactococcus	Lactococcus
zr28333_23	LeechJ_xxxx__AF73__bin.1	0.0913	98.79	0.2	AF73_k141_20	93.9594896	1.329958897	241	Pseudomonadota;Gammaproteobacteria;Enterobacterales;Enterobacteriaceae;Pseudescherichia	Pseudescherichia spp.	oat_17_d3	oat_17	day3	Pseudescherichia	Pseudescherichia
zr28333_23	FontanaF_2023__SRR20746854__bin.2	0.0745	95.72	0.153	NODE_7_length_112150_cov_14.2384_ID_46122	100	0.01	195	Pseudomonadota;Gammaproteobacteria;Enterobacterales;Enterobacteriaceae;Enterobacter	Enterobacter intestinihominis	oat_17_d3	oat_17	day3	Enterobacter	Enterobacter
zr28333_23	CM_UNINA_FFOOD__FFOOD_226__bin.6	0.0411	99.19	0.126	NODE_2_length_319059_cov_34.9987_ID_36074	100	4.65	51	Bacillota;Bacilli;Lactobacillales;Enterococcaceae;Enterococcus_B	Enterococcus B hirae	oat_17_d3	oat_17	day3	Enterococcus_B	Enterococcus
zr28333_2	EBC_082.15	66.8923	99.11	122	EBC_082.15_EBC_082_scaffold_602	92.69	4.54	82	Pseudomonadota;Gammaproteobacteria;Enterobacterales;Enterobacteriaceae;Kosakonia	Kosakonia cowanii	oat_16_d1	oat_16	day1	Kosakonia	Kosakonia
zr28333_2	YouL_2022__SRR13308526__bin.24	21.8444	98.83	41	NODE_37_length_141872_cov_18.1171_ID_20191	88.99	4.01	218	Pseudomonadota;Gammaproteobacteria;Enterobacterales;Enterobacteriaceae;Enterobacter	Enterobacter ludwigii	oat_16_d1	oat_16	day1	Enterobacter	Enterobacter
zr28333_2	XieM_2019__SAMC044639__bin.32	6.9407	99.56	12.985	SAMC044639_k141_719	97.32240437	1.879781421	45	Pseudomonadota;Gammaproteobacteria;Enterobacterales;Enterobacteriaceae;Pantoea	Pantoea agglomerans	oat_16_d1	oat_16	day1	Pantoea	Pantoea
zr28333_2	ODFM-BA-A-0139-001_Enterococcus_lactis_CICC_24101	1.7969	97.14	5.377	ODFM-BA-A-0139-001_Enterococcus_lactis_CICC_24101_NZ_WOTS01000010.1 Enterococcus lactis strain CICC 24101 NODE_10_length_82300_cov_4.602353, whole genome shotgun sequence	99.62	0	53	Bacillota;Bacilli;Lactobacillales;Enterococcaceae;Enterococcus_B	Enterococcus B lactis	oat_16_d1	oat_16	day1	Enterococcus_B	Enterococcus
zr28333_2	MASTER_WP4_TEAGASC_1__TGS12-29__bin.6	1.3139	99.15	4.694	TGS12-29_k141_701	99.62546816	0	108	Bacillota;Bacilli;Lactobacillales;Enterococcaceae;Enterococcus_B	Enterococcus B faecium	oat_16_d1	oat_16	day1	Enterococcus_B	Enterococcus
zr28333_2	SEM_41_S58.18	0.6076	95.44	1.421	SEM_41_S58.18_SEM_41_S58_scaffold_33	67.4	0	639	Pseudomonadota;Gammaproteobacteria;Pseudomonadales;Pseudomonadaceae;Pseudomonas_B	Pseudomonas B benzopyrenica	oat_16_d1	oat_16	day1	Pseudomonas_B	Pseudomonas_B
zr28333_2	EBC_134.5	0.4333	98.23	0.598	EBC_134.5_EBC_134_scaffold_561	98.39	8.33	294	Bacillota;Clostridia;Clostridiales;Clostridiaceae;Clostridium	Clostridium beijerinckii	oat_16_d1	oat_16	day1	Clostridium	Clostridium
zr28333_2	LeechJ_xxxx__AF66__bin.10	0.1213	95.05	0.442	AF66_k141_123	56.71442781	1.66218638	987	Bacillota;Clostridia;Clostridiales;Clostridiaceae;Clostridium	Clostridium beijerinckii	oat_16_d1	oat_16	day1	Clostridium	Clostridium
zr28333_2	GCF_009913915.1_ASM991391v1_genomic	0.0257	98.08	0.107	GCF_009913915.1_ASM991391v1_genomic_NZ_CP028251.1 Leuconostoc mesenteroides strain SRCM102733 chromosome, complete genome	100	0	3	Bacillota;Bacilli;Lactobacillales;Lactobacillaceae;Leuconostoc	Leuconostoc mesenteroides	oat_16_d1	oat_16	day1	Leuconostoc	Leuconostoc
zr28333_2	LeechJ_xxxx__AF66__bin.13	0.0127	98.02	0.085	AF66_k141_253	56.50470219	0	338	Bacillota;Bacilli;Lactobacillales;Streptococcaceae;Lactococcus	Lactococcus taiwanensis	oat_16_d1	oat_16	day1	Lactococcus	Lactococcus
zr28333_2	MAG_107	0.0111	96.79	0.075	MAG_107_0	67.86	8.62	565	Bacillota;Bacilli;Bacillales;Bacillaceae_G;Bacillus_A	Bacillus A cereus	oat_16_d1	oat_16	day1	Bacillus_A	Bacillus
zr28333_12	GCF_009913915.1_ASM991391v1_genomic	21.1562	99	96	GCF_009913915.1_ASM991391v1_genomic_NZ_CP028251.1 Leuconostoc mesenteroides strain SRCM102733 chromosome, complete genome	100	0	3	Bacillota;Bacilli;Lactobacillales;Lactobacillaceae;Leuconostoc	Leuconostoc mesenteroides	oat_16_d2	oat_16	day2	Leuconostoc	Leuconostoc
zr28333_12	EBC_082.15	26.1866	98.92	52	EBC_082.15_EBC_082_scaffold_602	92.69	4.54	82	Pseudomonadota;Gammaproteobacteria;Enterobacterales;Enterobacteriaceae;Kosakonia	Kosakonia cowanii	oat_16_d2	oat_16	day2	Kosakonia	Kosakonia
zr28333_12	ODFM-BA-A-0139-001_Enterococcus_lactis_CICC_24101	9.5155	97.52	31	ODFM-BA-A-0139-001_Enterococcus_lactis_CICC_24101_NZ_WOTS01000010.1 Enterococcus lactis strain CICC 24101 NODE_10_length_82300_cov_4.602353, whole genome shotgun sequence	99.62	0	53	Bacillota;Bacilli;Lactobacillales;Enterococcaceae;Enterococcus_B	Enterococcus B lactis	oat_16_d2	oat_16	day2	Enterococcus_B	Enterococcus
zr28333_12	MortensenS_xxxx__WK028-2-L-48h-03A1_S20__bin.5	5.463	99.38	30	WK028-2-L-48h-03A1_S20_k141_3165	99.88764045	0	19	Bacillota;Bacilli;Lactobacillales;Lactobacillaceae;Leuconostoc	Leuconostoc citreum	oat_16_d2	oat_16	day2	Leuconostoc	Leuconostoc
zr28333_12	EBC_134.5	17.3058	99.39	26	EBC_134.5_EBC_134_scaffold_561	98.39	8.33	294	Bacillota;Clostridia;Clostridiales;Clostridiaceae;Clostridium	Clostridium beijerinckii	oat_16_d2	oat_16	day2	Clostridium	Clostridium
zr28333_12	YouL_2022__SRR13308526__bin.24	11.2549	98.81	23	NODE_37_length_141872_cov_18.1171_ID_20191	88.99	4.01	218	Pseudomonadota;Gammaproteobacteria;Enterobacterales;Enterobacteriaceae;Enterobacter	Enterobacter ludwigii	oat_16_d2	oat_16	day2	Enterobacter	Enterobacter
zr28333_12	MASTER_WP4_TEAGASC_1__TGS12-29__bin.6	4.1134	99.35	16	TGS12-29_k141_701	99.62546816	0	108	Bacillota;Bacilli;Lactobacillales;Enterococcaceae;Enterococcus_B	Enterococcus B faecium	oat_16_d2	oat_16	day2	Enterococcus_B	Enterococcus
zr28333_12	LeechJ_xxxx__AF66__bin.10	3.5099	95.93	13.927	AF66_k141_123	56.71442781	1.66218638	987	Bacillota;Clostridia;Clostridiales;Clostridiaceae;Clostridium	Clostridium beijerinckii	oat_16_d2	oat_16	day2	Clostridium	Clostridium
zr28333_12	LeechJ_xxxx__AF66__bin.13	0.6232	98.56	4.535	AF66_k141_253	56.50470219	0	338	Bacillota;Bacilli;Lactobacillales;Streptococcaceae;Lactococcus	Lactococcus taiwanensis	oat_16_d2	oat_16	day2	Lactococcus	Lactococcus
zr28333_12	XieM_2019__SAMC044639__bin.32	0.638	99.35	1.3	SAMC044639_k141_719	97.32240437	1.879781421	45	Pseudomonadota;Gammaproteobacteria;Enterobacterales;Enterobacteriaceae;Pantoea	Pantoea agglomerans	oat_16_d2	oat_16	day2	Pantoea	Pantoea
zr28333_12	MortensenS_xxxx__WK066-2-G-48h-05I1_S125__bin.1	0.165	95.84	0.255	WK066-2-G-48h-05I1_S125_k141_135	97.98387097	1.612903226	338	Bacillota;Clostridia;Clostridiales;Clostridiaceae;Clostridium	Clostridium saccharoperbutylacetonicum	oat_16_d2	oat_16	day2	Clostridium	Clostridium
zr28333_12	SEM_41_S58.18	0.0547	95.08	0.139	SEM_41_S58.18_SEM_41_S58_scaffold_33	67.4	0	639	Pseudomonadota;Gammaproteobacteria;Pseudomonadales;Pseudomonadaceae;Pseudomonas_B	Pseudomonas B benzopyrenica	oat_16_d2	oat_16	day2	Pseudomonas_B	Pseudomonas_B
zr28333_12	LeechJ_xxxx__AF94__bin.2	0.0138	96.4	0.062	AF94_k141_14	92.18317972	0.806451613	467	Bacillota;Clostridia;Clostridiales;Clostridiaceae;Sarcina	Sarcina perfringens	oat_16_d2	oat_16	day2	Sarcina	Sarcina
zr28333_34	MortensenS_xxxx__WK002-1-L-48h-01F6_S30__bin.6	41.3574	99.89	304	WK002-1-L-48h-01F6_S30_k141_2565	100	0	16	Bacillota;Bacilli;Lactobacillales;Lactobacillaceae;Leuconostoc	Leuconostoc falkenbergense	oat_22_d6	oat_22	day6	Leuconostoc	Leuconostoc
zr28333_34	FalardeauJ_2023__SRR20811279__bin.3	16.7196	99.02	70	NODE_1_length_274429_cov_22.9992_ID_7781	99.97	0.24	56	Bacillota;Bacilli;Lactobacillales;Lactobacillaceae;Lactiplantibacillus	Lactiplantibacillus plantarum	oat_22_d6	oat_22	day6	Lactiplantibacillus	Lactiplantibacillus
zr28333_34	GCF_004771075.1_ASM477107v1_genomic	8.8478	98.61	52	GCF_004771075.1_ASM477107v1_genomic_NZ_CP027563.1 Weissella confusa strain VTT E-133279 chromosome, complete genome	99.08	0	2	Bacillota;Bacilli;Lactobacillales;Lactobacillaceae;Weissella	Weissella confusa	oat_22_d6	oat_22	day6	Weissella	Weissella
zr28333_34	LeechJ_xxxx__AF66__bin.10	6.8668	97.64	38	AF66_k141_123	56.71442781	1.66218638	987	Bacillota;Clostridia;Clostridiales;Clostridiaceae;Clostridium	Clostridium beijerinckii	oat_22_d6	oat_22	day6	Clostridium	Clostridium
zr28333_34	EBC_134.5	16.2273	95.19	34	EBC_134.5_EBC_134_scaffold_561	98.39	8.33	294	Bacillota;Clostridia;Clostridiales;Clostridiaceae;Clostridium	Clostridium beijerinckii	oat_22_d6	oat_22	day6	Clostridium	Clostridium
zr28333_34	MAG_501	3.5131	98.85	20	MAG_501_0	100	0	46	Bacillota;Bacilli;Lactobacillales;Streptococcaceae;Lactococcus	Lactococcus lactis	oat_22_d6	oat_22	day6	Lactococcus	Lactococcus
zr28333_34	KharnaiorP_2023__SRR22859379__bin.8	2.0742	99.07	17	NODE_3_length_161229_cov_37.0000_ID_62026	99.96	0.01	43	Bacillota;Bacilli;Lactobacillales;Lactobacillaceae;Pediococcus	Pediococcus pentosaceus	oat_22_d6	oat_22	day6	Pediococcus	Pediococcus
zr28333_34	GCF_001885995.1_ASM188599v1_genomic	2.6737	98.01	15	GCF_001885995.1_ASM188599v1_genomic_NZ_JXKT01000001.1 Enterococcus italicus DSM 15952 Scaffold1, whole genome shotgun sequence	99.01	0	108	Bacillota;Bacilli;Lactobacillales;Enterococcaceae;Enterococcus_G	Enterococcus G italicus	oat_22_d6	oat_22	day6	Enterococcus_G	Enterococcus
zr28333_34	ODFM-BA-A-0005-002_Lactobacillus_curvatus_WiKim38	0.2107	99	1.415	ODFM-BA-A-0005-002_Lactobacillus_curvatus_WiKim38_NZ_CP017124.1 Lactobacillus curvatus strain WiKim38, complete genome	99.46	0	1	Bacillota;Bacilli;Lactobacillales;Lactobacillaceae;Latilactobacillus	Latilactobacillus curvatus	oat_22_d6	oat_22	day6	Latilactobacillus	Latilactobacillus
zr28333_34	LiZ_2019__SRS3379157__bin.3	0.4363	98.53	1.197	SRS3379157_k141_320	99.44609788	0.639880952	195	Pseudomonadota;Gammaproteobacteria;Enterobacterales;Enterobacteriaceae;Enterobacter	Enterobacter mori	oat_22_d6	oat_22	day6	Enterobacter	Enterobacter
zr28333_34	FontanaF_2023__SRR20746869__bin.1	0.2448	99.05	1.053	NODE_117_length_29172_cov_5.0000_ID_19762	69.12	1.15	872	Pseudomonadota;Gammaproteobacteria;Enterobacterales;Enterobacteriaceae;Enterobacter	Enterobacter asburiae B	oat_22_d6	oat_22	day6	Enterobacter	Enterobacter
zr28333_34	LeechJ_xxxx__AF27__bin.5	0.1617	95.2	0.949	AF27_k141_52	61.28164465	0.44837907	808	Pseudomonadota;Gammaproteobacteria;Pseudomonadales;Pseudomonadaceae;Pseudomonas_E	Pseudomonas E parafulva B	oat_22_d6	oat_22	day6	Pseudomonas_E	Pseudomonas_E
zr28333_34	SEM_41_S58.18	0.1226	95.34	0.435	SEM_41_S58.18_SEM_41_S58_scaffold_33	67.4	0	639	Pseudomonadota;Gammaproteobacteria;Pseudomonadales;Pseudomonadaceae;Pseudomonas_B	Pseudomonas B benzopyrenica	oat_22_d6	oat_22	day6	Pseudomonas_B	Pseudomonas_B
zr28333_34	YouL_2022__SRR13308526__bin.24	0.1298	98.58	0.37	NODE_37_length_141872_cov_18.1171_ID_20191	88.99	4.01	218	Pseudomonadota;Gammaproteobacteria;Enterobacterales;Enterobacteriaceae;Enterobacter	Enterobacter ludwigii	oat_22_d6	oat_22	day6	Enterobacter	Enterobacter
zr28333_34	CM_UNINA_FFOOD__FFOOD_277__bin.12	0.0828	98.75	0.263	NODE_4_length_117675_cov_11.9994_ID_3948	76	1.94	203	Pseudomonadota;Gammaproteobacteria;Pseudomonadales;Pseudomonadaceae;Pseudomonas_E	Pseudomonas E palmensis	oat_22_d6	oat_22	day6	Pseudomonas_E	Pseudomonas_E
zr28333_34	EBC_082.15	0.0932	98.35	0.258	EBC_082.15_EBC_082_scaffold_602	92.69	4.54	82	Pseudomonadota;Gammaproteobacteria;Enterobacterales;Enterobacteriaceae;Kosakonia	Kosakonia cowanii	oat_22_d6	oat_22	day6	Kosakonia	Kosakonia
zr28333_34	MAG_312	0.0553	97.77	0.209	MAG_312_0	99.73	0.05	90	Pseudomonadota;Gammaproteobacteria;Pseudomonadales;Moraxellaceae;Acinetobacter	Acinetobacter baumannii	oat_22_d6	oat_22	day6	Acinetobacter	Acinetobacter
zr28333_34	LeechJ_2020__ERS3967699__bin.4	0.0987	96.13	0.207	ERS3967699_k141_45	66.72413793	1.724137931	322	Pseudomonadota;Gammaproteobacteria;Pseudomonadales;Pseudomonadaceae;Pseudomonas_E	Pseudomonas E sp003014915	oat_22_d6	oat_22	day6	Pseudomonas_E	Pseudomonas_E
zr28333_34	XieM_2019__SAMC044639__bin.32	0.0507	98.86	0.144	SAMC044639_k141_719	97.32240437	1.879781421	45	Pseudomonadota;Gammaproteobacteria;Enterobacterales;Enterobacteriaceae;Pantoea	Pantoea agglomerans	oat_22_d6	oat_22	day6	Pantoea	Pantoea
zr28333_34	MAG_107	0.0133	98.2	0.136	MAG_107_0	67.86	8.62	565	Bacillota;Bacilli;Bacillales;Bacillaceae_G;Bacillus_A	Bacillus A cereus	oat_22_d6	oat_22	day6	Bacillus_A	Bacillus
zr28333_34	YulandiA_2020__SRS6115053__bin.10	0.0125	97	0.055	SRS6115053_k141_3360	97.73584906	0.377358491	114	Bacillota;Bacilli;Lactobacillales;Enterococcaceae;Enterococcus_D	Enterococcus D gallinarum	oat_22_d6	oat_22	day6	Enterococcus_D	Enterococcus
zr28333_34	MAG_45	0.0078	99.02	0.04	MAG_45_0	85.45	0.19	536	Bacillota;Bacilli;Lactobacillales;Enterococcaceae;Enterococcus_D	Enterococcus D casseliflavus	oat_22_d6	oat_22	day6	Enterococcus_D	Enterococcus
zr28333_31	KharnaiorP_2023__SRR22859379__bin.8	46.8296	99.25	316	NODE_3_length_161229_cov_37.0000_ID_62026	99.96	0.01	43	Bacillota;Bacilli;Lactobacillales;Lactobacillaceae;Pediococcus	Pediococcus pentosaceus	oat_17_d6	oat_17	day6	Pediococcus	Pediococcus
zr28333_31	CM_UNINA_FFOOD__FFOOD_425__bin.9	13.1802	99.19	76	NODE_1_length_598382_cov_75.9985_ID_32759	99.98	0	9	Bacillota;Bacilli;Lactobacillales;Lactobacillaceae;Pediococcus	Pediococcus acidilactici	oat_17_d6	oat_17	day6	Pediococcus	Pediococcus
zr28333_31	FalardeauJ_2023__SRR20811279__bin.3	15.6661	99	54	NODE_1_length_274429_cov_22.9992_ID_7781	99.97	0.24	56	Bacillota;Bacilli;Lactobacillales;Lactobacillaceae;Lactiplantibacillus	Lactiplantibacillus plantarum	oat_17_d6	oat_17	day6	Lactiplantibacillus	Lactiplantibacillus
zr28333_31	GCF_009913915.1_ASM991391v1_genomic	6.5258	99.6	34	GCF_009913915.1_ASM991391v1_genomic_NZ_CP028251.1 Leuconostoc mesenteroides strain SRCM102733 chromosome, complete genome	100	0	3	Bacillota;Bacilli;Lactobacillales;Lactobacillaceae;Leuconostoc	Leuconostoc mesenteroides	oat_17_d6	oat_17	day6	Leuconostoc	Leuconostoc
zr28333_31	LeechJ_2020__ERS3967691__bin.13	5.4521	97.96	30	ERS3967691_k141_96	92.61758691	1.533742331	211	Bacillota;Bacilli;Lactobacillales;Lactobacillaceae;Weissella	Weissella cibaria	oat_17_d6	oat_17	day6	Weissella	Weissella
zr28333_31	LeechJ_xxxx__AF66__bin.10	4.1703	98.84	19	AF66_k141_123	56.71442781	1.66218638	987	Bacillota;Clostridia;Clostridiales;Clostridiaceae;Clostridium	Clostridium beijerinckii	oat_17_d6	oat_17	day6	Clostridium	Clostridium
zr28333_31	ODFM-BA-A-0005-002_Lactobacillus_curvatus_WiKim38	1.4659	99.12	8.104	ODFM-BA-A-0005-002_Lactobacillus_curvatus_WiKim38_NZ_CP017124.1 Lactobacillus curvatus strain WiKim38, complete genome	99.46	0	1	Bacillota;Bacilli;Lactobacillales;Lactobacillaceae;Latilactobacillus	Latilactobacillus curvatus	oat_17_d6	oat_17	day6	Latilactobacillus	Latilactobacillus
zr28333_31	MortensenS_xxxx__WK028-2-L-48h-03A1_S20__bin.5	1.1806	99.36	7.444	WK028-2-L-48h-03A1_S20_k141_3165	99.88764045	0	19	Bacillota;Bacilli;Lactobacillales;Lactobacillaceae;Leuconostoc	Leuconostoc citreum	oat_17_d6	oat_17	day6	Leuconostoc	Leuconostoc
zr28333_31	EBC_134.5	2.9555	97.86	5.098	EBC_134.5_EBC_134_scaffold_561	98.39	8.33	294	Bacillota;Clostridia;Clostridiales;Clostridiaceae;Clostridium	Clostridium beijerinckii	oat_17_d6	oat_17	day6	Clostridium	Clostridium
zr28333_31	GCF_004771075.1_ASM477107v1_genomic	0.5833	98.26	2.822	GCF_004771075.1_ASM477107v1_genomic_NZ_CP027563.1 Weissella confusa strain VTT E-133279 chromosome, complete genome	99.08	0	2	Bacillota;Bacilli;Lactobacillales;Lactobacillaceae;Weissella	Weissella confusa	oat_17_d6	oat_17	day6	Weissella	Weissella
zr28333_31	XieM_2019__SAMC044639__bin.32	0.7414	99.67	1.734	SAMC044639_k141_719	97.32240437	1.879781421	45	Pseudomonadota;Gammaproteobacteria;Enterobacterales;Enterobacteriaceae;Pantoea	Pantoea agglomerans	oat_17_d6	oat_17	day6	Pantoea	Pantoea
zr28333_31	ODFM-BA-A-0139-001_Enterococcus_lactis_CICC_24101	0.4002	99.08	1.497	ODFM-BA-A-0139-001_Enterococcus_lactis_CICC_24101_NZ_WOTS01000010.1 Enterococcus lactis strain CICC 24101 NODE_10_length_82300_cov_4.602353, whole genome shotgun sequence	99.62	0	53	Bacillota;Bacilli;Lactobacillales;Enterococcaceae;Enterococcus_B	Enterococcus B lactis	oat_17_d6	oat_17	day6	Enterococcus_B	Enterococcus
zr28333_31	ODFM-BA-A-0027-003_Lactobacillus_sakei_WiKim0072	0.2714	99.29	1.432	ODFM-BA-A-0027-003_Lactobacillus_sakei_WiKim0072_NZ_CP025136.1 Lactobacillus sakei strain WiKim0072 chromosome, complete genome	99.46	0	3	Bacillota;Bacilli;Lactobacillales;Lactobacillaceae;Latilactobacillus	Latilactobacillus sakei	oat_17_d6	oat_17	day6	Latilactobacillus	Latilactobacillus
zr28333_31	EBC_082.15	0.506	97.94	1.154	EBC_082.15_EBC_082_scaffold_602	92.69	4.54	82	Pseudomonadota;Gammaproteobacteria;Enterobacterales;Enterobacteriaceae;Kosakonia	Kosakonia cowanii	oat_17_d6	oat_17	day6	Kosakonia	Kosakonia
zr28333_31	LeechJ_xxxx__AF66__bin.13	0.0125	97.43	0.105	AF66_k141_253	56.50470219	0	338	Bacillota;Bacilli;Lactobacillales;Streptococcaceae;Lactococcus	Lactococcus taiwanensis	oat_17_d6	oat_17	day6	Lactococcus	Lactococcus
zr28333_31	WolfeBE_2014__932_Robiola_due_Latte__bin.1	0.0445	99.06	0.085	932_Robiola_due_Latte_k119_35	95.15138909	3.867375948	320	Pseudomonadota;Gammaproteobacteria;Pseudomonadales;Pseudomonadaceae;Pseudomonas_E	Pseudomonas E putida	oat_17_d6	oat_17	day6	Pseudomonas_E	Pseudomonas_E
zr28333_31	SEM_41_S58.18	0.0145	98.33	0.042	SEM_41_S58.18_SEM_41_S58_scaffold_33	67.4	0	639	Pseudomonadota;Gammaproteobacteria;Pseudomonadales;Pseudomonadaceae;Pseudomonas_B	Pseudomonas B benzopyrenica	oat_17_d6	oat_17	day6	Pseudomonas_B	Pseudomonas_B
zr28333_3	LeechJ_2020__ERS3967691__bin.13	80.8935	98.35	237	ERS3967691_k141_96	92.61758691	1.533742331	211	Bacillota;Bacilli;Lactobacillales;Lactobacillaceae;Weissella	Weissella cibaria	oat_17_d1	oat_17	day1	Weissella	Weissella
zr28333_3	EBC_082.15	9.9888	98.19	12.126	EBC_082.15_EBC_082_scaffold_602	92.69	4.54	82	Pseudomonadota;Gammaproteobacteria;Enterobacterales;Enterobacteriaceae;Kosakonia	Kosakonia cowanii	oat_17_d1	oat_17	day1	Kosakonia	Kosakonia
zr28333_3	XieM_2019__SAMC044639__bin.32	6.2144	99.58	7.739	SAMC044639_k141_719	97.32240437	1.879781421	45	Pseudomonadota;Gammaproteobacteria;Enterobacterales;Enterobacteriaceae;Pantoea	Pantoea agglomerans	oat_17_d1	oat_17	day1	Pantoea	Pantoea
zr28333_3	GCF_004771075.1_ASM477107v1_genomic	0.9358	98.35	2.411	GCF_004771075.1_ASM477107v1_genomic_NZ_CP027563.1 Weissella confusa strain VTT E-133279 chromosome, complete genome	99.08	0	2	Bacillota;Bacilli;Lactobacillales;Lactobacillaceae;Weissella	Weissella confusa	oat_17_d1	oat_17	day1	Weissella	Weissella
zr28333_3	SEM_41_S58.18	0.8369	99.26	1.302	SEM_41_S58.18_SEM_41_S58_scaffold_33	67.4	0	639	Pseudomonadota;Gammaproteobacteria;Pseudomonadales;Pseudomonadaceae;Pseudomonas_B	Pseudomonas B benzopyrenica	oat_17_d1	oat_17	day1	Pseudomonas_B	Pseudomonas_B
zr28333_3	MASTER_WP4_TEAGASC_1__TGS12-29__bin.6	0.1514	99.69	0.36	TGS12-29_k141_701	99.62546816	0	108	Bacillota;Bacilli;Lactobacillales;Enterococcaceae;Enterococcus_B	Enterococcus B faecium	oat_17_d1	oat_17	day1	Enterococcus_B	Enterococcus
zr28333_3	LeechJ_xxxx__AF73__bin.1	0.2552	99.22	0.348	AF73_k141_20	93.9594896	1.329958897	241	Pseudomonadota;Gammaproteobacteria;Enterobacterales;Enterobacteriaceae;Pseudescherichia	Pseudescherichia spp.	oat_17_d1	oat_17	day1	Pseudescherichia	Pseudescherichia
zr28333_3	LeechJ_xxxx__AF66__bin.13	0.0743	98.72	0.331	AF66_k141_253	56.50470219	0	338	Bacillota;Bacilli;Lactobacillales;Streptococcaceae;Lactococcus	Lactococcus taiwanensis	oat_17_d1	oat_17	day1	Lactococcus	Lactococcus
zr28333_3	P.1_bin.1	0.2298	95.41	0.291	P.1_bin.1_k77_21174	98.9	0.71	143	Pseudomonadota;Gammaproteobacteria;Enterobacterales;Enterobacteriaceae;Cronobacter	Cronobacter malonaticus	oat_17_d1	oat_17	day1	Cronobacter	Cronobacter
zr28333_3	ODFM-BA-A-0139-001_Enterococcus_lactis_CICC_24101	0.1331	97.34	0.265	ODFM-BA-A-0139-001_Enterococcus_lactis_CICC_24101_NZ_WOTS01000010.1 Enterococcus lactis strain CICC 24101 NODE_10_length_82300_cov_4.602353, whole genome shotgun sequence	99.62	0	53	Bacillota;Bacilli;Lactobacillales;Enterococcaceae;Enterococcus_B	Enterococcus B lactis	oat_17_d1	oat_17	day1	Enterococcus_B	Enterococcus
zr28333_3	CM_UNINA_FFOOD__FFOOD_226__bin.6	0.0841	98.64	0.16	NODE_2_length_319059_cov_34.9987_ID_36074	100	4.65	51	Bacillota;Bacilli;Lactobacillales;Enterococcaceae;Enterococcus_B	Enterococcus B hirae	oat_17_d1	oat_17	day1	Enterococcus_B	Enterococcus
zr28333_3	EBC_134.5	0.1188	95.78	0.109	EBC_134.5_EBC_134_scaffold_561	98.39	8.33	294	Bacillota;Clostridia;Clostridiales;Clostridiaceae;Clostridium	Clostridium beijerinckii	oat_17_d1	oat_17	day1	Clostridium	Clostridium
zr28333_3	LeechJ_xxxx__AF66__bin.10	0.0349	97.96	0.085	AF66_k141_123	56.71442781	1.66218638	987	Bacillota;Clostridia;Clostridiales;Clostridiaceae;Clostridium	Clostridium beijerinckii	oat_17_d1	oat_17	day1	Clostridium	Clostridium
zr28333_3	LeechJ_xxxx__AF15__bin.4	0.0489	97.02	0.074	AF15_k141_25	77.41789117	2.841329195	974	Bacillota;Bacilli;Bacillales;Bacillaceae_G;Bacillus_A	Bacillus A pacificus	oat_17_d1	oat_17	day1	Bacillus_A	Bacillus
zr28333_14	GCF_009913915.1_ASM991391v1_genomic	45.3435	99.66	261	GCF_009913915.1_ASM991391v1_genomic_NZ_CP028251.1 Leuconostoc mesenteroides strain SRCM102733 chromosome, complete genome	100	0	3	Bacillota;Bacilli;Lactobacillales;Lactobacillaceae;Leuconostoc	Leuconostoc mesenteroides	oat_18_d2	oat_18	day2	Leuconostoc	Leuconostoc
zr28333_14	MortensenS_xxxx__WK028-2-L-48h-03A1_S20__bin.5	10.336	99.37	72	WK028-2-L-48h-03A1_S20_k141_3165	99.88764045	0	19	Bacillota;Bacilli;Lactobacillales;Lactobacillaceae;Leuconostoc	Leuconostoc citreum	oat_18_d2	oat_18	day2	Leuconostoc	Leuconostoc
zr28333_14	ODFM-BA-A-0139-001_Enterococcus_lactis_CICC_24101	9.6791	99.37	40	ODFM-BA-A-0139-001_Enterococcus_lactis_CICC_24101_NZ_WOTS01000010.1 Enterococcus lactis strain CICC 24101 NODE_10_length_82300_cov_4.602353, whole genome shotgun sequence	99.62	0	53	Bacillota;Bacilli;Lactobacillales;Enterococcaceae;Enterococcus_B	Enterococcus B lactis	oat_18_d2	oat_18	day2	Enterococcus_B	Enterococcus
zr28333_14	ODFM-BA-A-0005-002_Lactobacillus_curvatus_WiKim38	6.0578	99.29	37	ODFM-BA-A-0005-002_Lactobacillus_curvatus_WiKim38_NZ_CP017124.1 Lactobacillus curvatus strain WiKim38, complete genome	99.46	0	1	Bacillota;Bacilli;Lactobacillales;Lactobacillaceae;Latilactobacillus	Latilactobacillus curvatus	oat_18_d2	oat_18	day2	Latilactobacillus	Latilactobacillus
zr28333_14	XieM_2019__SAMC044639__bin.32	11.6102	99.76	30	SAMC044639_k141_719	97.32240437	1.879781421	45	Pseudomonadota;Gammaproteobacteria;Enterobacterales;Enterobacteriaceae;Pantoea	Pantoea agglomerans	oat_18_d2	oat_18	day2	Pantoea	Pantoea
zr28333_14	EBC_134.5	9.4449	99.32	18	EBC_134.5_EBC_134_scaffold_561	98.39	8.33	294	Bacillota;Clostridia;Clostridiales;Clostridiaceae;Clostridium	Clostridium beijerinckii	oat_18_d2	oat_18	day2	Clostridium	Clostridium
zr28333_14	ODFM-BA-A-0027-003_Lactobacillus_sakei_WiKim0072	2.5728	99.58	15	ODFM-BA-A-0027-003_Lactobacillus_sakei_WiKim0072_NZ_CP025136.1 Lactobacillus sakei strain WiKim0072 chromosome, complete genome	99.46	0	3	Bacillota;Bacilli;Lactobacillales;Lactobacillaceae;Latilactobacillus	Latilactobacillus sakei	oat_18_d2	oat_18	day2	Latilactobacillus	Latilactobacillus
zr28333_14	LeechJ_xxxx__AF66__bin.10	1.0596	96.32	5.333	AF66_k141_123	56.71442781	1.66218638	987	Bacillota;Clostridia;Clostridiales;Clostridiaceae;Clostridium	Clostridium beijerinckii	oat_18_d2	oat_18	day2	Clostridium	Clostridium
zr28333_14	WolfeBE_2014__932_Robiola_due_Latte__bin.1	2.4114	99.66	5.099	932_Robiola_due_Latte_k119_35	95.15138909	3.867375948	320	Pseudomonadota;Gammaproteobacteria;Pseudomonadales;Pseudomonadaceae;Pseudomonas_E	Pseudomonas E putida	oat_18_d2	oat_18	day2	Pseudomonas_E	Pseudomonas_E
zr28333_14	LeechJ_xxxx__AF15__bin.4	0.3858	97.55	1.214	AF15_k141_25	77.41789117	2.841329195	974	Bacillota;Bacilli;Bacillales;Bacillaceae_G;Bacillus_A	Bacillus A pacificus	oat_18_d2	oat_18	day2	Bacillus_A	Bacillus
zr28333_14	MAG_107	0.0922	98.16	0.858	MAG_107_0	67.86	8.62	565	Bacillota;Bacilli;Bacillales;Bacillaceae_G;Bacillus_A	Bacillus A cereus	oat_18_d2	oat_18	day2	Bacillus_A	Bacillus
zr28333_14	KharnaiorP_2023__SRR22859377__bin.10	0.1725	98.41	0.757	NODE_8_length_174488_cov_60.9499_ID_127332	87.3	1.14	139	Bacillota;Bacilli;Lactobacillales;Enterococcaceae;Enterococcus_D	Enterococcus D sp001297065	oat_18_d2	oat_18	day2	Enterococcus_D	Enterococcus
zr28333_14	LeechJ_2020__ERS3967707__bin.4	0.1849	97.05	0.608	ERS3967707_k141_7	86.52992805	3.008048499	773	Pseudomonadota;Gammaproteobacteria;Enterobacterales;Enterobacteriaceae;Lelliottia	Lelliottia sp000016325	oat_18_d2	oat_18	day2	Lelliottia	Lelliottia
zr28333_14	LeechJ_xxxx__AF73__bin.2	0.1591	98.89	0.437	AF73_k141_59	96.33336326	1.470508658	112	Pseudomonadota;Gammaproteobacteria;Enterobacterales;Enterobacteriaceae;Enterobacter_D	Enterobacter D kobei A	oat_18_d2	oat_18	day2	Enterobacter_D	Enterobacter_D
zr28333_14	YulandiA_2020__SRS6115053__bin.10	0.0869	97.85	0.346	SRS6115053_k141_3360	97.73584906	0.377358491	114	Bacillota;Bacilli;Lactobacillales;Enterococcaceae;Enterococcus_D	Enterococcus D gallinarum	oat_18_d2	oat_18	day2	Enterococcus_D	Enterococcus
zr28333_14	MASTER_WP4_CSIC_2__P2633__bin.16	0.1098	95.37	0.251	P2633_k141_1103	97.41161616	0.679244997	92	Pseudomonadota;Gammaproteobacteria;Pseudomonadales;Pseudomonadaceae;Pseudomonas_E	Pseudomonas E shirazensis	oat_18_d2	oat_18	day2	Pseudomonas_E	Pseudomonas_E
zr28333_14	MAG_45	0.0454	98.55	0.21	MAG_45_0	85.45	0.19	536	Bacillota;Bacilli;Lactobacillales;Enterococcaceae;Enterococcus_D	Enterococcus D casseliflavus	oat_18_d2	oat_18	day2	Enterococcus_D	Enterococcus
zr28333_14	FontanaF_2023__SRR20746834__bin.2	0.0369	98.44	0.157	NODE_15_length_59385_cov_11.2996_ID_3067	99.89	0.4	332	Bacillota;Bacilli;Lactobacillales;Enterococcaceae;Enterococcus_B	Enterococcus B durans	oat_18_d2	oat_18	day2	Enterococcus_B	Enterococcus
zr28333_14	MASTER_WP4_CSIC_2__P2587__bin.9	0.0703	96.82	0.155	P2587_k141_467	99.18806232	0.755739796	152	Pseudomonadota;Gammaproteobacteria;Enterobacterales;Enterobacteriaceae;Klebsiella	Klebsiella terrigena	oat_18_d2	oat_18	day2	Klebsiella	Klebsiella
zr28333_14	MASTER_WP4_FFoQSI_2__VB11-26__bin.7	0.0409	96.57	0.148	VB11-26_k141_193	100	0.273972603	52	Pseudomonadota;Gammaproteobacteria;Pseudomonadales;Moraxellaceae;Acinetobacter	Acinetobacter johnsonii	oat_18_d2	oat_18	day2	Acinetobacter	Acinetobacter
zr28333_14	CM_UNINA_FFOOD__FFOOD_266__bin.6	0.0483	98.23	0.112	NODE_1_length_400287_cov_21.9997_ID_32608	79.16	1.36	227	Pseudomonadota;Gammaproteobacteria;Pseudomonadales;Pseudomonadaceae;Pseudomonas_E	Pseudomonas E simiae	oat_18_d2	oat_18	day2	Pseudomonas_E	Pseudomonas_E
zr28333_14	MASTER_WP4_UNINA_1__GO004_71775__bin.8	0.0325	98.48	0.112	GO004_71775_k141_336	83.61473561	2.84019975	49	Bacillota;Bacilli;Lactobacillales;Enterococcaceae;Enterococcus_A	Enterococcus A gilvus	oat_18_d2	oat_18	day2	Enterococcus_A	Enterococcus
zr28333_14	YouL_2022__SRR13308534__bin.20	0.0191	98.05	0.048	NODE_4_length_158023_cov_10.0000_ID_315023	98.06	2.43	339	Bacillota;Clostridia;Clostridiales;Clostridiaceae;Clostridium_T	Clostridium T intestinale	oat_18_d2	oat_18	day2	Clostridium_T	Clostridium_T
zr28333_11	ODFM-BA-A-0094-002_Leuconostoc_lactis_WIKIM21	73.6368	99.56	553	ODFM-BA-A-0094-002_Leuconostoc_lactis_WIKIM21_NZ_LJIV01000001.1 Leuconostoc lactis strain WIKIM21 contig00001, whole genome shotgun sequence	99.44	0.84	22	Bacillota;Bacilli;Lactobacillales;Lactobacillaceae;Leuconostoc	Leuconostoc lactis A	oat_10_d2	oat_10	day2	Leuconostoc	Leuconostoc
zr28333_11	CM_UNINA_FFOOD__FFOOD_245__bin.2	9.0755	97.72	79	NODE_1_length_160535_cov_17.2789_ID_55527	99.58	0.22	34	Bacillota;Bacilli;Lactobacillales;Lactobacillaceae;Leuconostoc	Leuconostoc lactis	oat_10_d2	oat_10	day2	Leuconostoc	Leuconostoc
zr28333_11	ODFM-BA-A-0005-002_Lactobacillus_curvatus_WiKim38	7.4802	99.5	51	ODFM-BA-A-0005-002_Lactobacillus_curvatus_WiKim38_NZ_CP017124.1 Lactobacillus curvatus strain WiKim38, complete genome	99.46	0	1	Bacillota;Bacilli;Lactobacillales;Lactobacillaceae;Latilactobacillus	Latilactobacillus curvatus	oat_10_d2	oat_10	day2	Latilactobacillus	Latilactobacillus
zr28333_11	LeechJ_xxxx__AF66__bin.13	1.6499	99.31	17	AF66_k141_253	56.50470219	0	338	Bacillota;Bacilli;Lactobacillales;Streptococcaceae;Lactococcus	Lactococcus taiwanensis	oat_10_d2	oat_10	day2	Lactococcus	Lactococcus
zr28333_11	EBC_082.15	2.6	98.92	7.311	EBC_082.15_EBC_082_scaffold_602	92.69	4.54	82	Pseudomonadota;Gammaproteobacteria;Enterobacterales;Enterobacteriaceae;Kosakonia	Kosakonia cowanii	oat_10_d2	oat_10	day2	Kosakonia	Kosakonia
zr28333_11	LeechJ_2020__ERS3967691__bin.13	0.9702	97.96	6.583	ERS3967691_k141_96	92.61758691	1.533742331	211	Bacillota;Bacilli;Lactobacillales;Lactobacillaceae;Weissella	Weissella cibaria	oat_10_d2	oat_10	day2	Weissella	Weissella
zr28333_11	MAG_501	0.8185	99.1	4.731	MAG_501_0	100	0	46	Bacillota;Bacilli;Lactobacillales;Streptococcaceae;Lactococcus	Lactococcus lactis	oat_10_d2	oat_10	day2	Lactococcus	Lactococcus
zr28333_11	MortensenS_xxxx__WK028-2-L-48h-03A1_S20__bin.5	0.5619	99.74	4.369	WK028-2-L-48h-03A1_S20_k141_3165	99.88764045	0	19	Bacillota;Bacilli;Lactobacillales;Lactobacillaceae;Leuconostoc	Leuconostoc citreum	oat_10_d2	oat_10	day2	Leuconostoc	Leuconostoc
zr28333_11	MAG_183	0.9664	98.58	2.834	MAG_183_0	95.53	2.68	667	Pseudomonadota;Gammaproteobacteria;Enterobacterales;Enterobacteriaceae;Leclercia	Leclercia adecarboxylata	oat_10_d2	oat_10	day2	Leclercia	Leclercia
zr28333_11	EBC_095.37	0.422	99.69	1.794	EBC_095.37_EBC_095_scaffold_66	58.62	0	70	Pseudomonadota;Gammaproteobacteria;Enterobacterales;Enterobacteriaceae;Erwinia	Erwinia sp003937915	oat_10_d2	oat_10	day2	Erwinia	Erwinia
zr28333_11	FontanaF_2023__SRR20746838__bin.11	0.2003	98.06	1.452	NODE_1_length_180989_cov_16.9995_ID_3968	91.82	0.24	71	Bacillota;Bacilli;Lactobacillales;Streptococcaceae;Lactococcus	Lactococcus garvieae	oat_10_d2	oat_10	day2	Lactococcus	Lactococcus
zr28333_11	MortensenS_xxxx__WK002-1-L-48h-01F6_S30__bin.6	0.1434	99.78	1.07	WK002-1-L-48h-01F6_S30_k141_2565	100	0	16	Bacillota;Bacilli;Lactobacillales;Lactobacillaceae;Leuconostoc	Leuconostoc falkenbergense	oat_10_d2	oat_10	day2	Leuconostoc	Leuconostoc
zr28333_11	XieM_2019__SAMC044639__bin.32	0.3449	99.4	0.995	SAMC044639_k141_719	97.32240437	1.879781421	45	Pseudomonadota;Gammaproteobacteria;Enterobacterales;Enterobacteriaceae;Pantoea	Pantoea agglomerans	oat_10_d2	oat_10	day2	Pantoea	Pantoea
zr28333_11	MAG_116	0.0748	96.93	0.87	MAG_116_0	51.9	1.59	467	Bacillota;Bacilli;Lactobacillales;Lactobacillaceae;Leuconostoc	Leuconostoc pseudomesenteroides	oat_10_d2	oat_10	day2	Leuconostoc	Leuconostoc
zr28333_11	MortensenS_xxxx__WK023-1-L-48h-02G3_S117__bin.1	0.1236	95.15	0.817	WK023-1-L-48h-02G3_S117_k141_1117	99.82363316	0	29	Bacillota;Bacilli;Lactobacillales;Lactobacillaceae;Leuconostoc	Leuconostoc pseudomesenteroides	oat_10_d2	oat_10	day2	Leuconostoc	Leuconostoc
zr28333_11	LeechJ_xxxx__AF73__bin.2	0.2488	98.81	0.763	AF73_k141_59	96.33336326	1.470508658	112	Pseudomonadota;Gammaproteobacteria;Enterobacterales;Enterobacteriaceae;Enterobacter_D	Enterobacter D kobei A	oat_10_d2	oat_10	day2	Enterobacter_D	Enterobacter_D
zr28333_11	MAG_107	0.0623	98.69	0.646	MAG_107_0	67.86	8.62	565	Bacillota;Bacilli;Bacillales;Bacillaceae_G;Bacillus_A	Bacillus A cereus	oat_10_d2	oat_10	day2	Bacillus_A	Bacillus
zr28333_11	LeechJ_xxxx__AF15__bin.4	0.1663	95.32	0.585	AF15_k141_25	77.41789117	2.841329195	974	Bacillota;Bacilli;Bacillales;Bacillaceae_G;Bacillus_A	Bacillus A pacificus	oat_10_d2	oat_10	day2	Bacillus_A	Bacillus
zr28333_11	FontanaF_2023__SRR20746854__bin.2	0.1891	96.55	0.56	NODE_7_length_112150_cov_14.2384_ID_46122	100	0.01	195	Pseudomonadota;Gammaproteobacteria;Enterobacterales;Enterobacteriaceae;Enterobacter	Enterobacter intestinihominis	oat_10_d2	oat_10	day2	Enterobacter	Enterobacter
zr28333_11	CM_UNINA_FFOOD__FFOOD_289__bin.32	0.1269	96.47	0.403	NODE_38_length_116599_cov_69.9888_ID_20640	82.32	1.9	257	Pseudomonadota;Gammaproteobacteria;Enterobacterales;Enterobacteriaceae;Lelliottia	Lelliottia nimipressuralis	oat_10_d2	oat_10	day2	Lelliottia	Lelliottia
zr28333_11	GCF_009913915.1_ASM991391v1_genomic	0.0303	97.98	0.194	GCF_009913915.1_ASM991391v1_genomic_NZ_CP028251.1 Leuconostoc mesenteroides strain SRCM102733 chromosome, complete genome	100	0	3	Bacillota;Bacilli;Lactobacillales;Lactobacillaceae;Leuconostoc	Leuconostoc mesenteroides	oat_10_d2	oat_10	day2	Leuconostoc	Leuconostoc
zr28333_11	MotaGutierrezJ_2021__SRR11602140__bin.22	0.0383	96.81	0.139	NODE_306_length_23997_cov_9.0000_ID_64100	76.3	2.56	977	Pseudomonadota;Gammaproteobacteria;Enterobacterales;Enterobacteriaceae;Pantoea	Pantoea dispersa	oat_10_d2	oat_10	day2	Pantoea	Pantoea
zr28333_11	KharnaiorP_2023__SRR22859377__bin.10	0.0269	98.41	0.132	NODE_8_length_174488_cov_60.9499_ID_127332	87.3	1.14	139	Bacillota;Bacilli;Lactobacillales;Enterococcaceae;Enterococcus_D	Enterococcus D sp001297065	oat_10_d2	oat_10	day2	Enterococcus_D	Enterococcus
zr28333_11	YuY_2022__SRR16950700__bin.23	0.0124	97.78	0.083	NODE_137_length_39565_cov_54.0000_ID_37700	94.14	3.41	270	Bacillota;Bacilli;Bacillales;Bacillaceae_H;Priestia	Priestia megaterium	oat_10_d2	oat_10	day2	Priestia	Priestia
zr28333_11	MAG_45	0.0116	97.41	0.06	MAG_45_0	85.45	0.19	536	Bacillota;Bacilli;Lactobacillales;Enterococcaceae;Enterococcus_D	Enterococcus D casseliflavus	oat_10_d2	oat_10	day2	Enterococcus_D	Enterococcus
zr28333_11	CM_UNINA_FFOOD__FFOOD_266__bin.6	0.0188	97.97	0.049	NODE_1_length_400287_cov_21.9997_ID_32608	79.16	1.36	227	Pseudomonadota;Gammaproteobacteria;Pseudomonadales;Pseudomonadaceae;Pseudomonas_E	Pseudomonas E simiae	oat_10_d2	oat_10	day2	Pseudomonas_E	Pseudomonas_E
zr28333_16	GCF_004771075.1_ASM477107v1_genomic	23.2041	98.67	154	GCF_004771075.1_ASM477107v1_genomic_NZ_CP027563.1 Weissella confusa strain VTT E-133279 chromosome, complete genome	99.08	0	2	Bacillota;Bacilli;Lactobacillales;Lactobacillaceae;Weissella	Weissella confusa	oat_22_d2	oat_22	day2	Weissella	Weissella
zr28333_16	LeechJ_xxxx__AF66__bin.10	20.0028	97.81	125	AF66_k141_123	56.71442781	1.66218638	987	Bacillota;Clostridia;Clostridiales;Clostridiaceae;Clostridium	Clostridium beijerinckii	oat_22_d2	oat_22	day2	Clostridium	Clostridium
zr28333_16	EBC_134.5	45.6459	95.46	108	EBC_134.5_EBC_134_scaffold_561	98.39	8.33	294	Bacillota;Clostridia;Clostridiales;Clostridiaceae;Clostridium	Clostridium beijerinckii	oat_22_d2	oat_22	day2	Clostridium	Clostridium
zr28333_16	GCF_001885995.1_ASM188599v1_genomic	7.7343	98.04	49	GCF_001885995.1_ASM188599v1_genomic_NZ_JXKT01000001.1 Enterococcus italicus DSM 15952 Scaffold1, whole genome shotgun sequence	99.01	0	108	Bacillota;Bacilli;Lactobacillales;Enterococcaceae;Enterococcus_G	Enterococcus G italicus	oat_22_d2	oat_22	day2	Enterococcus_G	Enterococcus
zr28333_16	MortensenS_xxxx__WK002-1-L-48h-01F6_S30__bin.6	3.2528	99.87	27	WK002-1-L-48h-01F6_S30_k141_2565	100	0	16	Bacillota;Bacilli;Lactobacillales;Lactobacillaceae;Leuconostoc	Leuconostoc falkenbergense	oat_22_d2	oat_22	day2	Leuconostoc	Leuconostoc
zr28333_16	FalardeauJ_2023__SRR20811279__bin.3	0.0703	98.69	0.332	NODE_1_length_274429_cov_22.9992_ID_7781	99.97	0.24	56	Bacillota;Bacilli;Lactobacillales;Lactobacillaceae;Lactiplantibacillus	Lactiplantibacillus plantarum	oat_22_d2	oat_22	day2	Lactiplantibacillus	Lactiplantibacillus
zr28333_16	MotaGutierrezJ_2021__SRR11602153__bin.4	0.048	98.94	0.176	NODE_1_length_695767_cov_46.0000_ID_85857	100	0.13	33	Bacillota;Bacilli;Bacillales;Bacillaceae;Bacillus	Bacillus subtilis	oat_22_d2	oat_22	day2	Bacillus	Bacillus
zr28333_16	MAG_312	0.0339	98.27	0.145	MAG_312_0	99.73	0.05	90	Pseudomonadota;Gammaproteobacteria;Pseudomonadales;Moraxellaceae;Acinetobacter	Acinetobacter baumannii	oat_22_d2	oat_22	day2	Acinetobacter	Acinetobacter
zr28333_16	ODFM-BA-A-0139-001_Enterococcus_lactis_CICC_24101	0.0078	97.29	0.04	ODFM-BA-A-0139-001_Enterococcus_lactis_CICC_24101_NZ_WOTS01000010.1 Enterococcus lactis strain CICC 24101 NODE_10_length_82300_cov_4.602353, whole genome shotgun sequence	99.62	0	53	Bacillota;Bacilli;Lactobacillales;Enterococcaceae;Enterococcus_B	Enterococcus B lactis	oat_22_d2	oat_22	day2	Enterococcus_B	Enterococcus
zr28333_26	MortensenS_xxxx__WK002-1-L-48h-01F6_S30__bin.6	19.0711	99.89	331	WK002-1-L-48h-01F6_S30_k141_2565	100	0	16	Bacillota;Bacilli;Lactobacillales;Lactobacillaceae;Leuconostoc	Leuconostoc falkenbergense	oat_22_d3	oat_22	day3	Leuconostoc	Leuconostoc
zr28333_26	LeechJ_xxxx__AF66__bin.10	17.9849	98.06	235	AF66_k141_123	56.71442781	1.66218638	987	Bacillota;Clostridia;Clostridiales;Clostridiaceae;Clostridium	Clostridium beijerinckii	oat_22_d3	oat_22	day3	Clostridium	Clostridium
zr28333_26	GCF_004771075.1_ASM477107v1_genomic	15.1329	98.7	210	GCF_004771075.1_ASM477107v1_genomic_NZ_CP027563.1 Weissella confusa strain VTT E-133279 chromosome, complete genome	99.08	0	2	Bacillota;Bacilli;Lactobacillales;Lactobacillaceae;Weissella	Weissella confusa	oat_22_d3	oat_22	day3	Weissella	Weissella
zr28333_26	EBC_134.5	39.6179	95.96	196	EBC_134.5_EBC_134_scaffold_561	98.39	8.33	294	Bacillota;Clostridia;Clostridiales;Clostridiaceae;Clostridium	Clostridium beijerinckii	oat_22_d3	oat_22	day3	Clostridium	Clostridium
zr28333_26	GCF_001885995.1_ASM188599v1_genomic	7.6244	98.08	101	GCF_001885995.1_ASM188599v1_genomic_NZ_JXKT01000001.1 Enterococcus italicus DSM 15952 Scaffold1, whole genome shotgun sequence	99.01	0	108	Bacillota;Bacilli;Lactobacillales;Enterococcaceae;Enterococcus_G	Enterococcus G italicus	oat_22_d3	oat_22	day3	Enterococcus_G	Enterococcus
zr28333_26	FalardeauJ_2023__SRR20811279__bin.3	0.446	98.94	4.409	NODE_1_length_274429_cov_22.9992_ID_7781	99.97	0.24	56	Bacillota;Bacilli;Lactobacillales;Lactobacillaceae;Lactiplantibacillus	Lactiplantibacillus plantarum	oat_22_d3	oat_22	day3	Lactiplantibacillus	Lactiplantibacillus
zr28333_26	MAG_312	0.108	98.19	0.962	MAG_312_0	99.73	0.05	90	Pseudomonadota;Gammaproteobacteria;Pseudomonadales;Moraxellaceae;Acinetobacter	Acinetobacter baumannii	oat_22_d3	oat_22	day3	Acinetobacter	Acinetobacter
zr28333_26	MotaGutierrezJ_2021__SRR11602153__bin.4	0.0149	98.66	0.114	NODE_1_length_695767_cov_46.0000_ID_85857	100	0.13	33	Bacillota;Bacilli;Bacillales;Bacillaceae;Bacillus	Bacillus subtilis	oat_22_d3	oat_22	day3	Bacillus	Bacillus
zr28333_1	MAG_312	21.1322	98.93	46	MAG_312_0	99.73	0.05	90	Pseudomonadota;Gammaproteobacteria;Pseudomonadales;Moraxellaceae;Acinetobacter	Acinetobacter baumannii	oat_9_d1	oat_9	day1	Acinetobacter	Acinetobacter
zr28333_1	LeechJ_xxxx__AF73__bin.1	18.3695	95.25	33	AF73_k141_20	93.9594896	1.329958897	241	Pseudomonadota;Gammaproteobacteria;Enterobacterales;Enterobacteriaceae;Pseudescherichia	Pseudescherichia spp.	oat_9_d1	oat_9	day1	Pseudescherichia	Pseudescherichia
zr28333_1	GCF_004771075.1_ASM477107v1_genomic	9.7305	98.62	33	GCF_004771075.1_ASM477107v1_genomic_NZ_CP027563.1 Weissella confusa strain VTT E-133279 chromosome, complete genome	99.08	0	2	Bacillota;Bacilli;Lactobacillales;Lactobacillaceae;Weissella	Weissella confusa	oat_9_d1	oat_9	day1	Weissella	Weissella
zr28333_1	ODFM-BA-A-0094-002_Leuconostoc_lactis_WIKIM21	4.9202	99.46	21	ODFM-BA-A-0094-002_Leuconostoc_lactis_WIKIM21_NZ_LJIV01000001.1 Leuconostoc lactis strain WIKIM21 contig00001, whole genome shotgun sequence	99.44	0.84	22	Bacillota;Bacilli;Lactobacillales;Lactobacillaceae;Leuconostoc	Leuconostoc lactis A	oat_9_d1	oat_9	day1	Leuconostoc	Leuconostoc
zr28333_1	LeechJ_xxxx__AF66__bin.13	3.2446	99.27	19	AF66_k141_253	56.50470219	0	338	Bacillota;Bacilli;Lactobacillales;Streptococcaceae;Lactococcus	Lactococcus taiwanensis	oat_9_d1	oat_9	day1	Lactococcus	Lactococcus
zr28333_1	FontanaF_2023__SRR20746854__bin.2	11.2895	99.32	19	NODE_7_length_112150_cov_14.2384_ID_46122	100	0.01	195	Pseudomonadota;Gammaproteobacteria;Enterobacterales;Enterobacteriaceae;Enterobacter	Enterobacter intestinihominis	oat_9_d1	oat_9	day1	Enterobacter	Enterobacter
zr28333_1	EBC_095.37	7.45	99.8	18	EBC_095.37_EBC_095_scaffold_66	58.62	0	70	Pseudomonadota;Gammaproteobacteria;Enterobacterales;Enterobacteriaceae;Erwinia	Erwinia sp003937915	oat_9_d1	oat_9	day1	Erwinia	Erwinia
zr28333_1	ODFM-BA-A-0148-001_Lactococcus_lactis_subsp._cremoris_LMG6897	4.7231	98.82	15	ODFM-BA-A-0148-001_Lactococcus_lactis_subsp._cremoris_LMG6897_NZ_LISZ01000065.1 Lactococcus lactis subsp. cremoris strain LMG6897 contig_0, whole genome shotgun sequence	100	0.19	233	Bacillota;Bacilli;Lactobacillales;Streptococcaceae;Lactococcus	Lactococcus cremoris	oat_9_d1	oat_9	day1	Lactococcus	Lactococcus
zr28333_1	ODFM-BA-A-0139-001_Enterococcus_lactis_CICC_24101	4.4842	99.32	11.757	ODFM-BA-A-0139-001_Enterococcus_lactis_CICC_24101_NZ_WOTS01000010.1 Enterococcus lactis strain CICC 24101 NODE_10_length_82300_cov_4.602353, whole genome shotgun sequence	99.62	0	53	Bacillota;Bacilli;Lactobacillales;Enterococcaceae;Enterococcus_B	Enterococcus B lactis	oat_9_d1	oat_9	day1	Enterococcus_B	Enterococcus
zr28333_1	LeechJ_xxxx__AF15__bin.4	5.2807	97.67	10.546	AF15_k141_25	77.41789117	2.841329195	974	Bacillota;Bacilli;Bacillales;Bacillaceae_G;Bacillus_A	Bacillus A pacificus	oat_9_d1	oat_9	day1	Bacillus_A	Bacillus
zr28333_1	LeechJ_xxxx__AF73__bin.2	3.0751	98.7	5.361	AF73_k141_59	96.33336326	1.470508658	112	Pseudomonadota;Gammaproteobacteria;Enterobacterales;Enterobacteriaceae;Enterobacter_D	Enterobacter D kobei A	oat_9_d1	oat_9	day1	Enterobacter_D	Enterobacter_D
zr28333_1	MAG_183	3.0031	99.2	5.005	MAG_183_0	95.53	2.68	667	Pseudomonadota;Gammaproteobacteria;Enterobacterales;Enterobacteriaceae;Leclercia	Leclercia adecarboxylata	oat_9_d1	oat_9	day1	Leclercia	Leclercia
zr28333_1	XieM_2019__SAMC044639__bin.32	0.9184	99.45	1.505	SAMC044639_k141_719	97.32240437	1.879781421	45	Pseudomonadota;Gammaproteobacteria;Enterobacterales;Enterobacteriaceae;Pantoea	Pantoea agglomerans	oat_9_d1	oat_9	day1	Pantoea	Pantoea
zr28333_1	GCF_009913915.1_ASM991391v1_genomic	0.3432	98.94	1.253	GCF_009913915.1_ASM991391v1_genomic_NZ_CP028251.1 Leuconostoc mesenteroides strain SRCM102733 chromosome, complete genome	100	0	3	Bacillota;Bacilli;Lactobacillales;Lactobacillaceae;Leuconostoc	Leuconostoc mesenteroides	oat_9_d1	oat_9	day1	Leuconostoc	Leuconostoc
zr28333_1	LeechJ_xxxx__AF27__bin.5	0.3023	98.78	1.024	AF27_k141_52	61.28164465	0.44837907	808	Pseudomonadota;Gammaproteobacteria;Pseudomonadales;Pseudomonadaceae;Pseudomonas_E	Pseudomonas E parafulva B	oat_9_d1	oat_9	day1	Pseudomonas_E	Pseudomonas_E
zr28333_1	YuY_2022__SRR16950700__bin.23	0.2446	98.47	0.929	NODE_137_length_39565_cov_54.0000_ID_37700	94.14	3.41	270	Bacillota;Bacilli;Bacillales;Bacillaceae_H;Priestia	Priestia megaterium	oat_9_d1	oat_9	day1	Priestia	Priestia
zr28333_1	MAG_116	0.1306	97.56	0.864	MAG_116_0	51.9	1.59	467	Bacillota;Bacilli;Lactobacillales;Lactobacillaceae;Leuconostoc	Leuconostoc pseudomesenteroides	oat_9_d1	oat_9	day1	Leuconostoc	Leuconostoc
zr28333_1	MortensenS_xxxx__WK023-1-L-48h-02G3_S117__bin.1	0.2227	96.18	0.837	WK023-1-L-48h-02G3_S117_k141_1117	99.82363316	0	29	Bacillota;Bacilli;Lactobacillales;Lactobacillaceae;Leuconostoc	Leuconostoc pseudomesenteroides	oat_9_d1	oat_9	day1	Leuconostoc	Leuconostoc
zr28333_1	KharnaiorP_2023__SRR22859377__bin.10	0.2363	98.78	0.658	NODE_8_length_174488_cov_60.9499_ID_127332	87.3	1.14	139	Bacillota;Bacilli;Lactobacillales;Enterococcaceae;Enterococcus_D	Enterococcus D sp001297065	oat_9_d1	oat_9	day1	Enterococcus_D	Enterococcus
zr28333_1	MASTER_WP4_TEAGASC_1__TGS12-29__bin.6	0.1628	97.82	0.51	TGS12-29_k141_701	99.62546816	0	108	Bacillota;Bacilli;Lactobacillales;Enterococcaceae;Enterococcus_B	Enterococcus B faecium	oat_9_d1	oat_9	day1	Enterococcus_B	Enterococcus
zr28333_1	EBC_140.10	0.2519	98.11	0.495	EBC_140.10_EBC_140_scaffold_8	70.64	5.17	514	Pseudomonadota;Gammaproteobacteria;Enterobacterales;Enterobacteriaceae;Pantoea	Pantoea brenneri	oat_9_d1	oat_9	day1	Pantoea	Pantoea
zr28333_1	MotaGutierrezJ_2021__SRR11602153__bin.4	0.169	98.33	0.317	NODE_1_length_695767_cov_46.0000_ID_85857	100	0.13	33	Bacillota;Bacilli;Bacillales;Bacillaceae;Bacillus	Bacillus subtilis	oat_9_d1	oat_9	day1	Bacillus	Bacillus
zr28333_1	FontanaF_2023__SRR20746851__bin.6	0.1517	99.2	0.219	NODE_1_length_87421_cov_11.0000_ID_9656	96.04	0.33	304	Pseudomonadota;Gammaproteobacteria;Enterobacterales;Enterobacteriaceae;Klebsiella	Klebsiella grimontii	oat_9_d1	oat_9	day1	Klebsiella	Klebsiella
zr28333_1	FontanaF_2023__SRR20746834__bin.2	0.0661	98.2	0.179	NODE_15_length_59385_cov_11.2996_ID_3067	99.89	0.4	332	Bacillota;Bacilli;Lactobacillales;Enterococcaceae;Enterococcus_B	Enterococcus B durans	oat_9_d1	oat_9	day1	Enterococcus_B	Enterococcus
zr28333_1	YulandiA_2020__SRS6115053__bin.10	0.0426	97.51	0.108	SRS6115053_k141_3360	97.73584906	0.377358491	114	Bacillota;Bacilli;Lactobacillales;Enterococcaceae;Enterococcus_D	Enterococcus D gallinarum	oat_9_d1	oat_9	day1	Enterococcus_D	Enterococcus
zr28333_1	YouL_2022__SRR13308520__bin.4	0.0238	97.97	0.093	NODE_37_length_133389_cov_15.7682_ID_27250	98.85	0.05	61	Bacillota;Bacilli;Staphylococcales;Staphylococcaceae;Macrococcoides	Macrococcoides caseolyticum	oat_9_d1	oat_9	day1	Macrococcoides	Macrococcoides
zr28333_1	MAG_45	0.0193	98.94	0.057	MAG_45_0	85.45	0.19	536	Bacillota;Bacilli;Lactobacillales;Enterococcaceae;Enterococcus_D	Enterococcus D casseliflavus	oat_9_d1	oat_9	day1	Enterococcus_D	Enterococcus
zr28333_1	ODFM-BA-A-0005-002_Lactobacillus_curvatus_WiKim38	0.012	96.85	0.047	ODFM-BA-A-0005-002_Lactobacillus_curvatus_WiKim38_NZ_CP017124.1 Lactobacillus curvatus strain WiKim38, complete genome	99.46	0	1	Bacillota;Bacilli;Lactobacillales;Lactobacillaceae;Latilactobacillus	Latilactobacillus curvatus	oat_9_d1	oat_9	day1	Latilactobacillus	Latilactobacillus
zr28333_6	GCF_004771075.1_ASM477107v1_genomic	94.6229	98.88	650	GCF_004771075.1_ASM477107v1_genomic_NZ_CP027563.1 Weissella confusa strain VTT E-133279 chromosome, complete genome	99.08	0	2	Bacillota;Bacilli;Lactobacillales;Lactobacillaceae;Weissella	Weissella confusa	oat_22_d1	oat_22	day1	Weissella	Weissella
zr28333_6	MotaGutierrezJ_2021__SRR11602153__bin.4	5.0056	99.08	19	NODE_1_length_695767_cov_46.0000_ID_85857	100	0.13	33	Bacillota;Bacilli;Bacillales;Bacillaceae;Bacillus	Bacillus subtilis	oat_22_d1	oat_22	day1	Bacillus	Bacillus
zr28333_6	MAG_312	0.3465	98.26	1.528	MAG_312_0	99.73	0.05	90	Pseudomonadota;Gammaproteobacteria;Pseudomonadales;Moraxellaceae;Acinetobacter	Acinetobacter baumannii	oat_22_d1	oat_22	day1	Acinetobacter	Acinetobacter
zr28333_6	GCF_001885995.1_ASM188599v1_genomic	0.025	97.91	0.164	GCF_001885995.1_ASM188599v1_genomic_NZ_JXKT01000001.1 Enterococcus italicus DSM 15952 Scaffold1, whole genome shotgun sequence	99.01	0	108	Bacillota;Bacilli;Lactobacillales;Enterococcaceae;Enterococcus_G	Enterococcus G italicus	oat_22_d1	oat_22	day1	Enterococcus_G	Enterococcus
zr28333_20	MortensenS_xxxx__WK023-1-L-48h-02G3_S117__bin.1	26.6002	95.85	134	WK023-1-L-48h-02G3_S117_k141_1117	99.82363316	0	29	Bacillota;Bacilli;Lactobacillales;Lactobacillaceae;Leuconostoc	Leuconostoc pseudomesenteroides	oat_9_d3	oat_9	day3	Leuconostoc	Leuconostoc
zr28333_20	MAG_116	15.0015	97.65	133	MAG_116_0	51.9	1.59	467	Bacillota;Bacilli;Lactobacillales;Lactobacillaceae;Leuconostoc	Leuconostoc pseudomesenteroides	oat_9_d3	oat_9	day3	Leuconostoc	Leuconostoc
zr28333_20	KharnaiorP_2023__SRR22859379__bin.8	15.1412	99.77	96	NODE_3_length_161229_cov_37.0000_ID_62026	99.96	0.01	43	Bacillota;Bacilli;Lactobacillales;Lactobacillaceae;Pediococcus	Pediococcus pentosaceus	oat_9_d3	oat_9	day3	Pediococcus	Pediococcus
zr28333_20	ODFM-BA-A-0148-001_Lactococcus_lactis_subsp._cremoris_LMG6897	10.8044	98.84	46	ODFM-BA-A-0148-001_Lactococcus_lactis_subsp._cremoris_LMG6897_NZ_LISZ01000065.1 Lactococcus lactis subsp. cremoris strain LMG6897 contig_0, whole genome shotgun sequence	100	0.19	233	Bacillota;Bacilli;Lactobacillales;Streptococcaceae;Lactococcus	Lactococcus cremoris	oat_9_d3	oat_9	day3	Lactococcus	Lactococcus
zr28333_20	GCF_009913915.1_ASM991391v1_genomic	3.2684	99.17	16	GCF_009913915.1_ASM991391v1_genomic_NZ_CP028251.1 Leuconostoc mesenteroides strain SRCM102733 chromosome, complete genome	100	0	3	Bacillota;Bacilli;Lactobacillales;Lactobacillaceae;Leuconostoc	Leuconostoc mesenteroides	oat_9_d3	oat_9	day3	Leuconostoc	Leuconostoc
zr28333_20	LeechJ_xxxx__AF66__bin.13	1.6074	99.16	12.619	AF66_k141_253	56.50470219	0	338	Bacillota;Bacilli;Lactobacillales;Streptococcaceae;Lactococcus	Lactococcus taiwanensis	oat_9_d3	oat_9	day3	Lactococcus	Lactococcus
zr28333_20	FontanaF_2023__SRR20746854__bin.2	5.5651	99.32	12.556	NODE_7_length_112150_cov_14.2384_ID_46122	100	0.01	195	Pseudomonadota;Gammaproteobacteria;Enterobacterales;Enterobacteriaceae;Enterobacter	Enterobacter intestinihominis	oat_9_d3	oat_9	day3	Enterobacter	Enterobacter
zr28333_20	EBC_134.5	7.1234	98.88	11.546	EBC_134.5_EBC_134_scaffold_561	98.39	8.33	294	Bacillota;Clostridia;Clostridiales;Clostridiaceae;Clostridium	Clostridium beijerinckii	oat_9_d3	oat_9	day3	Clostridium	Clostridium
zr28333_20	GCF_004771075.1_ASM477107v1_genomic	1.8906	98.6	8.595	GCF_004771075.1_ASM477107v1_genomic_NZ_CP027563.1 Weissella confusa strain VTT E-133279 chromosome, complete genome	99.08	0	2	Bacillota;Bacilli;Lactobacillales;Lactobacillaceae;Weissella	Weissella confusa	oat_9_d3	oat_9	day3	Weissella	Weissella
zr28333_20	ODFM-BA-A-0005-002_Lactobacillus_curvatus_WiKim38	1.5909	99.3	8.264	ODFM-BA-A-0005-002_Lactobacillus_curvatus_WiKim38_NZ_CP017124.1 Lactobacillus curvatus strain WiKim38, complete genome	99.46	0	1	Bacillota;Bacilli;Lactobacillales;Lactobacillaceae;Latilactobacillus	Latilactobacillus curvatus	oat_9_d3	oat_9	day3	Latilactobacillus	Latilactobacillus
zr28333_20	LeechJ_xxxx__AF73__bin.1	3.1411	95.13	7.565	AF73_k141_20	93.9594896	1.329958897	241	Pseudomonadota;Gammaproteobacteria;Enterobacterales;Enterobacteriaceae;Pseudescherichia	Pseudescherichia spp.	oat_9_d3	oat_9	day3	Pseudescherichia	Pseudescherichia
zr28333_20	ODFM-BA-A-0139-001_Enterococcus_lactis_CICC_24101	1.4252	99.25	5.009	ODFM-BA-A-0139-001_Enterococcus_lactis_CICC_24101_NZ_WOTS01000010.1 Enterococcus lactis strain CICC 24101 NODE_10_length_82300_cov_4.602353, whole genome shotgun sequence	99.62	0	53	Bacillota;Bacilli;Lactobacillales;Enterococcaceae;Enterococcus_B	Enterococcus B lactis	oat_9_d3	oat_9	day3	Enterococcus_B	Enterococcus
zr28333_20	ODFM-BA-A-0094-002_Leuconostoc_lactis_WIKIM21	0.8633	99.02	4.939	ODFM-BA-A-0094-002_Leuconostoc_lactis_WIKIM21_NZ_LJIV01000001.1 Leuconostoc lactis strain WIKIM21 contig00001, whole genome shotgun sequence	99.44	0.84	22	Bacillota;Bacilli;Lactobacillales;Lactobacillaceae;Leuconostoc	Leuconostoc lactis A	oat_9_d3	oat_9	day3	Leuconostoc	Leuconostoc
zr28333_20	MAG_183	1.7199	99.06	3.843	MAG_183_0	95.53	2.68	667	Pseudomonadota;Gammaproteobacteria;Enterobacterales;Enterobacteriaceae;Leclercia	Leclercia adecarboxylata	oat_9_d3	oat_9	day3	Leclercia	Leclercia
zr28333_20	LeechJ_xxxx__AF73__bin.2	1.3666	98.51	3.194	AF73_k141_59	96.33336326	1.470508658	112	Pseudomonadota;Gammaproteobacteria;Enterobacterales;Enterobacteriaceae;Enterobacter_D	Enterobacter D kobei A	oat_9_d3	oat_9	day3	Enterobacter_D	Enterobacter_D
zr28333_20	MortensenS_xxxx__WK028-2-L-48h-03A1_S20__bin.5	0.2925	99.43	1.733	WK028-2-L-48h-03A1_S20_k141_3165	99.88764045	0	19	Bacillota;Bacilli;Lactobacillales;Lactobacillaceae;Leuconostoc	Leuconostoc citreum	oat_9_d3	oat_9	day3	Leuconostoc	Leuconostoc
zr28333_20	MortensenS_xxxx__WK002-1-L-48h-01F6_S30__bin.6	0.2541	99.77	1.445	WK002-1-L-48h-01F6_S30_k141_2565	100	0	16	Bacillota;Bacilli;Lactobacillales;Lactobacillaceae;Leuconostoc	Leuconostoc falkenbergense	oat_9_d3	oat_9	day3	Leuconostoc	Leuconostoc
zr28333_20	LeechJ_xxxx__AF27__bin.5	0.2348	97.04	1.066	AF27_k141_52	61.28164465	0.44837907	808	Pseudomonadota;Gammaproteobacteria;Pseudomonadales;Pseudomonadaceae;Pseudomonas_E	Pseudomonas E parafulva B	oat_9_d3	oat_9	day3	Pseudomonas_E	Pseudomonas_E
zr28333_20	EBC_095.37	0.2873	99.48	0.931	EBC_095.37_EBC_095_scaffold_66	58.62	0	70	Pseudomonadota;Gammaproteobacteria;Enterobacterales;Enterobacteriaceae;Erwinia	Erwinia sp003937915	oat_9_d3	oat_9	day3	Erwinia	Erwinia
zr28333_20	YulandiA_2020__SRS6115053__bin.10	0.2635	99.69	0.893	SRS6115053_k141_3360	97.73584906	0.377358491	114	Bacillota;Bacilli;Lactobacillales;Enterococcaceae;Enterococcus_D	Enterococcus D gallinarum	oat_9_d3	oat_9	day3	Enterococcus_D	Enterococcus
zr28333_20	FontanaF_2023__SRR20746834__bin.2	0.2449	98.37	0.888	NODE_15_length_59385_cov_11.2996_ID_3067	99.89	0.4	332	Bacillota;Bacilli;Lactobacillales;Enterococcaceae;Enterococcus_B	Enterococcus B durans	oat_9_d3	oat_9	day3	Enterococcus_B	Enterococcus
zr28333_20	MASTER_WP4_TEAGASC_1__TGS12-29__bin.6	0.1838	96.49	0.771	TGS12-29_k141_701	99.62546816	0	108	Bacillota;Bacilli;Lactobacillales;Enterococcaceae;Enterococcus_B	Enterococcus B faecium	oat_9_d3	oat_9	day3	Enterococcus_B	Enterococcus
zr28333_20	MAG_312	0.2491	98.68	0.727	MAG_312_0	99.73	0.05	90	Pseudomonadota;Gammaproteobacteria;Pseudomonadales;Moraxellaceae;Acinetobacter	Acinetobacter baumannii	oat_9_d3	oat_9	day3	Acinetobacter	Acinetobacter
zr28333_20	XieM_2019__SAMC044639__bin.32	0.2939	98.95	0.646	SAMC044639_k141_719	97.32240437	1.879781421	45	Pseudomonadota;Gammaproteobacteria;Enterobacterales;Enterobacteriaceae;Pantoea	Pantoea agglomerans	oat_9_d3	oat_9	day3	Pantoea	Pantoea
zr28333_20	KharnaiorP_2023__SRR22859377__bin.10	0.1013	98.28	0.378	NODE_8_length_174488_cov_60.9499_ID_127332	87.3	1.14	139	Bacillota;Bacilli;Lactobacillales;Enterococcaceae;Enterococcus_D	Enterococcus D sp001297065	oat_9_d3	oat_9	day3	Enterococcus_D	Enterococcus
zr28333_20	P.1_bin.1	0.1665	95.63	0.372	P.1_bin.1_k77_21174	98.9	0.71	143	Pseudomonadota;Gammaproteobacteria;Enterobacterales;Enterobacteriaceae;Cronobacter	Cronobacter malonaticus	oat_9_d3	oat_9	day3	Cronobacter	Cronobacter
zr28333_20	EBC_140.10	0.1394	97.96	0.367	EBC_140.10_EBC_140_scaffold_8	70.64	5.17	514	Pseudomonadota;Gammaproteobacteria;Enterobacterales;Enterobacteriaceae;Pantoea	Pantoea brenneri	oat_9_d3	oat_9	day3	Pantoea	Pantoea
zr28333_20	MAG_579	0.0948	98.35	0.215	MAG_579_0	78.54	8.62	522	Pseudomonadota;Gammaproteobacteria;Enterobacterales;Enterobacteriaceae;Leclercia_A	Leclercia A pneumoniae	oat_9_d3	oat_9	day3	Leclercia_A	Leclercia_A
zr28333_20	MAG_45	0.0372	98.31	0.146	MAG_45_0	85.45	0.19	536	Bacillota;Bacilli;Lactobacillales;Enterococcaceae;Enterococcus_D	Enterococcus D casseliflavus	oat_9_d3	oat_9	day3	Enterococcus_D	Enterococcus
zr28333_20	FontanaF_2023__SRR20746851__bin.6	0.0479	97.16	0.093	NODE_1_length_87421_cov_11.0000_ID_9656	96.04	0.33	304	Pseudomonadota;Gammaproteobacteria;Enterobacterales;Enterobacteriaceae;Klebsiella	Klebsiella grimontii	oat_9_d3	oat_9	day3	Klebsiella	Klebsiella
zr28333_8	LeechJ_xxxx__AF15__bin.4	97.4672	98.99	113	AF15_k141_25	77.41789117	2.841329195	974	Bacillota;Bacilli;Bacillales;Bacillaceae_G;Bacillus_A	Bacillus A pacificus	oat_26_d1	oat_26	day1	Bacillus_A	Bacillus
zr28333_8	MAG_107	1.2126	99.51	4.153	MAG_107_0	67.86	8.62	565	Bacillota;Bacilli;Bacillales;Bacillaceae_G;Bacillus_A	Bacillus A cereus	oat_26_d1	oat_26	day1	Bacillus_A	Bacillus
zr28333_8	MASTER_WP4_CSIC_2__P2619__bin.31	0.6469	95.74	1.597	P2619_k141_112	63.79310345	1.724137931	518	Pseudomonadota;Gammaproteobacteria;Pseudomonadales;Moraxellaceae;Moraxella_A	Moraxella A sp002478835	oat_26_d1	oat_26	day1	Moraxella_A	Moraxella_A
zr28333_8	MASTER_WP4_CSIC_2__P2603__bin.2	0.6733	97.55	1.548	P2603_k141_86142	74.13793103	0	13	Pseudomonadota;Gammaproteobacteria;Pseudomonadales;Moraxellaceae;Moraxella_A	Moraxella A sp902506215	oat_26_d1	oat_26	day1	Moraxella_A	Moraxella_A
zr28333_5	LeechJ_xxxx__AF66__bin.13	38.9118	99.5	139	AF66_k141_253	56.50470219	0	338	Bacillota;Bacilli;Lactobacillales;Streptococcaceae;Lactococcus	Lactococcus taiwanensis	oat_19_d1	oat_19	day1	Lactococcus	Lactococcus
zr28333_5	MAG_45	29.5863	99.71	53	MAG_45_0	85.45	0.19	536	Bacillota;Bacilli;Lactobacillales;Enterococcaceae;Enterococcus_D	Enterococcus D casseliflavus	oat_19_d1	oat_19	day1	Enterococcus_D	Enterococcus
zr28333_5	FontanaF_2023__SRR20746834__bin.2	5.362	98.39	8.845	NODE_15_length_59385_cov_11.2996_ID_3067	99.89	0.4	332	Bacillota;Bacilli;Lactobacillales;Enterococcaceae;Enterococcus_B	Enterococcus B durans	oat_19_d1	oat_19	day1	Enterococcus_B	Enterococcus
zr28333_5	ODFM-BA-A-0139-001_Enterococcus_lactis_CICC_24101	4.433	99.37	7.09	ODFM-BA-A-0139-001_Enterococcus_lactis_CICC_24101_NZ_WOTS01000010.1 Enterococcus lactis strain CICC 24101 NODE_10_length_82300_cov_4.602353, whole genome shotgun sequence	99.62	0	53	Bacillota;Bacilli;Lactobacillales;Enterococcaceae;Enterococcus_B	Enterococcus B lactis	oat_19_d1	oat_19	day1	Enterococcus_B	Enterococcus
zr28333_5	EBC_082.15	6.2591	99.06	6.102	EBC_082.15_EBC_082_scaffold_602	92.69	4.54	82	Pseudomonadota;Gammaproteobacteria;Enterobacterales;Enterobacteriaceae;Kosakonia	Kosakonia cowanii	oat_19_d1	oat_19	day1	Kosakonia	Kosakonia
zr28333_5	XieM_2019__SAMC044639__bin.32	4.6794	99.58	4.679	SAMC044639_k141_719	97.32240437	1.879781421	45	Pseudomonadota;Gammaproteobacteria;Enterobacterales;Enterobacteriaceae;Pantoea	Pantoea agglomerans	oat_19_d1	oat_19	day1	Pantoea	Pantoea
zr28333_5	EBC_134.5	5.2046	98.8	3.839	EBC_134.5_EBC_134_scaffold_561	98.39	8.33	294	Bacillota;Clostridia;Clostridiales;Clostridiaceae;Clostridium	Clostridium beijerinckii	oat_19_d1	oat_19	day1	Clostridium	Clostridium
zr28333_5	LeechJ_xxxx__AF66__bin.10	0.6044	95.48	1.177	AF66_k141_123	56.71442781	1.66218638	987	Bacillota;Clostridia;Clostridiales;Clostridiaceae;Clostridium	Clostridium beijerinckii	oat_19_d1	oat_19	day1	Clostridium	Clostridium
zr28333_5	LeechJ_xxxx__AF73__bin.2	1.0276	99.12	1.093	AF73_k141_59	96.33336326	1.470508658	112	Pseudomonadota;Gammaproteobacteria;Enterobacterales;Enterobacteriaceae;Enterobacter_D	Enterobacter D kobei A	oat_19_d1	oat_19	day1	Enterobacter_D	Enterobacter_D
zr28333_5	MASTER_WP4_TEAGASC_1__TGS12-29__bin.6	0.4617	98.3	0.882	TGS12-29_k141_701	99.62546816	0	108	Bacillota;Bacilli;Lactobacillales;Enterococcaceae;Enterococcus_B	Enterococcus B faecium	oat_19_d1	oat_19	day1	Enterococcus_B	Enterococcus
zr28333_5	CM_UNINA_FFOOD__FFOOD_256__bin.2	0.3728	97.09	0.856	NODE_1_length_428318_cov_12.9998_ID_8660	62.21	0.02	16	Bacillota;Bacilli;Exiguobacteriales;Exiguobacteriaceae;Exiguobacterium_A	Exiguobacterium A acetylicum	oat_19_d1	oat_19	day1	Exiguobacterium_A	Exiguobacterium_A
zr28333_5	LeechJ_xxxx__AF27__bin.5	0.3433	98.41	0.709	AF27_k141_52	61.28164465	0.44837907	808	Pseudomonadota;Gammaproteobacteria;Pseudomonadales;Pseudomonadaceae;Pseudomonas_E	Pseudomonas E parafulva B	oat_19_d1	oat_19	day1	Pseudomonas_E	Pseudomonas_E
zr28333_5	CM_UNINA_FFOOD__FFOOD_226__bin.6	0.4482	98.98	0.686	NODE_2_length_319059_cov_34.9987_ID_36074	100	4.65	51	Bacillota;Bacilli;Lactobacillales;Enterococcaceae;Enterococcus_B	Enterococcus B hirae	oat_19_d1	oat_19	day1	Enterococcus_B	Enterococcus
zr28333_5	SEM_41_S58.18	0.4248	97.73	0.531	SEM_41_S58.18_SEM_41_S58_scaffold_33	67.4	0	639	Pseudomonadota;Gammaproteobacteria;Pseudomonadales;Pseudomonadaceae;Pseudomonas_B	Pseudomonas B benzopyrenica	oat_19_d1	oat_19	day1	Pseudomonas_B	Pseudomonas_B
zr28333_5	LeechJ_xxxx__AF53__bin.10	0.2736	97.38	0.515	AF53_k141_67	62.43849788	0.065486296	939	Bacillota;Clostridia;Clostridiales;Clostridiaceae;Clostridium	Clostridium saccharobutylicum	oat_19_d1	oat_19	day1	Clostridium	Clostridium
zr28333_5	EBC_095.37	0.2572	99.5	0.379	EBC_095.37_EBC_095_scaffold_66	58.62	0	70	Pseudomonadota;Gammaproteobacteria;Enterobacterales;Enterobacteriaceae;Erwinia	Erwinia sp003937915	oat_19_d1	oat_19	day1	Erwinia	Erwinia
zr28333_5	KharnaiorP_2023__SRR22859377__bin.10	0.2179	98.7	0.37	NODE_8_length_174488_cov_60.9499_ID_127332	87.3	1.14	139	Bacillota;Bacilli;Lactobacillales;Enterococcaceae;Enterococcus_D	Enterococcus D sp001297065	oat_19_d1	oat_19	day1	Enterococcus_D	Enterococcus
zr28333_5	MotaGutierrezJ_2021__SRR11602150__bin.4	0.1527	96.11	0.222	NODE_398_length_32439_cov_10.0000_ID_73648	92.68	2.44	600	Actinomycetota;Actinomycetes;Actinomycetales;Microbacteriaceae;Curtobacterium	Curtobacterium citreum	oat_19_d1	oat_19	day1	Curtobacterium	Curtobacterium
zr28333_5	YouL_2022__SRR13308526__bin.24	0.221	98.07	0.222	NODE_37_length_141872_cov_18.1171_ID_20191	88.99	4.01	218	Pseudomonadota;Gammaproteobacteria;Enterobacterales;Enterobacteriaceae;Enterobacter	Enterobacter ludwigii	oat_19_d1	oat_19	day1	Enterobacter	Enterobacter
zr28333_5	LiZ_2019__SRS3379157__bin.3	0.1679	98.07	0.162	SRS3379157_k141_320	99.44609788	0.639880952	195	Pseudomonadota;Gammaproteobacteria;Enterobacterales;Enterobacteriaceae;Enterobacter	Enterobacter mori	oat_19_d1	oat_19	day1	Enterobacter	Enterobacter
zr28333_5	EBC_080.1	0.1501	98.68	0.145	EBC_080.1_EBC_080_scaffold_1281	96.07	3.48	35	Pseudomonadota;Gammaproteobacteria;Enterobacterales;Enterobacteriaceae;Erwinia	Erwinia persicina	oat_19_d1	oat_19	day1	Erwinia	Erwinia
zr28333_5	YulandiA_2020__SRS6115053__bin.10	0.0915	98.06	0.141	SRS6115053_k141_3360	97.73584906	0.377358491	114	Bacillota;Bacilli;Lactobacillales;Enterococcaceae;Enterococcus_D	Enterococcus D gallinarum	oat_19_d1	oat_19	day1	Enterococcus_D	Enterococcus
zr28333_5	LeechJ_xxxx__AF15__bin.4	0.1076	95.33	0.131	AF15_k141_25	77.41789117	2.841329195	974	Bacillota;Bacilli;Bacillales;Bacillaceae_G;Bacillus_A	Bacillus A pacificus	oat_19_d1	oat_19	day1	Bacillus_A	Bacillus
zr28333_5	MAG_107	0.0361	98.21	0.13	MAG_107_0	67.86	8.62	565	Bacillota;Bacilli;Bacillales;Bacillaceae_G;Bacillus_A	Bacillus A cereus	oat_19_d1	oat_19	day1	Bacillus_A	Bacillus
zr28333_5	LopezSanchezR_2023__SRR13708567__bin.13	0.0618	96.69	0.124	NODE_203_length_18705_cov_7.0000_ID_55160	74.78	2.02	552	Pseudomonadota;Gammaproteobacteria;Pseudomonadales;Moraxellaceae;Acinetobacter	Acinetobacter sp013417555	oat_19_d1	oat_19	day1	Acinetobacter	Acinetobacter
zr28333_5	ODFM-BA-A-0005-002_Lactobacillus_curvatus_WiKim38	0.0482	98.81	0.114	ODFM-BA-A-0005-002_Lactobacillus_curvatus_WiKim38_NZ_CP017124.1 Lactobacillus curvatus strain WiKim38, complete genome	99.46	0	1	Bacillota;Bacilli;Lactobacillales;Lactobacillaceae;Latilactobacillus	Latilactobacillus curvatus	oat_19_d1	oat_19	day1	Latilactobacillus	Latilactobacillus
zr28333_5	LeechJ_2020__ERS3967741__bin.4	0.0369	95.05	0.072	ERS3967741_k141_1495	66.07142857	0	29	Bacillota;Bacilli;Bacillales;Bacillaceae_G;Bacillus_A	Bacillus A mycoides	oat_19_d1	oat_19	day1	Bacillus_A	Bacillus
zr28333_5	KharnaiorP_2023__SRR22859379__bin.8	0.0221	96.98	0.064	NODE_3_length_161229_cov_37.0000_ID_62026	99.96	0.01	43	Bacillota;Bacilli;Lactobacillales;Lactobacillaceae;Pediococcus	Pediococcus pentosaceus	oat_19_d1	oat_19	day1	Pediococcus	Pediococcus
zr28333_5	LeechJ_xxxx__AF52__bin.1	0.0363	97.94	0.039	AF52_k141_89	94.53642384	3.752759382	629	Bacillota;Bacilli;Bacillales_A;Planococcaceae;Lysinibacillus	Lysinibacillus boronitolerans	oat_19_d1	oat_19	day1	Lysinibacillus	Lysinibacillus
zr28333_18	LeechJ_xxxx__AF66__bin.10	49.9025	98.71	141	AF66_k141_123	56.71442781	1.66218638	987	Bacillota;Clostridia;Clostridiales;Clostridiaceae;Clostridium	Clostridium beijerinckii	oat_26_d2	oat_26	day2	Clostridium	Clostridium
zr28333_18	MAG_107	6.7055	99.53	35	MAG_107_0	67.86	8.62	565	Bacillota;Bacilli;Bacillales;Bacillaceae_G;Bacillus_A	Bacillus A cereus	oat_26_d2	oat_26	day2	Bacillus_A	Bacillus
zr28333_18	EBC_134.5	28.0427	97.64	30	EBC_134.5_EBC_134_scaffold_561	98.39	8.33	294	Bacillota;Clostridia;Clostridiales;Clostridiaceae;Clostridium	Clostridium beijerinckii	oat_26_d2	oat_26	day2	Clostridium	Clostridium
zr28333_18	LeechJ_xxxx__AF15__bin.4	14.148	98.97	25	AF15_k141_25	77.41789117	2.841329195	974	Bacillota;Bacilli;Bacillales;Bacillaceae_G;Bacillus_A	Bacillus A pacificus	oat_26_d2	oat_26	day2	Bacillus_A	Bacillus
zr28333_18	MASTER_WP4_CSIC_2__P2619__bin.31	0.2972	95.1	1.118	P2619_k141_112	63.79310345	1.724137931	518	Pseudomonadota;Gammaproteobacteria;Pseudomonadales;Moraxellaceae;Moraxella_A	Moraxella A sp002478835	oat_26_d2	oat_26	day2	Moraxella_A	Moraxella_A
zr28333_18	MASTER_WP4_CSIC_2__P2603__bin.2	0.3089	96.98	1.083	P2603_k141_86142	74.13793103	0	13	Pseudomonadota;Gammaproteobacteria;Pseudomonadales;Moraxellaceae;Moraxella_A	Moraxella A sp902506215	oat_26_d2	oat_26	day2	Moraxella_A	Moraxella_A
zr28333_18	XieM_2019__SAMC044639__bin.32	0.5504	98.76	0.798	SAMC044639_k141_719	97.32240437	1.879781421	45	Pseudomonadota;Gammaproteobacteria;Enterobacterales;Enterobacteriaceae;Pantoea	Pantoea agglomerans	oat_26_d2	oat_26	day2	Pantoea	Pantoea
zr28333_18	MotaGutierrezJ_2021__SRR11602153__bin.4	0.029	95.74	0.048	NODE_1_length_695767_cov_46.0000_ID_85857	100	0.13	33	Bacillota;Bacilli;Bacillales;Bacillaceae;Bacillus	Bacillus subtilis	oat_26_d2	oat_26	day2	Bacillus	Bacillus
zr28333_18	LeechJ_xxxx__AF63__bin.4	0.0159	97.84	0.027	AF63_k141_143	85.91292674	2.373417722	1191	Bacillota;Clostridia;Lachnospirales;Lachnospiraceae;Lacrimispora	Lacrimispora xylanisolvens	oat_26_d2	oat_26	day2	Lacrimispora	Lacrimispora
zr28333_10	ODFM-BA-A-0148-001_Lactococcus_lactis_subsp._cremoris_LMG6897	15.3894	98.84	54	ODFM-BA-A-0148-001_Lactococcus_lactis_subsp._cremoris_LMG6897_NZ_LISZ01000065.1 Lactococcus lactis subsp. cremoris strain LMG6897 contig_0, whole genome shotgun sequence	100	0.19	233	Bacillota;Bacilli;Lactobacillales;Streptococcaceae;Lactococcus	Lactococcus cremoris	oat_9_d2	oat_9	day2	Lactococcus	Lactococcus
zr28333_10	MAG_116	6.8428	98.25	50	MAG_116_0	51.9	1.59	467	Bacillota;Bacilli;Lactobacillales;Lactobacillaceae;Leuconostoc	Leuconostoc pseudomesenteroides	oat_9_d2	oat_9	day2	Leuconostoc	Leuconostoc
zr28333_10	MortensenS_xxxx__WK023-1-L-48h-02G3_S117__bin.1	12.0429	96.73	50	WK023-1-L-48h-02G3_S117_k141_1117	99.82363316	0	29	Bacillota;Bacilli;Lactobacillales;Lactobacillaceae;Leuconostoc	Leuconostoc pseudomesenteroides	oat_9_d2	oat_9	day2	Leuconostoc	Leuconostoc
zr28333_10	FontanaF_2023__SRR20746854__bin.2	17.2093	99.24	32	NODE_7_length_112150_cov_14.2384_ID_46122	100	0.01	195	Pseudomonadota;Gammaproteobacteria;Enterobacterales;Enterobacteriaceae;Enterobacter	Enterobacter intestinihominis	oat_9_d2	oat_9	day2	Enterobacter	Enterobacter
zr28333_10	GCF_009913915.1_ASM991391v1_genomic	5.7006	99.22	23	GCF_009913915.1_ASM991391v1_genomic_NZ_CP028251.1 Leuconostoc mesenteroides strain SRCM102733 chromosome, complete genome	100	0	3	Bacillota;Bacilli;Lactobacillales;Lactobacillaceae;Leuconostoc	Leuconostoc mesenteroides	oat_9_d2	oat_9	day2	Leuconostoc	Leuconostoc
zr28333_10	LeechJ_xxxx__AF73__bin.1	11.084	95.5	22	AF73_k141_20	93.9594896	1.329958897	241	Pseudomonadota;Gammaproteobacteria;Enterobacterales;Enterobacteriaceae;Pseudescherichia	Pseudescherichia spp.	oat_9_d2	oat_9	day2	Pseudescherichia	Pseudescherichia
zr28333_10	GCF_004771075.1_ASM477107v1_genomic	4.27	98.6	16	GCF_004771075.1_ASM477107v1_genomic_NZ_CP027563.1 Weissella confusa strain VTT E-133279 chromosome, complete genome	99.08	0	2	Bacillota;Bacilli;Lactobacillales;Lactobacillaceae;Weissella	Weissella confusa	oat_9_d2	oat_9	day2	Weissella	Weissella
zr28333_10	ODFM-BA-A-0094-002_Leuconostoc_lactis_WIKIM21	2.5279	99.28	11.921	ODFM-BA-A-0094-002_Leuconostoc_lactis_WIKIM21_NZ_LJIV01000001.1 Leuconostoc lactis strain WIKIM21 contig00001, whole genome shotgun sequence	99.44	0.84	22	Bacillota;Bacilli;Lactobacillales;Lactobacillaceae;Leuconostoc	Leuconostoc lactis A	oat_9_d2	oat_9	day2	Leuconostoc	Leuconostoc
zr28333_10	MAG_183	6.3988	99.41	11.783	MAG_183_0	95.53	2.68	667	Pseudomonadota;Gammaproteobacteria;Enterobacterales;Enterobacteriaceae;Leclercia	Leclercia adecarboxylata	oat_9_d2	oat_9	day2	Leclercia	Leclercia
zr28333_10	LeechJ_xxxx__AF66__bin.13	1.3005	99.15	8.415	AF66_k141_253	56.50470219	0	338	Bacillota;Bacilli;Lactobacillales;Streptococcaceae;Lactococcus	Lactococcus taiwanensis	oat_9_d2	oat_9	day2	Lactococcus	Lactococcus
zr28333_10	ODFM-BA-A-0139-001_Enterococcus_lactis_CICC_24101	2.8576	99.36	8.278	ODFM-BA-A-0139-001_Enterococcus_lactis_CICC_24101_NZ_WOTS01000010.1 Enterococcus lactis strain CICC 24101 NODE_10_length_82300_cov_4.602353, whole genome shotgun sequence	99.62	0	53	Bacillota;Bacilli;Lactobacillales;Enterococcaceae;Enterococcus_B	Enterococcus B lactis	oat_9_d2	oat_9	day2	Enterococcus_B	Enterococcus
zr28333_10	LeechJ_xxxx__AF73__bin.2	3.7754	98.74	7.272	AF73_k141_59	96.33336326	1.470508658	112	Pseudomonadota;Gammaproteobacteria;Enterobacterales;Enterobacteriaceae;Enterobacter_D	Enterobacter D kobei A	oat_9_d2	oat_9	day2	Enterobacter_D	Enterobacter_D
zr28333_10	ODFM-BA-A-0005-002_Lactobacillus_curvatus_WiKim38	1.1863	99.23	5.079	ODFM-BA-A-0005-002_Lactobacillus_curvatus_WiKim38_NZ_CP017124.1 Lactobacillus curvatus strain WiKim38, complete genome	99.46	0	1	Bacillota;Bacilli;Lactobacillales;Lactobacillaceae;Latilactobacillus	Latilactobacillus curvatus	oat_9_d2	oat_9	day2	Latilactobacillus	Latilactobacillus
zr28333_10	EBC_095.37	1.4309	99.54	3.82	EBC_095.37_EBC_095_scaffold_66	58.62	0	70	Pseudomonadota;Gammaproteobacteria;Enterobacterales;Enterobacteriaceae;Erwinia	Erwinia sp003937915	oat_9_d2	oat_9	day2	Erwinia	Erwinia
zr28333_10	EBC_134.5	2.7514	98.47	3.675	EBC_134.5_EBC_134_scaffold_561	98.39	8.33	294	Bacillota;Clostridia;Clostridiales;Clostridiaceae;Clostridium	Clostridium beijerinckii	oat_9_d2	oat_9	day2	Clostridium	Clostridium
zr28333_10	KharnaiorP_2023__SRR22859379__bin.8	0.6316	99.29	3.3	NODE_3_length_161229_cov_37.0000_ID_62026	99.96	0.01	43	Bacillota;Bacilli;Lactobacillales;Lactobacillaceae;Pediococcus	Pediococcus pentosaceus	oat_9_d2	oat_9	day2	Pediococcus	Pediococcus
zr28333_10	MAG_312	0.7723	98.9	1.857	MAG_312_0	99.73	0.05	90	Pseudomonadota;Gammaproteobacteria;Pseudomonadales;Moraxellaceae;Acinetobacter	Acinetobacter baumannii	oat_9_d2	oat_9	day2	Acinetobacter	Acinetobacter
zr28333_10	YulandiA_2020__SRS6115053__bin.10	0.6127	99.7	1.711	SRS6115053_k141_3360	97.73584906	0.377358491	114	Bacillota;Bacilli;Lactobacillales;Enterococcaceae;Enterococcus_D	Enterococcus D gallinarum	oat_9_d2	oat_9	day2	Enterococcus_D	Enterococcus
zr28333_10	MortensenS_xxxx__WK028-2-L-48h-03A1_S20__bin.5	0.3332	99.48	1.627	WK028-2-L-48h-03A1_S20_k141_3165	99.88764045	0	19	Bacillota;Bacilli;Lactobacillales;Lactobacillaceae;Leuconostoc	Leuconostoc citreum	oat_9_d2	oat_9	day2	Leuconostoc	Leuconostoc
zr28333_10	XieM_2019__SAMC044639__bin.32	0.7362	99.38	1.333	SAMC044639_k141_719	97.32240437	1.879781421	45	Pseudomonadota;Gammaproteobacteria;Enterobacterales;Enterobacteriaceae;Pantoea	Pantoea agglomerans	oat_9_d2	oat_9	day2	Pantoea	Pantoea
zr28333_10	LeechJ_xxxx__AF27__bin.5	0.3431	99.09	1.284	AF27_k141_52	61.28164465	0.44837907	808	Pseudomonadota;Gammaproteobacteria;Pseudomonadales;Pseudomonadaceae;Pseudomonas_E	Pseudomonas E parafulva B	oat_9_d2	oat_9	day2	Pseudomonas_E	Pseudomonas_E
zr28333_10	P.1_bin.1	0.3973	95.54	0.731	P.1_bin.1_k77_21174	98.9	0.71	143	Pseudomonadota;Gammaproteobacteria;Enterobacterales;Enterobacteriaceae;Cronobacter	Cronobacter malonaticus	oat_9_d2	oat_9	day2	Cronobacter	Cronobacter
zr28333_10	EBC_140.10	0.2937	98.98	0.638	EBC_140.10_EBC_140_scaffold_8	70.64	5.17	514	Pseudomonadota;Gammaproteobacteria;Enterobacterales;Enterobacteriaceae;Pantoea	Pantoea brenneri	oat_9_d2	oat_9	day2	Pantoea	Pantoea
zr28333_10	MASTER_WP4_TEAGASC_1__TGS12-29__bin.6	0.1574	98.14	0.544	TGS12-29_k141_701	99.62546816	0	108	Bacillota;Bacilli;Lactobacillales;Enterococcaceae;Enterococcus_B	Enterococcus B faecium	oat_9_d2	oat_9	day2	Enterococcus_B	Enterococcus
zr28333_10	FontanaF_2023__SRR20746834__bin.2	0.1788	98.22	0.534	NODE_15_length_59385_cov_11.2996_ID_3067	99.89	0.4	332	Bacillota;Bacilli;Lactobacillales;Enterococcaceae;Enterococcus_B	Enterococcus B durans	oat_9_d2	oat_9	day2	Enterococcus_B	Enterococcus
zr28333_10	KharnaiorP_2023__SRR22859377__bin.10	0.1699	98.43	0.523	NODE_8_length_174488_cov_60.9499_ID_127332	87.3	1.14	139	Bacillota;Bacilli;Lactobacillales;Enterococcaceae;Enterococcus_D	Enterococcus D sp001297065	oat_9_d2	oat_9	day2	Enterococcus_D	Enterococcus
zr28333_10	MortensenS_xxxx__WK002-1-L-48h-01F6_S30__bin.6	0.0917	98.8	0.43	WK002-1-L-48h-01F6_S30_k141_2565	100	0	16	Bacillota;Bacilli;Lactobacillales;Lactobacillaceae;Leuconostoc	Leuconostoc falkenbergense	oat_9_d2	oat_9	day2	Leuconostoc	Leuconostoc
zr28333_10	MAG_579	0.2207	98.58	0.413	MAG_579_0	78.54	8.62	522	Pseudomonadota;Gammaproteobacteria;Enterobacterales;Enterobacteriaceae;Leclercia_A	Leclercia A pneumoniae	oat_9_d2	oat_9	day2	Leclercia_A	Leclercia_A
zr28333_10	MAG_45	0.0638	99.16	0.207	MAG_45_0	85.45	0.19	536	Bacillota;Bacilli;Lactobacillales;Enterococcaceae;Enterococcus_D	Enterococcus D casseliflavus	oat_9_d2	oat_9	day2	Enterococcus_D	Enterococcus
zr28333_10	LeechJ_xxxx__AF15__bin.4	0.0809	96.98	0.179	AF15_k141_25	77.41789117	2.841329195	974	Bacillota;Bacilli;Bacillales;Bacillaceae_G;Bacillus_A	Bacillus A pacificus	oat_9_d2	oat_9	day2	Bacillus_A	Bacillus
zr28333_10	FontanaF_2023__SRR20746851__bin.6	0.0997	99.02	0.159	NODE_1_length_87421_cov_11.0000_ID_9656	96.04	0.33	304	Pseudomonadota;Gammaproteobacteria;Enterobacterales;Enterobacteriaceae;Klebsiella	Klebsiella grimontii	oat_9_d2	oat_9	day2	Klebsiella	Klebsiella
zr28333_10	CM_UNINA_FFOOD__FFOOD_277__bin.12	0.0383	97.28	0.078	NODE_4_length_117675_cov_11.9994_ID_3948	76	1.94	203	Pseudomonadota;Gammaproteobacteria;Pseudomonadales;Pseudomonadaceae;Pseudomonas_E	Pseudomonas E palmensis	oat_9_d2	oat_9	day2	Pseudomonas_E	Pseudomonas_E
zr28333_10	MAG_107	0.0109	98.12	0.071	MAG_107_0	67.86	8.62	565	Bacillota;Bacilli;Bacillales;Bacillaceae_G;Bacillus_A	Bacillus A cereus	oat_9_d2	oat_9	day2	Bacillus_A	Bacillus
zr28333_29	MortensenS_xxxx__WK023-1-L-48h-02G3_S117__bin.1	32.0399	95.91	192	WK023-1-L-48h-02G3_S117_k141_1117	99.82363316	0	29	Bacillota;Bacilli;Lactobacillales;Lactobacillaceae;Leuconostoc	Leuconostoc pseudomesenteroides	oat_9_d6	oat_9	day6	Leuconostoc	Leuconostoc
zr28333_29	MAG_116	18.1102	97.65	191	MAG_116_0	51.9	1.59	467	Bacillota;Bacilli;Lactobacillales;Lactobacillaceae;Leuconostoc	Leuconostoc pseudomesenteroides	oat_9_d6	oat_9	day6	Leuconostoc	Leuconostoc
zr28333_29	KharnaiorP_2023__SRR22859379__bin.8	17.2362	99.77	130	NODE_3_length_161229_cov_37.0000_ID_62026	99.96	0.01	43	Bacillota;Bacilli;Lactobacillales;Lactobacillaceae;Pediococcus	Pediococcus pentosaceus	oat_9_d6	oat_9	day6	Pediococcus	Pediococcus
zr28333_29	ODFM-BA-A-0148-001_Lactococcus_lactis_subsp._cremoris_LMG6897	9.0826	98.83	46	ODFM-BA-A-0148-001_Lactococcus_lactis_subsp._cremoris_LMG6897_NZ_LISZ01000065.1 Lactococcus lactis subsp. cremoris strain LMG6897 contig_0, whole genome shotgun sequence	100	0.19	233	Bacillota;Bacilli;Lactobacillales;Streptococcaceae;Lactococcus	Lactococcus cremoris	oat_9_d6	oat_9	day6	Lactococcus	Lactococcus
zr28333_29	LeechJ_xxxx__AF66__bin.13	3.3196	99.2	31	AF66_k141_253	56.50470219	0	338	Bacillota;Bacilli;Lactobacillales;Streptococcaceae;Lactococcus	Lactococcus taiwanensis	oat_9_d6	oat_9	day6	Lactococcus	Lactococcus
zr28333_29	GCF_009913915.1_ASM991391v1_genomic	3.2627	99.2	19	GCF_009913915.1_ASM991391v1_genomic_NZ_CP028251.1 Leuconostoc mesenteroides strain SRCM102733 chromosome, complete genome	100	0	3	Bacillota;Bacilli;Lactobacillales;Lactobacillaceae;Leuconostoc	Leuconostoc mesenteroides	oat_9_d6	oat_9	day6	Leuconostoc	Leuconostoc
zr28333_29	GCF_004771075.1_ASM477107v1_genomic	2.3212	98.6	12.554	GCF_004771075.1_ASM477107v1_genomic_NZ_CP027563.1 Weissella confusa strain VTT E-133279 chromosome, complete genome	99.08	0	2	Bacillota;Bacilli;Lactobacillales;Lactobacillaceae;Weissella	Weissella confusa	oat_9_d6	oat_9	day6	Weissella	Weissella
zr28333_29	ODFM-BA-A-0005-002_Lactobacillus_curvatus_WiKim38	1.8637	99.34	11.516	ODFM-BA-A-0005-002_Lactobacillus_curvatus_WiKim38_NZ_CP017124.1 Lactobacillus curvatus strain WiKim38, complete genome	99.46	0	1	Bacillota;Bacilli;Lactobacillales;Lactobacillaceae;Latilactobacillus	Latilactobacillus curvatus	oat_9_d6	oat_9	day6	Latilactobacillus	Latilactobacillus
zr28333_29	FontanaF_2023__SRR20746854__bin.2	3.6572	99.23	9.816	NODE_7_length_112150_cov_14.2384_ID_46122	100	0.01	195	Pseudomonadota;Gammaproteobacteria;Enterobacterales;Enterobacteriaceae;Enterobacter	Enterobacter intestinihominis	oat_9_d6	oat_9	day6	Enterobacter	Enterobacter
zr28333_29	EBC_134.5	3.4673	98.87	6.685	EBC_134.5_EBC_134_scaffold_561	98.39	8.33	294	Bacillota;Clostridia;Clostridiales;Clostridiaceae;Clostridium	Clostridium beijerinckii	oat_9_d6	oat_9	day6	Clostridium	Clostridium
zr28333_29	ODFM-BA-A-0139-001_Enterococcus_lactis_CICC_24101	1.5461	99.33	6.464	ODFM-BA-A-0139-001_Enterococcus_lactis_CICC_24101_NZ_WOTS01000010.1 Enterococcus lactis strain CICC 24101 NODE_10_length_82300_cov_4.602353, whole genome shotgun sequence	99.62	0	53	Bacillota;Bacilli;Lactobacillales;Enterococcaceae;Enterococcus_B	Enterococcus B lactis	oat_9_d6	oat_9	day6	Enterococcus_B	Enterococcus
zr28333_29	ODFM-BA-A-0094-002_Leuconostoc_lactis_WIKIM21	0.7797	99.13	5.307	ODFM-BA-A-0094-002_Leuconostoc_lactis_WIKIM21_NZ_LJIV01000001.1 Leuconostoc lactis strain WIKIM21 contig00001, whole genome shotgun sequence	99.44	0.84	22	Bacillota;Bacilli;Lactobacillales;Lactobacillaceae;Leuconostoc	Leuconostoc lactis A	oat_9_d6	oat_9	day6	Leuconostoc	Leuconostoc
zr28333_29	MAG_183	0.74	99.33	1.967	MAG_183_0	95.53	2.68	667	Pseudomonadota;Gammaproteobacteria;Enterobacterales;Enterobacteriaceae;Leclercia	Leclercia adecarboxylata	oat_9_d6	oat_9	day6	Leclercia	Leclercia
zr28333_29	LeechJ_xxxx__AF73__bin.2	0.6299	98.76	1.751	AF73_k141_59	96.33336326	1.470508658	112	Pseudomonadota;Gammaproteobacteria;Enterobacterales;Enterobacteriaceae;Enterobacter_D	Enterobacter D kobei A	oat_9_d6	oat_9	day6	Enterobacter_D	Enterobacter_D
zr28333_29	MortensenS_xxxx__WK002-1-L-48h-01F6_S30__bin.6	0.2368	99.36	1.602	WK002-1-L-48h-01F6_S30_k141_2565	100	0	16	Bacillota;Bacilli;Lactobacillales;Lactobacillaceae;Leuconostoc	Leuconostoc falkenbergense	oat_9_d6	oat_9	day6	Leuconostoc	Leuconostoc
zr28333_29	MortensenS_xxxx__WK028-2-L-48h-03A1_S20__bin.5	0.1795	99.62	1.265	WK028-2-L-48h-03A1_S20_k141_3165	99.88764045	0	19	Bacillota;Bacilli;Lactobacillales;Lactobacillaceae;Leuconostoc	Leuconostoc citreum	oat_9_d6	oat_9	day6	Leuconostoc	Leuconostoc
zr28333_29	YulandiA_2020__SRS6115053__bin.10	0.251	99.7	1.012	SRS6115053_k141_3360	97.73584906	0.377358491	114	Bacillota;Bacilli;Lactobacillales;Enterococcaceae;Enterococcus_D	Enterococcus D gallinarum	oat_9_d6	oat_9	day6	Enterococcus_D	Enterococcus
zr28333_29	MAG_312	0.1742	98.82	0.605	MAG_312_0	99.73	0.05	90	Pseudomonadota;Gammaproteobacteria;Pseudomonadales;Moraxellaceae;Acinetobacter	Acinetobacter baumannii	oat_9_d6	oat_9	day6	Acinetobacter	Acinetobacter
zr28333_29	EBC_095.37	0.1565	99.61	0.603	EBC_095.37_EBC_095_scaffold_66	58.62	0	70	Pseudomonadota;Gammaproteobacteria;Enterobacterales;Enterobacteriaceae;Erwinia	Erwinia sp003937915	oat_9_d6	oat_9	day6	Erwinia	Erwinia
zr28333_29	XieM_2019__SAMC044639__bin.32	0.2045	98.89	0.535	SAMC044639_k141_719	97.32240437	1.879781421	45	Pseudomonadota;Gammaproteobacteria;Enterobacterales;Enterobacteriaceae;Pantoea	Pantoea agglomerans	oat_9_d6	oat_9	day6	Pantoea	Pantoea
zr28333_29	FontanaF_2023__SRR20746834__bin.2	0.1184	98.66	0.511	NODE_15_length_59385_cov_11.2996_ID_3067	99.89	0.4	332	Bacillota;Bacilli;Lactobacillales;Enterococcaceae;Enterococcus_B	Enterococcus B durans	oat_9_d6	oat_9	day6	Enterococcus_B	Enterococcus
zr28333_29	MASTER_WP4_TEAGASC_1__TGS12-29__bin.6	0.101	97.9	0.504	TGS12-29_k141_701	99.62546816	0	108	Bacillota;Bacilli;Lactobacillales;Enterococcaceae;Enterococcus_B	Enterococcus B faecium	oat_9_d6	oat_9	day6	Enterococcus_B	Enterococcus
zr28333_29	P.1_bin.1	0.1779	95.22	0.473	P.1_bin.1_k77_21174	98.9	0.71	143	Pseudomonadota;Gammaproteobacteria;Enterobacterales;Enterobacteriaceae;Cronobacter	Cronobacter malonaticus	oat_9_d6	oat_9	day6	Cronobacter	Cronobacter
zr28333_29	KharnaiorP_2023__SRR22859377__bin.10	0.104	98.42	0.462	NODE_8_length_174488_cov_60.9499_ID_127332	87.3	1.14	139	Bacillota;Bacilli;Lactobacillales;Enterococcaceae;Enterococcus_D	Enterococcus D sp001297065	oat_9_d6	oat_9	day6	Enterococcus_D	Enterococcus
zr28333_29	EBC_140.10	0.0994	98.62	0.312	EBC_140.10_EBC_140_scaffold_8	70.64	5.17	514	Pseudomonadota;Gammaproteobacteria;Enterobacterales;Enterobacteriaceae;Pantoea	Pantoea brenneri	oat_9_d6	oat_9	day6	Pantoea	Pantoea
zr28333_29	LeechJ_xxxx__AF27__bin.5	0.0495	96.35	0.267	AF27_k141_52	61.28164465	0.44837907	808	Pseudomonadota;Gammaproteobacteria;Pseudomonadales;Pseudomonadaceae;Pseudomonas_E	Pseudomonas E parafulva B	oat_9_d6	oat_9	day6	Pseudomonas_E	Pseudomonas_E
zr28333_29	MAG_579	0.0613	98.08	0.166	MAG_579_0	78.54	8.62	522	Pseudomonadota;Gammaproteobacteria;Enterobacterales;Enterobacteriaceae;Leclercia_A	Leclercia A pneumoniae	oat_9_d6	oat_9	day6	Leclercia_A	Leclercia_A
zr28333_29	MAG_45	0.0298	99.15	0.14	MAG_45_0	85.45	0.19	536	Bacillota;Bacilli;Lactobacillales;Enterococcaceae;Enterococcus_D	Enterococcus D casseliflavus	oat_9_d6	oat_9	day6	Enterococcus_D	Enterococcus
zr28333_13	LeechJ_2020__ERS3967691__bin.13	83.0653	98.28	306	ERS3967691_k141_96	92.61758691	1.533742331	211	Bacillota;Bacilli;Lactobacillales;Lactobacillaceae;Weissella	Weissella cibaria	oat_17_d2	oat_17	day2	Weissella	Weissella
zr28333_13	GCF_004771075.1_ASM477107v1_genomic	5.8652	98.5	19	GCF_004771075.1_ASM477107v1_genomic_NZ_CP027563.1 Weissella confusa strain VTT E-133279 chromosome, complete genome	99.08	0	2	Bacillota;Bacilli;Lactobacillales;Lactobacillaceae;Weissella	Weissella confusa	oat_17_d2	oat_17	day2	Weissella	Weissella
zr28333_13	EBC_082.15	6.4373	98.18	9.826	EBC_082.15_EBC_082_scaffold_602	92.69	4.54	82	Pseudomonadota;Gammaproteobacteria;Enterobacterales;Enterobacteriaceae;Kosakonia	Kosakonia cowanii	oat_17_d2	oat_17	day2	Kosakonia	Kosakonia
zr28333_13	XieM_2019__SAMC044639__bin.32	2.7164	99.41	4.253	SAMC044639_k141_719	97.32240437	1.879781421	45	Pseudomonadota;Gammaproteobacteria;Enterobacterales;Enterobacteriaceae;Pantoea	Pantoea agglomerans	oat_17_d2	oat_17	day2	Pantoea	Pantoea
zr28333_13	KharnaiorP_2023__SRR22859379__bin.8	0.1738	98.95	0.785	NODE_3_length_161229_cov_37.0000_ID_62026	99.96	0.01	43	Bacillota;Bacilli;Lactobacillales;Lactobacillaceae;Pediococcus	Pediococcus pentosaceus	oat_17_d2	oat_17	day2	Pediococcus	Pediococcus
zr28333_13	EBC_134.5	0.6238	98.55	0.72	EBC_134.5_EBC_134_scaffold_561	98.39	8.33	294	Bacillota;Clostridia;Clostridiales;Clostridiaceae;Clostridium	Clostridium beijerinckii	oat_17_d2	oat_17	day2	Clostridium	Clostridium
zr28333_13	MASTER_WP4_TEAGASC_1__TGS12-29__bin.6	0.1953	99.18	0.584	TGS12-29_k141_701	99.62546816	0	108	Bacillota;Bacilli;Lactobacillales;Enterococcaceae;Enterococcus_B	Enterococcus B faecium	oat_17_d2	oat_17	day2	Enterococcus_B	Enterococcus
zr28333_13	SEM_41_S58.18	0.2376	97.99	0.465	SEM_41_S58.18_SEM_41_S58_scaffold_33	67.4	0	639	Pseudomonadota;Gammaproteobacteria;Pseudomonadales;Pseudomonadaceae;Pseudomonas_B	Pseudomonas B benzopyrenica	oat_17_d2	oat_17	day2	Pseudomonas_B	Pseudomonas_B
zr28333_13	ODFM-BA-A-0139-001_Enterococcus_lactis_CICC_24101	0.1408	97.52	0.353	ODFM-BA-A-0139-001_Enterococcus_lactis_CICC_24101_NZ_WOTS01000010.1 Enterococcus lactis strain CICC 24101 NODE_10_length_82300_cov_4.602353, whole genome shotgun sequence	99.62	0	53	Bacillota;Bacilli;Lactobacillales;Enterococcaceae;Enterococcus_B	Enterococcus B lactis	oat_17_d2	oat_17	day2	Enterococcus_B	Enterococcus
zr28333_13	LeechJ_xxxx__AF66__bin.13	0.0568	98.16	0.318	AF66_k141_253	56.50470219	0	338	Bacillota;Bacilli;Lactobacillales;Streptococcaceae;Lactococcus	Lactococcus taiwanensis	oat_17_d2	oat_17	day2	Lactococcus	Lactococcus
zr28333_13	LeechJ_xxxx__AF73__bin.1	0.1599	98.75	0.274	AF73_k141_20	93.9594896	1.329958897	241	Pseudomonadota;Gammaproteobacteria;Enterobacterales;Enterobacteriaceae;Pseudescherichia	Pseudescherichia spp.	oat_17_d2	oat_17	day2	Pseudescherichia	Pseudescherichia
zr28333_13	CM_UNINA_FFOOD__FFOOD_425__bin.9	0.0681	98.8	0.263	NODE_1_length_598382_cov_75.9985_ID_32759	99.98	0	9	Bacillota;Bacilli;Lactobacillales;Lactobacillaceae;Pediococcus	Pediococcus acidilactici	oat_17_d2	oat_17	day2	Pediococcus	Pediococcus
zr28333_13	CM_UNINA_FFOOD__FFOOD_226__bin.6	0.0793	99.38	0.19	NODE_2_length_319059_cov_34.9987_ID_36074	100	4.65	51	Bacillota;Bacilli;Lactobacillales;Enterococcaceae;Enterococcus_B	Enterococcus B hirae	oat_17_d2	oat_17	day2	Enterococcus_B	Enterococcus
zr28333_13	FontanaF_2023__SRR20746854__bin.2	0.1033	95.46	0.166	NODE_7_length_112150_cov_14.2384_ID_46122	100	0.01	195	Pseudomonadota;Gammaproteobacteria;Enterobacterales;Enterobacteriaceae;Enterobacter	Enterobacter intestinihominis	oat_17_d2	oat_17	day2	Enterobacter	Enterobacter
zr28333_13	P.1_bin.1	0.0773	96.18	0.123	P.1_bin.1_k77_21174	98.9	0.71	143	Pseudomonadota;Gammaproteobacteria;Enterobacterales;Enterobacteriaceae;Cronobacter	Cronobacter malonaticus	oat_17_d2	oat_17	day2	Cronobacter	Cronobacter
zr28333_9	FontanaF_2023__SRR20746854__bin.2	63.1009	97.01	123	NODE_7_length_112150_cov_14.2384_ID_46122	100	0.01	195	Pseudomonadota;Gammaproteobacteria;Enterobacterales;Enterobacteriaceae;Enterobacter	Enterobacter intestinihominis	oat_4_d2	oat_4	day2	Enterobacter	Enterobacter
zr28333_9	MAG_19	10.8397	99.42	18	MAG_19_0	98.94	0.47	86	Pseudomonadota;Gammaproteobacteria;Enterobacterales;Enterobacteriaceae;Klebsiella	Klebsiella pneumoniae	oat_4_d2	oat_4	day2	Klebsiella	Klebsiella
zr28333_9	EBC_134.5	8.7161	98.99	12.206	EBC_134.5_EBC_134_scaffold_561	98.39	8.33	294	Bacillota;Clostridia;Clostridiales;Clostridiaceae;Clostridium	Clostridium beijerinckii	oat_4_d2	oat_4	day2	Clostridium	Clostridium
zr28333_9	LeechJ_xxxx__AF15__bin.4	4.8555	99.37	11.231	AF15_k141_25	77.41789117	2.841329195	974	Bacillota;Bacilli;Bacillales;Bacillaceae_G;Bacillus_A	Bacillus A pacificus	oat_4_d2	oat_4	day2	Bacillus_A	Bacillus
zr28333_9	YulandiA_2020__SRS6115052__bin.21	1.7657	98.52	8.282	SRS6115052_k141_129	98.36400818	0	104	Bacillota;Bacilli;Lactobacillales;Lactobacillaceae;Weissella	Weissella paramesenteroides	oat_4_d2	oat_4	day2	Weissella	Weissella
zr28333_9	MortensenS_xxxx__WK002-1-L-48h-01F6_S30__bin.6	1.4178	99.8	6.965	WK002-1-L-48h-01F6_S30_k141_2565	100	0	16	Bacillota;Bacilli;Lactobacillales;Lactobacillaceae;Leuconostoc	Leuconostoc falkenbergense	oat_4_d2	oat_4	day2	Leuconostoc	Leuconostoc
zr28333_9	MASTER_WP4_TEAGASC_1__TGS12-29__bin.6	1.8007	99.24	6.529	TGS12-29_k141_701	99.62546816	0	108	Bacillota;Bacilli;Lactobacillales;Enterococcaceae;Enterococcus_B	Enterococcus B faecium	oat_4_d2	oat_4	day2	Enterococcus_B	Enterococcus
zr28333_9	LeechJ_xxxx__AF66__bin.10	1.74	96.09	6.436	AF66_k141_123	56.71442781	1.66218638	987	Bacillota;Clostridia;Clostridiales;Clostridiaceae;Clostridium	Clostridium beijerinckii	oat_4_d2	oat_4	day2	Clostridium	Clostridium
zr28333_9	YulandiA_2020__SRS6115053__bin.10	1.9408	99.84	5.68	SRS6115053_k141_3360	97.73584906	0.377358491	114	Bacillota;Bacilli;Lactobacillales;Enterococcaceae;Enterococcus_D	Enterococcus D gallinarum	oat_4_d2	oat_4	day2	Enterococcus_D	Enterococcus
zr28333_9	P.1_bin.1	1.7183	96.37	3.315	P.1_bin.1_k77_21174	98.9	0.71	143	Pseudomonadota;Gammaproteobacteria;Enterobacterales;Enterobacteriaceae;Cronobacter	Cronobacter malonaticus	oat_4_d2	oat_4	day2	Cronobacter	Cronobacter
zr28333_9	GCF_001885995.1_ASM188599v1_genomic	0.4649	98	1.743	GCF_001885995.1_ASM188599v1_genomic_NZ_JXKT01000001.1 Enterococcus italicus DSM 15952 Scaffold1, whole genome shotgun sequence	99.01	0	108	Bacillota;Bacilli;Lactobacillales;Enterococcaceae;Enterococcus_G	Enterococcus G italicus	oat_4_d2	oat_4	day2	Enterococcus_G	Enterococcus
zr28333_9	ODFM-BA-A-0139-001_Enterococcus_lactis_CICC_24101	0.4788	97.86	1.454	ODFM-BA-A-0139-001_Enterococcus_lactis_CICC_24101_NZ_WOTS01000010.1 Enterococcus lactis strain CICC 24101 NODE_10_length_82300_cov_4.602353, whole genome shotgun sequence	99.62	0	53	Bacillota;Bacilli;Lactobacillales;Enterococcaceae;Enterococcus_B	Enterococcus B lactis	oat_4_d2	oat_4	day2	Enterococcus_B	Enterococcus
zr28333_9	LeechJ_xxxx__AF89__bin.7	0.3982	95.48	0.864	AF89_k141_40	89.13303923	3.907431028	666	Pseudomonadota;Gammaproteobacteria;Enterobacterales;Enterobacteriaceae;Enterobacter	Enterobacter vonholyi	oat_4_d2	oat_4	day2	Enterobacter	Enterobacter
zr28333_9	FalardeauJ_2023__SRR20811279__bin.3	0.2197	98.74	0.615	NODE_1_length_274429_cov_22.9992_ID_7781	99.97	0.24	56	Bacillota;Bacilli;Lactobacillales;Lactobacillaceae;Lactiplantibacillus	Lactiplantibacillus plantarum	oat_4_d2	oat_4	day2	Lactiplantibacillus	Lactiplantibacillus
zr28333_9	MotaGutierrezJ_2021__SRR11602140__bin.22	0.1605	98.72	0.383	NODE_306_length_23997_cov_9.0000_ID_64100	76.3	2.56	977	Pseudomonadota;Gammaproteobacteria;Enterobacterales;Enterobacteriaceae;Pantoea	Pantoea dispersa	oat_4_d2	oat_4	day2	Pantoea	Pantoea
zr28333_9	YulandiA_2020__SRS6115053__bin.3	0.1192	98.71	0.275	SRS6115053_k141_44	87.46957694	2.784657723	888	Pseudomonadota;Gammaproteobacteria;Burkholderiales;Burkholderiaceae;Comamonas	Comamonas terrae	oat_4_d2	oat_4	day2	Comamonas	Comamonas
zr28333_9	FontanaF_2023__SRR20746839__bin.4	0.0469	97.84	0.242	NODE_2_length_148631_cov_25.9785_ID_15265	99.89	0.03	58	Bacillota;Bacilli;Lactobacillales;Lactobacillaceae;Limosilactobacillus	Limosilactobacillus fermentum	oat_4_d2	oat_4	day2	Limosilactobacillus	Limosilactobacillus
zr28333_9	LeechJ_2020__ERS3967691__bin.13	0.0464	97.25	0.207	ERS3967691_k141_96	92.61758691	1.533742331	211	Bacillota;Bacilli;Lactobacillales;Lactobacillaceae;Weissella	Weissella cibaria	oat_4_d2	oat_4	day2	Weissella	Weissella
zr28333_9	MAG_45	0.0434	98.65	0.148	MAG_45_0	85.45	0.19	536	Bacillota;Bacilli;Lactobacillales;Enterococcaceae;Enterococcus_D	Enterococcus D casseliflavus	oat_4_d2	oat_4	day2	Enterococcus_D	Enterococcus
zr28333_9	MAG_312	0.0448	97.23	0.113	MAG_312_0	99.73	0.05	90	Pseudomonadota;Gammaproteobacteria;Pseudomonadales;Moraxellaceae;Acinetobacter	Acinetobacter baumannii	oat_4_d2	oat_4	day2	Acinetobacter	Acinetobacter
zr28333_9	LeechJ_xxxx__AF68__bin.13	0.0205	99.42	0.102	AF68_k141_238	98.03664921	2.137870855	195	Bacillota;Bacilli;Lactobacillales;Lactobacillaceae;NA	NA spp.	oat_4_d2	oat_4	day2	NA	NA
zr28333_9	LeechJ_xxxx__AF66__bin.13	0.0111	98.89	0.075	AF66_k141_253	56.50470219	0	338	Bacillota;Bacilli;Lactobacillales;Streptococcaceae;Lactococcus	Lactococcus taiwanensis	oat_4_d2	oat_4	day2	Lactococcus	Lactococcus
zr28333_9	YouL_2022__SRR13308534__bin.20	0.0383	96.23	0.071	NODE_4_length_158023_cov_10.0000_ID_315023	98.06	2.43	339	Bacillota;Clostridia;Clostridiales;Clostridiaceae;Clostridium_T	Clostridium T intestinale	oat_4_d2	oat_4	day2	Clostridium_T	Clostridium_T
zr28333_9	KharnaiorP_2023__SRR22859379__bin.8	0.0117	98.78	0.064	NODE_3_length_161229_cov_37.0000_ID_62026	99.96	0.01	43	Bacillota;Bacilli;Lactobacillales;Lactobacillaceae;Pediococcus	Pediococcus pentosaceus	oat_4_d2	oat_4	day2	Pediococcus	Pediococcus
zr28333_15	LeechJ_xxxx__AF66__bin.13	53.8591	99.61	294	AF66_k141_253	56.50470219	0	338	Bacillota;Bacilli;Lactobacillales;Streptococcaceae;Lactococcus	Lactococcus taiwanensis	oat_19_d2	oat_19	day2	Lactococcus	Lactococcus
zr28333_15	KharnaiorP_2023__SRR22859379__bin.8	15.424	99.52	68	NODE_3_length_161229_cov_37.0000_ID_62026	99.96	0.01	43	Bacillota;Bacilli;Lactobacillales;Lactobacillaceae;Pediococcus	Pediococcus pentosaceus	oat_19_d2	oat_19	day2	Pediococcus	Pediococcus
zr28333_15	MAG_45	12.0552	99.59	33	MAG_45_0	85.45	0.19	536	Bacillota;Bacilli;Lactobacillales;Enterococcaceae;Enterococcus_D	Enterococcus D casseliflavus	oat_19_d2	oat_19	day2	Enterococcus_D	Enterococcus
zr28333_15	EBC_082.15	4.6921	99.1	6.99	EBC_082.15_EBC_082_scaffold_602	92.69	4.54	82	Pseudomonadota;Gammaproteobacteria;Enterobacterales;Enterobacteriaceae;Kosakonia	Kosakonia cowanii	oat_19_d2	oat_19	day2	Kosakonia	Kosakonia
zr28333_15	ODFM-BA-A-0139-001_Enterococcus_lactis_CICC_24101	2.4261	99.3	5.929	ODFM-BA-A-0139-001_Enterococcus_lactis_CICC_24101_NZ_WOTS01000010.1 Enterococcus lactis strain CICC 24101 NODE_10_length_82300_cov_4.602353, whole genome shotgun sequence	99.62	0	53	Bacillota;Bacilli;Lactobacillales;Enterococcaceae;Enterococcus_B	Enterococcus B lactis	oat_19_d2	oat_19	day2	Enterococcus_B	Enterococcus
zr28333_15	FontanaF_2023__SRR20746834__bin.2	2.0982	98.38	5.289	NODE_15_length_59385_cov_11.2996_ID_3067	99.89	0.4	332	Bacillota;Bacilli;Lactobacillales;Enterococcaceae;Enterococcus_B	Enterococcus B durans	oat_19_d2	oat_19	day2	Enterococcus_B	Enterococcus
zr28333_15	ODFM-BA-A-0005-002_Lactobacillus_curvatus_WiKim38	1.2673	99.13	4.577	ODFM-BA-A-0005-002_Lactobacillus_curvatus_WiKim38_NZ_CP017124.1 Lactobacillus curvatus strain WiKim38, complete genome	99.46	0	1	Bacillota;Bacilli;Lactobacillales;Lactobacillaceae;Latilactobacillus	Latilactobacillus curvatus	oat_19_d2	oat_19	day2	Latilactobacillus	Latilactobacillus
zr28333_15	YulandiA_2020__SRS6115052__bin.21	1.1012	99.15	4.157	SRS6115052_k141_129	98.36400818	0	104	Bacillota;Bacilli;Lactobacillales;Lactobacillaceae;Weissella	Weissella paramesenteroides	oat_19_d2	oat_19	day2	Weissella	Weissella
zr28333_15	EBC_134.5	2.8782	98.69	3.244	EBC_134.5_EBC_134_scaffold_561	98.39	8.33	294	Bacillota;Clostridia;Clostridiales;Clostridiaceae;Clostridium	Clostridium beijerinckii	oat_19_d2	oat_19	day2	Clostridium	Clostridium
zr28333_15	XieM_2019__SAMC044639__bin.32	1.183	99.71	1.808	SAMC044639_k141_719	97.32240437	1.879781421	45	Pseudomonadota;Gammaproteobacteria;Enterobacterales;Enterobacteriaceae;Pantoea	Pantoea agglomerans	oat_19_d2	oat_19	day2	Pantoea	Pantoea
zr28333_15	GCF_009913915.1_ASM991391v1_genomic	0.523	99.21	1.78	GCF_009913915.1_ASM991391v1_genomic_NZ_CP028251.1 Leuconostoc mesenteroides strain SRCM102733 chromosome, complete genome	100	0	3	Bacillota;Bacilli;Lactobacillales;Lactobacillaceae;Leuconostoc	Leuconostoc mesenteroides	oat_19_d2	oat_19	day2	Leuconostoc	Leuconostoc
zr28333_15	MortensenS_xxxx__WK028-2-L-48h-03A1_S20__bin.5	0.4311	99.52	1.776	WK028-2-L-48h-03A1_S20_k141_3165	99.88764045	0	19	Bacillota;Bacilli;Lactobacillales;Lactobacillaceae;Leuconostoc	Leuconostoc citreum	oat_19_d2	oat_19	day2	Leuconostoc	Leuconostoc
zr28333_15	LeechJ_xxxx__AF66__bin.10	0.359	95.48	1.069	AF66_k141_123	56.71442781	1.66218638	987	Bacillota;Clostridia;Clostridiales;Clostridiaceae;Clostridium	Clostridium beijerinckii	oat_19_d2	oat_19	day2	Clostridium	Clostridium
zr28333_15	MASTER_WP4_TEAGASC_1__TGS12-29__bin.6	0.3088	98.13	0.901	TGS12-29_k141_701	99.62546816	0	108	Bacillota;Bacilli;Lactobacillales;Enterococcaceae;Enterococcus_B	Enterococcus B faecium	oat_19_d2	oat_19	day2	Enterococcus_B	Enterococcus
zr28333_15	LeechJ_xxxx__AF73__bin.2	0.3553	98.69	0.577	AF73_k141_59	96.33336326	1.470508658	112	Pseudomonadota;Gammaproteobacteria;Enterobacterales;Enterobacteriaceae;Enterobacter_D	Enterobacter D kobei A	oat_19_d2	oat_19	day2	Enterobacter_D	Enterobacter_D
zr28333_15	CM_UNINA_FFOOD__FFOOD_226__bin.6	0.2321	98.89	0.543	NODE_2_length_319059_cov_34.9987_ID_36074	100	4.65	51	Bacillota;Bacilli;Lactobacillales;Enterococcaceae;Enterococcus_B	Enterococcus B hirae	oat_19_d2	oat_19	day2	Enterococcus_B	Enterococcus
zr28333_15	LeechJ_xxxx__AF53__bin.10	0.0862	96.72	0.248	AF53_k141_67	62.43849788	0.065486296	939	Bacillota;Clostridia;Clostridiales;Clostridiaceae;Clostridium	Clostridium saccharobutylicum	oat_19_d2	oat_19	day2	Clostridium	Clostridium
zr28333_15	EBC_095.37	0.1009	99.16	0.227	EBC_095.37_EBC_095_scaffold_66	58.62	0	70	Pseudomonadota;Gammaproteobacteria;Enterobacterales;Enterobacteriaceae;Erwinia	Erwinia sp003937915	oat_19_d2	oat_19	day2	Erwinia	Erwinia
zr28333_15	MagliuloR_2024__SRR28235377__bin.1	0.0459	95.34	0.22	NODE_258_length_11194_cov_5.9967_ID_68869	50.51	1.13	441	Bacillota;Bacilli;Exiguobacteriales;Exiguobacteriaceae;Exiguobacterium_A	Exiguobacterium A acetylicum	oat_19_d2	oat_19	day2	Exiguobacterium_A	Exiguobacterium_A
zr28333_15	LandisEA_2021__SRS5653333__bin.1	0.062	98.84	0.175	SRS5653333_k141_170	99.18478261	1.358695652	124	Bacillota;Bacilli;Lactobacillales;Lactobacillaceae;Loigolactobacillus	Loigolactobacillus coryniformis	oat_19_d2	oat_19	day2	Loigolactobacillus	Loigolactobacillus
zr28333_15	LeechJ_xxxx__AF27__bin.5	0.048	97.33	0.152	AF27_k141_52	61.28164465	0.44837907	808	Pseudomonadota;Gammaproteobacteria;Pseudomonadales;Pseudomonadaceae;Pseudomonas_E	Pseudomonas E parafulva B	oat_19_d2	oat_19	day2	Pseudomonas_E	Pseudomonas_E
zr28333_15	YouL_2022__SRR13308526__bin.24	0.0911	98.09	0.14	NODE_37_length_141872_cov_18.1171_ID_20191	88.99	4.01	218	Pseudomonadota;Gammaproteobacteria;Enterobacterales;Enterobacteriaceae;Enterobacter	Enterobacter ludwigii	oat_19_d2	oat_19	day2	Enterobacter	Enterobacter
zr28333_15	LiZ_2019__SRS3379157__bin.3	0.0941	97.08	0.139	SRS3379157_k141_320	99.44609788	0.639880952	195	Pseudomonadota;Gammaproteobacteria;Enterobacterales;Enterobacteriaceae;Enterobacter	Enterobacter mori	oat_19_d2	oat_19	day2	Enterobacter	Enterobacter
zr28333_15	LopezSanchezR_2023__SRR13708567__bin.13	0.0419	96.17	0.128	NODE_203_length_18705_cov_7.0000_ID_55160	74.78	2.02	552	Pseudomonadota;Gammaproteobacteria;Pseudomonadales;Moraxellaceae;Acinetobacter	Acinetobacter sp013417555	oat_19_d2	oat_19	day2	Acinetobacter	Acinetobacter
zr28333_15	SEM_41_S58.18	0.0663	96.25	0.127	SEM_41_S58.18_SEM_41_S58_scaffold_33	67.4	0	639	Pseudomonadota;Gammaproteobacteria;Pseudomonadales;Pseudomonadaceae;Pseudomonas_B	Pseudomonas B benzopyrenica	oat_19_d2	oat_19	day2	Pseudomonas_B	Pseudomonas_B
zr28333_15	YulandiA_2020__SRS6115053__bin.10	0.0384	99.77	0.091	SRS6115053_k141_3360	97.73584906	0.377358491	114	Bacillota;Bacilli;Lactobacillales;Enterococcaceae;Enterococcus_D	Enterococcus D gallinarum	oat_19_d2	oat_19	day2	Enterococcus_D	Enterococcus
zr28333_15	EBC_080.1	0.0596	97.66	0.088	EBC_080.1_EBC_080_scaffold_1281	96.07	3.48	35	Pseudomonadota;Gammaproteobacteria;Enterobacterales;Enterobacteriaceae;Erwinia	Erwinia persicina	oat_19_d2	oat_19	day2	Erwinia	Erwinia
zr28333_15	FontanaF_2023__SRR20746838__bin.11	0.0217	98.74	0.083	NODE_1_length_180989_cov_16.9995_ID_3968	91.82	0.24	71	Bacillota;Bacilli;Lactobacillales;Streptococcaceae;Lactococcus	Lactococcus garvieae	oat_19_d2	oat_19	day2	Lactococcus	Lactococcus
zr28333_15	MAG_107	0.014	96.54	0.077	MAG_107_0	67.86	8.62	565	Bacillota;Bacilli;Bacillales;Bacillaceae_G;Bacillus_A	Bacillus A cereus	oat_19_d2	oat_19	day2	Bacillus_A	Bacillus
zr28333_15	MAG_312	0.0364	96.35	0.074	MAG_312_0	99.73	0.05	90	Pseudomonadota;Gammaproteobacteria;Pseudomonadales;Moraxellaceae;Acinetobacter	Acinetobacter baumannii	oat_19_d2	oat_19	day2	Acinetobacter	Acinetobacter
zr28333_27	MortensenS_xxxx__WK002-1-L-48h-01F6_S30__bin.6	13.2231	99.86	70	WK002-1-L-48h-01F6_S30_k141_2565	100	0	16	Bacillota;Bacilli;Lactobacillales;Lactobacillaceae;Leuconostoc	Leuconostoc falkenbergense	oat_23_d3	oat_23	day3	Leuconostoc	Leuconostoc
zr28333_27	LeechJ_xxxx__AF66__bin.10	16.0585	97.49	64	AF66_k141_123	56.71442781	1.66218638	987	Bacillota;Clostridia;Clostridiales;Clostridiaceae;Clostridium	Clostridium beijerinckii	oat_23_d3	oat_23	day3	Clostridium	Clostridium
zr28333_27	EBC_134.5	39.0998	95.16	59	EBC_134.5_EBC_134_scaffold_561	98.39	8.33	294	Bacillota;Clostridia;Clostridiales;Clostridiaceae;Clostridium	Clostridium beijerinckii	oat_23_d3	oat_23	day3	Clostridium	Clostridium
zr28333_27	EBC_082.15	23.0641	98.58	46	EBC_082.15_EBC_082_scaffold_602	92.69	4.54	82	Pseudomonadota;Gammaproteobacteria;Enterobacterales;Enterobacteriaceae;Kosakonia	Kosakonia cowanii	oat_23_d3	oat_23	day3	Kosakonia	Kosakonia
zr28333_27	MAG_45	6.0026	99.67	22	MAG_45_0	85.45	0.19	536	Bacillota;Bacilli;Lactobacillales;Enterococcaceae;Enterococcus_D	Enterococcus D casseliflavus	oat_23_d3	oat_23	day3	Enterococcus_D	Enterococcus
zr28333_27	GCF_001885995.1_ASM188599v1_genomic	0.792	97.44	3.2	GCF_001885995.1_ASM188599v1_genomic_NZ_JXKT01000001.1 Enterococcus italicus DSM 15952 Scaffold1, whole genome shotgun sequence	99.01	0	108	Bacillota;Bacilli;Lactobacillales;Enterococcaceae;Enterococcus_G	Enterococcus G italicus	oat_23_d3	oat_23	day3	Enterococcus_G	Enterococcus
zr28333_27	FontanaF_2023__SRR20746834__bin.2	0.6473	98.39	2.184	NODE_15_length_59385_cov_11.2996_ID_3067	99.89	0.4	332	Bacillota;Bacilli;Lactobacillales;Enterococcaceae;Enterococcus_B	Enterococcus B durans	oat_23_d3	oat_23	day3	Enterococcus_B	Enterococcus
zr28333_27	ODFM-BA-A-0139-001_Enterococcus_lactis_CICC_24101	0.2142	99.07	0.701	ODFM-BA-A-0139-001_Enterococcus_lactis_CICC_24101_NZ_WOTS01000010.1 Enterococcus lactis strain CICC 24101 NODE_10_length_82300_cov_4.602353, whole genome shotgun sequence	99.62	0	53	Bacillota;Bacilli;Lactobacillales;Enterococcaceae;Enterococcus_B	Enterococcus B lactis	oat_23_d3	oat_23	day3	Enterococcus_B	Enterococcus
zr28333_27	KharnaiorP_2023__SRR22859377__bin.10	0.1778	99.37	0.618	NODE_8_length_174488_cov_60.9499_ID_127332	87.3	1.14	139	Bacillota;Bacilli;Lactobacillales;Enterococcaceae;Enterococcus_D	Enterococcus D sp001297065	oat_23_d3	oat_23	day3	Enterococcus_D	Enterococcus
zr28333_27	LeechJ_xxxx__AF52__bin.1	0.2227	96.87	0.493	AF52_k141_89	94.53642384	3.752759382	629	Bacillota;Bacilli;Bacillales_A;Planococcaceae;Lysinibacillus	Lysinibacillus boronitolerans	oat_23_d3	oat_23	day3	Lysinibacillus	Lysinibacillus
zr28333_27	MotaGutierrezJ_2021__SRR11602153__bin.4	0.10780000000000001	98.77	0.252	NODE_1_length_695767_cov_46.0000_ID_85857	100	0.13	33	Bacillota;Bacilli;Bacillales;Bacillaceae;Bacillus	Bacillus subtilis	oat_23_d3	oat_23	day3	Bacillus	Bacillus
zr28333_27	YulandiA_2020__SRS6115052__bin.21	0.0496	98.02	0.251	SRS6115052_k141_129	98.36400818	0	104	Bacillota;Bacilli;Lactobacillales;Lactobacillaceae;Weissella	Weissella paramesenteroides	oat_23_d3	oat_23	day3	Weissella	Weissella
zr28333_27	MAG_194	0.049	95.16	0.203	MAG_194_0	86.98	3.81	281	Bacillota;Bacilli;Bacillales_A;Planococcaceae;Rummeliibacillus	Rummeliibacillus stabekisii	oat_23_d3	oat_23	day3	Rummeliibacillus	Rummeliibacillus
zr28333_27	P.1_bin.1	0.095	96.19	0.197	P.1_bin.1_k77_21174	98.9	0.71	143	Pseudomonadota;Gammaproteobacteria;Enterobacterales;Enterobacteriaceae;Cronobacter	Cronobacter malonaticus	oat_23_d3	oat_23	day3	Cronobacter	Cronobacter
zr28333_27	LeechJ_xxxx__AF15__bin.4	0.0776	98.93	0.193	AF15_k141_25	77.41789117	2.841329195	974	Bacillota;Bacilli;Bacillales;Bacillaceae_G;Bacillus_A	Bacillus A pacificus	oat_23_d3	oat_23	day3	Bacillus_A	Bacillus
zr28333_27	YuY_2022__SRR16950700__bin.23	0.0244	97.54	0.116	NODE_137_length_39565_cov_54.0000_ID_37700	94.14	3.41	270	Bacillota;Bacilli;Bacillales;Bacillaceae_H;Priestia	Priestia megaterium	oat_23_d3	oat_23	day3	Priestia	Priestia
zr28333_27	XieM_2019__SAMC044639__bin.32	0.0501	98.68	0.103	SAMC044639_k141_719	97.32240437	1.879781421	45	Pseudomonadota;Gammaproteobacteria;Enterobacterales;Enterobacteriaceae;Pantoea	Pantoea agglomerans	oat_23_d3	oat_23	day3	Pantoea	Pantoea
zr28333_27	ODFM-BA-A-0005-002_Lactobacillus_curvatus_WiKim38	0.0135	96.31	0.065	ODFM-BA-A-0005-002_Lactobacillus_curvatus_WiKim38_NZ_CP017124.1 Lactobacillus curvatus strain WiKim38, complete genome	99.46	0	1	Bacillota;Bacilli;Lactobacillales;Lactobacillaceae;Latilactobacillus	Latilactobacillus curvatus	oat_23_d3	oat_23	day3	Latilactobacillus	Latilactobacillus
zr28333_27	LimaC_2020__SRR9640350__bin.12	0.022	98.76	0.057	NODE_7_length_94694_cov_8.8202_ID_19916	99.8	0.44	281	Bacillota;Bacilli;Bacillales_B;Bacillaceae_C;Weizmannia	Weizmannia ginsengihumi	oat_23_d3	oat_23	day3	Weizmannia	Weizmannia
zr28333_27	DeFilippisF_xxxx__DF_9__bin.12	0.0089	97.3	0.043	DF_9_k141_14	60.5015674	3.448275862	664	Pseudomonadota;Gammaproteobacteria;Pseudomonadales;Moraxellaceae;Moraxella_A	Moraxella A sp902506215	oat_23_d3	oat_23	day3	Moraxella_A	Moraxella_A
zr28333_24	GCF_009913915.1_ASM991391v1_genomic	50.0676	99.64	221	GCF_009913915.1_ASM991391v1_genomic_NZ_CP028251.1 Leuconostoc mesenteroides strain SRCM102733 chromosome, complete genome	100	0	3	Bacillota;Bacilli;Lactobacillales;Lactobacillaceae;Leuconostoc	Leuconostoc mesenteroides	oat_18_d3	oat_18	day3	Leuconostoc	Leuconostoc
zr28333_24	MortensenS_xxxx__WK028-2-L-48h-03A1_S20__bin.5	14.6017	99.38	78	WK028-2-L-48h-03A1_S20_k141_3165	99.88764045	0	19	Bacillota;Bacilli;Lactobacillales;Lactobacillaceae;Leuconostoc	Leuconostoc citreum	oat_18_d3	oat_18	day3	Leuconostoc	Leuconostoc
zr28333_24	ODFM-BA-A-0005-002_Lactobacillus_curvatus_WiKim38	12.5967	99.3	59	ODFM-BA-A-0005-002_Lactobacillus_curvatus_WiKim38_NZ_CP017124.1 Lactobacillus curvatus strain WiKim38, complete genome	99.46	0	1	Bacillota;Bacilli;Lactobacillales;Lactobacillaceae;Latilactobacillus	Latilactobacillus curvatus	oat_18_d3	oat_18	day3	Latilactobacillus	Latilactobacillus
zr28333_24	ODFM-BA-A-0139-001_Enterococcus_lactis_CICC_24101	6.6265	99.28	21	ODFM-BA-A-0139-001_Enterococcus_lactis_CICC_24101_NZ_WOTS01000010.1 Enterococcus lactis strain CICC 24101 NODE_10_length_82300_cov_4.602353, whole genome shotgun sequence	99.62	0	53	Bacillota;Bacilli;Lactobacillales;Enterococcaceae;Enterococcus_B	Enterococcus B lactis	oat_18_d3	oat_18	day3	Enterococcus_B	Enterococcus
zr28333_24	XieM_2019__SAMC044639__bin.32	7.5701	99.7	15	SAMC044639_k141_719	97.32240437	1.879781421	45	Pseudomonadota;Gammaproteobacteria;Enterobacterales;Enterobacteriaceae;Pantoea	Pantoea agglomerans	oat_18_d3	oat_18	day3	Pantoea	Pantoea
zr28333_24	ODFM-BA-A-0027-003_Lactobacillus_sakei_WiKim0072	2.1055	99.51	9.413	ODFM-BA-A-0027-003_Lactobacillus_sakei_WiKim0072_NZ_CP025136.1 Lactobacillus sakei strain WiKim0072 chromosome, complete genome	99.46	0	3	Bacillota;Bacilli;Lactobacillales;Lactobacillaceae;Latilactobacillus	Latilactobacillus sakei	oat_18_d3	oat_18	day3	Latilactobacillus	Latilactobacillus
zr28333_24	EBC_134.5	4.8255	99.12	7.052	EBC_134.5_EBC_134_scaffold_561	98.39	8.33	294	Bacillota;Clostridia;Clostridiales;Clostridiaceae;Clostridium	Clostridium beijerinckii	oat_18_d3	oat_18	day3	Clostridium	Clostridium
zr28333_24	LeechJ_xxxx__AF66__bin.10	0.2743	96.76	1.059	AF66_k141_123	56.71442781	1.66218638	987	Bacillota;Clostridia;Clostridiales;Clostridiaceae;Clostridium	Clostridium beijerinckii	oat_18_d3	oat_18	day3	Clostridium	Clostridium
zr28333_24	WolfeBE_2014__932_Robiola_due_Latte__bin.1	0.3749	99.61	0.608	932_Robiola_due_Latte_k119_35	95.15138909	3.867375948	320	Pseudomonadota;Gammaproteobacteria;Pseudomonadales;Pseudomonadaceae;Pseudomonas_E	Pseudomonas E putida	oat_18_d3	oat_18	day3	Pseudomonas_E	Pseudomonas_E
zr28333_24	LeechJ_2020__ERS3967707__bin.4	0.1529	96.88	0.386	ERS3967707_k141_7	86.52992805	3.008048499	773	Pseudomonadota;Gammaproteobacteria;Enterobacterales;Enterobacteriaceae;Lelliottia	Lelliottia sp000016325	oat_18_d3	oat_18	day3	Lelliottia	Lelliottia
zr28333_24	FalardeauJ_2023__SRR20811279__bin.3	0.1291	98.94	0.377	NODE_1_length_274429_cov_22.9992_ID_7781	99.97	0.24	56	Bacillota;Bacilli;Lactobacillales;Lactobacillaceae;Lactiplantibacillus	Lactiplantibacillus plantarum	oat_18_d3	oat_18	day3	Lactiplantibacillus	Lactiplantibacillus
zr28333_24	LeechJ_xxxx__AF73__bin.2	0.175	98.52	0.369	AF73_k141_59	96.33336326	1.470508658	112	Pseudomonadota;Gammaproteobacteria;Enterobacterales;Enterobacteriaceae;Enterobacter_D	Enterobacter D kobei A	oat_18_d3	oat_18	day3	Enterobacter_D	Enterobacter_D
zr28333_24	LeechJ_xxxx__AF15__bin.4	0.1268	97.91	0.306	AF15_k141_25	77.41789117	2.841329195	974	Bacillota;Bacilli;Bacillales;Bacillaceae_G;Bacillus_A	Bacillus A pacificus	oat_18_d3	oat_18	day3	Bacillus_A	Bacillus
zr28333_24	KharnaiorP_2023__SRR22859377__bin.10	0.0828	98.42	0.279	NODE_8_length_174488_cov_60.9499_ID_127332	87.3	1.14	139	Bacillota;Bacilli;Lactobacillales;Enterococcaceae;Enterococcus_D	Enterococcus D sp001297065	oat_18_d3	oat_18	day3	Enterococcus_D	Enterococcus
zr28333_24	MAG_107	0.037	96.69	0.264	MAG_107_0	67.86	8.62	565	Bacillota;Bacilli;Bacillales;Bacillaceae_G;Bacillus_A	Bacillus A cereus	oat_18_d3	oat_18	day3	Bacillus_A	Bacillus
zr28333_24	YulandiA_2020__SRS6115053__bin.10	0.0668	98.21	0.204	SRS6115053_k141_3360	97.73584906	0.377358491	114	Bacillota;Bacilli;Lactobacillales;Enterococcaceae;Enterococcus_D	Enterococcus D gallinarum	oat_18_d3	oat_18	day3	Enterococcus_D	Enterococcus
zr28333_24	MASTER_WP4_FFoQSI_2__VB11-26__bin.7	0.0587	95.48	0.162	VB11-26_k141_193	100	0.273972603	52	Pseudomonadota;Gammaproteobacteria;Pseudomonadales;Moraxellaceae;Acinetobacter	Acinetobacter johnsonii	oat_18_d3	oat_18	day3	Acinetobacter	Acinetobacter
zr28333_24	FontanaF_2023__SRR20746834__bin.2	0.0495	96.5	0.162	NODE_15_length_59385_cov_11.2996_ID_3067	99.89	0.4	332	Bacillota;Bacilli;Lactobacillales;Enterococcaceae;Enterococcus_B	Enterococcus B durans	oat_18_d3	oat_18	day3	Enterococcus_B	Enterococcus
zr28333_24	MASTER_WP4_UNINA_1__GO004_71775__bin.8	0.0401	97.48	0.106	GO004_71775_k141_336	83.61473561	2.84019975	49	Bacillota;Bacilli;Lactobacillales;Enterococcaceae;Enterococcus_A	Enterococcus A gilvus	oat_18_d3	oat_18	day3	Enterococcus_A	Enterococcus
zr28333_24	MAG_45	0.0183	98.16	0.065	MAG_45_0	85.45	0.19	536	Bacillota;Bacilli;Lactobacillales;Enterococcaceae;Enterococcus_D	Enterococcus D casseliflavus	oat_18_d3	oat_18	day3	Enterococcus_D	Enterococcus
zr28333_24	CM_UNINA_FFOOD__FFOOD_425__bin.9	0.0097	96.62	0.048	NODE_1_length_598382_cov_75.9985_ID_32759	99.98	0	9	Bacillota;Bacilli;Lactobacillales;Lactobacillaceae;Pediococcus	Pediococcus acidilactici	oat_18_d3	oat_18	day3	Pediococcus	Pediococcus
zr28333_24	MASTER_WP4_FFoQSI_1__DC18-02__bin.11	0.0104	96.48	0.047	DC18-02_k141_281	57.53424658	0	61	Pseudomonadota;Gammaproteobacteria;Pseudomonadales;Moraxellaceae;Acinetobacter	Acinetobacter sp002135205	oat_18_d3	oat_18	day3	Acinetobacter	Acinetobacter
zr28333_33	KharnaiorP_2023__SRR22859379__bin.8	59.0434	99.59	298	NODE_3_length_161229_cov_37.0000_ID_62026	99.96	0.01	43	Bacillota;Bacilli;Lactobacillales;Lactobacillaceae;Pediococcus	Pediococcus pentosaceus	oat_19_d6	oat_19	day6	Pediococcus	Pediococcus
zr28333_33	LeechJ_xxxx__AF66__bin.13	7.8411	99.46	49	AF66_k141_253	56.50470219	0	338	Bacillota;Bacilli;Lactobacillales;Streptococcaceae;Lactococcus	Lactococcus taiwanensis	oat_19_d6	oat_19	day6	Lactococcus	Lactococcus
zr28333_33	LandisEA_2021__SRS5653333__bin.1	10.1877	98.56	33	SRS5653333_k141_170	99.18478261	1.358695652	124	Bacillota;Bacilli;Lactobacillales;Lactobacillaceae;Loigolactobacillus	Loigolactobacillus coryniformis	oat_19_d6	oat_19	day6	Loigolactobacillus	Loigolactobacillus
zr28333_33	YulandiA_2020__SRS6115052__bin.21	6.2477	99.28	27	SRS6115052_k141_129	98.36400818	0	104	Bacillota;Bacilli;Lactobacillales;Lactobacillaceae;Weissella	Weissella paramesenteroides	oat_19_d6	oat_19	day6	Weissella	Weissella
zr28333_33	LeechJ_xxxx__AF53__bin.10	6.3806	97.97	21	AF53_k141_67	62.43849788	0.065486296	939	Bacillota;Clostridia;Clostridiales;Clostridiaceae;Clostridium	Clostridium saccharobutylicum	oat_19_d6	oat_19	day6	Clostridium	Clostridium
zr28333_33	MAG_45	1.7312	99.37	5.425	MAG_45_0	85.45	0.19	536	Bacillota;Bacilli;Lactobacillales;Enterococcaceae;Enterococcus_D	Enterococcus D casseliflavus	oat_19_d6	oat_19	day6	Enterococcus_D	Enterococcus
zr28333_33	ODFM-BA-A-0005-002_Lactobacillus_curvatus_WiKim38	1.056	99.12	4.367	ODFM-BA-A-0005-002_Lactobacillus_curvatus_WiKim38_NZ_CP017124.1 Lactobacillus curvatus strain WiKim38, complete genome	99.46	0	1	Bacillota;Bacilli;Lactobacillales;Lactobacillaceae;Latilactobacillus	Latilactobacillus curvatus	oat_19_d6	oat_19	day6	Latilactobacillus	Latilactobacillus
zr28333_33	FontanaF_2023__SRR20746834__bin.2	1.2237	98.23	3.531	NODE_15_length_59385_cov_11.2996_ID_3067	99.89	0.4	332	Bacillota;Bacilli;Lactobacillales;Enterococcaceae;Enterococcus_B	Enterococcus B durans	oat_19_d6	oat_19	day6	Enterococcus_B	Enterococcus
zr28333_33	EBC_082.15	1.7719	98.42	3.022	EBC_082.15_EBC_082_scaffold_602	92.69	4.54	82	Pseudomonadota;Gammaproteobacteria;Enterobacterales;Enterobacteriaceae;Kosakonia	Kosakonia cowanii	oat_19_d6	oat_19	day6	Kosakonia	Kosakonia
zr28333_33	CM_UNINA_FFOOD__FFOOD_425__bin.9	0.6853	97.46	2.955	NODE_1_length_598382_cov_75.9985_ID_32759	99.98	0	9	Bacillota;Bacilli;Lactobacillales;Lactobacillaceae;Pediococcus	Pediococcus acidilactici	oat_19_d6	oat_19	day6	Pediococcus	Pediococcus
zr28333_33	XieM_2019__SAMC044639__bin.32	0.7493	99.57	1.311	SAMC044639_k141_719	97.32240437	1.879781421	45	Pseudomonadota;Gammaproteobacteria;Enterobacterales;Enterobacteriaceae;Pantoea	Pantoea agglomerans	oat_19_d6	oat_19	day6	Pantoea	Pantoea
zr28333_33	YouL_2022__SRR13308526__bin.24	0.7336	99.08	1.287	NODE_37_length_141872_cov_18.1171_ID_20191	88.99	4.01	218	Pseudomonadota;Gammaproteobacteria;Enterobacterales;Enterobacteriaceae;Enterobacter	Enterobacter ludwigii	oat_19_d6	oat_19	day6	Enterobacter	Enterobacter
zr28333_33	ODFM-BA-A-0139-001_Enterococcus_lactis_CICC_24101	0.4426	99.31	1.238	ODFM-BA-A-0139-001_Enterococcus_lactis_CICC_24101_NZ_WOTS01000010.1 Enterococcus lactis strain CICC 24101 NODE_10_length_82300_cov_4.602353, whole genome shotgun sequence	99.62	0	53	Bacillota;Bacilli;Lactobacillales;Enterococcaceae;Enterococcus_B	Enterococcus B lactis	oat_19_d6	oat_19	day6	Enterococcus_B	Enterococcus
zr28333_33	ODFM-BA-A-0172-001_Clostridium_tyrobutyricum_FAM22553	0.4585	99.32	1.192	ODFM-BA-A-0172-001_Clostridium_tyrobutyricum_FAM22553_NZ_JTES01000001.1 Clostridium tyrobutyricum strain FAM22553 scaffold0001, whole genome shotgun sequence	99.49	0.23	48	Bacillota;Clostridia;Clostridiales;Clostridiaceae;Clostridium_B	Clostridium B tyrobutyricum	oat_19_d6	oat_19	day6	Clostridium_B	Clostridium_B
zr28333_33	GCF_009913915.1_ASM991391v1_genomic	0.2308	99.18	0.899	GCF_009913915.1_ASM991391v1_genomic_NZ_CP028251.1 Leuconostoc mesenteroides strain SRCM102733 chromosome, complete genome	100	0	3	Bacillota;Bacilli;Lactobacillales;Lactobacillaceae;Leuconostoc	Leuconostoc mesenteroides	oat_19_d6	oat_19	day6	Leuconostoc	Leuconostoc
zr28333_33	EBC_134.5	0.489	98.69	0.631	EBC_134.5_EBC_134_scaffold_561	98.39	8.33	294	Bacillota;Clostridia;Clostridiales;Clostridiaceae;Clostridium	Clostridium beijerinckii	oat_19_d6	oat_19	day6	Clostridium	Clostridium
zr28333_33	MortensenS_xxxx__WK028-2-L-48h-03A1_S20__bin.5	0.0901	99.56	0.425	WK028-2-L-48h-03A1_S20_k141_3165	99.88764045	0	19	Bacillota;Bacilli;Lactobacillales;Lactobacillaceae;Leuconostoc	Leuconostoc citreum	oat_19_d6	oat_19	day6	Leuconostoc	Leuconostoc
zr28333_33	MASTER_WP4_TEAGASC_1__TGS12-29__bin.6	0.1203	97.41	0.402	TGS12-29_k141_701	99.62546816	0	108	Bacillota;Bacilli;Lactobacillales;Enterococcaceae;Enterococcus_B	Enterococcus B faecium	oat_19_d6	oat_19	day6	Enterococcus_B	Enterococcus
zr28333_33	CM_UNINA_FFOOD__FFOOD_226__bin.6	0.1036	98.98	0.277	NODE_2_length_319059_cov_34.9987_ID_36074	100	4.65	51	Bacillota;Bacilli;Lactobacillales;Enterococcaceae;Enterococcus_B	Enterococcus B hirae	oat_19_d6	oat_19	day6	Enterococcus_B	Enterococcus
zr28333_33	LeechJ_xxxx__AF73__bin.2	0.1391	98.85	0.259	AF73_k141_59	96.33336326	1.470508658	112	Pseudomonadota;Gammaproteobacteria;Enterobacterales;Enterobacteriaceae;Enterobacter_D	Enterobacter D kobei A	oat_19_d6	oat_19	day6	Enterobacter_D	Enterobacter_D
zr28333_33	LiZ_2019__SRS3379157__bin.3	0.1495	95.88	0.253	SRS3379157_k141_320	99.44609788	0.639880952	195	Pseudomonadota;Gammaproteobacteria;Enterobacterales;Enterobacteriaceae;Enterobacter	Enterobacter mori	oat_19_d6	oat_19	day6	Enterobacter	Enterobacter
zr28333_33	MagliuloR_2024__SRR28235377__bin.1	0.0207	95.62	0.113	NODE_258_length_11194_cov_5.9967_ID_68869	50.51	1.13	441	Bacillota;Bacilli;Exiguobacteriales;Exiguobacteriaceae;Exiguobacterium_A	Exiguobacterium A acetylicum	oat_19_d6	oat_19	day6	Exiguobacterium_A	Exiguobacterium_A
zr28333_33	LeechJ_xxxx__AF27__bin.5	0.0241	95.47	0.087	AF27_k141_52	61.28164465	0.44837907	808	Pseudomonadota;Gammaproteobacteria;Pseudomonadales;Pseudomonadaceae;Pseudomonas_E	Pseudomonas E parafulva B	oat_19_d6	oat_19	day6	Pseudomonas_E	Pseudomonas_E
zr28333_33	EBC_095.37	0.0314	97.46	0.081	EBC_095.37_EBC_095_scaffold_66	58.62	0	70	Pseudomonadota;Gammaproteobacteria;Enterobacterales;Enterobacteriaceae;Erwinia	Erwinia sp003937915	oat_19_d6	oat_19	day6	Erwinia	Erwinia
zr28333_33	FontanaF_2023__SRR20746838__bin.11	0.0161	95.53	0.071	NODE_1_length_180989_cov_16.9995_ID_3968	91.82	0.24	71	Bacillota;Bacilli;Lactobacillales;Streptococcaceae;Lactococcus	Lactococcus garvieae	oat_19_d6	oat_19	day6	Lactococcus	Lactococcus
zr28333_33	YulandiA_2020__SRS6115053__bin.10	0.0193	97.32	0.052	SRS6115053_k141_3360	97.73584906	0.377358491	114	Bacillota;Bacilli;Lactobacillales;Enterococcaceae;Enterococcus_D	Enterococcus D gallinarum	oat_19_d6	oat_19	day6	Enterococcus_D	Enterococcus
zr28333_33	MotaGutierrezJ_2021__SRR11602150__bin.4	0.0138	96.88	0.035	NODE_398_length_32439_cov_10.0000_ID_73648	92.68	2.44	600	Actinomycetota;Actinomycetes;Actinomycetales;Microbacteriaceae;Curtobacterium	Curtobacterium citreum	oat_19_d6	oat_19	day6	Curtobacterium	Curtobacterium
zr28333_4	XieM_2019__SAMC044639__bin.32	91.759	99.84	201	SAMC044639_k141_719	97.32240437	1.879781421	45	Pseudomonadota;Gammaproteobacteria;Enterobacterales;Enterobacteriaceae;Pantoea	Pantoea agglomerans	oat_18_d1	oat_18	day1	Pantoea	Pantoea
zr28333_4	ODFM-BA-A-0139-001_Enterococcus_lactis_CICC_24101	2.4715	99.14	8.659	ODFM-BA-A-0139-001_Enterococcus_lactis_CICC_24101_NZ_WOTS01000010.1 Enterococcus lactis strain CICC 24101 NODE_10_length_82300_cov_4.602353, whole genome shotgun sequence	99.62	0	53	Bacillota;Bacilli;Lactobacillales;Enterococcaceae;Enterococcus_B	Enterococcus B lactis	oat_18_d1	oat_18	day1	Enterococcus_B	Enterococcus
zr28333_4	LeechJ_xxxx__AF15__bin.4	3.1085	97.75	8.295	AF15_k141_25	77.41789117	2.841329195	974	Bacillota;Bacilli;Bacillales;Bacillaceae_G;Bacillus_A	Bacillus A pacificus	oat_18_d1	oat_18	day1	Bacillus_A	Bacillus
zr28333_4	MAG_107	0.6181	98.04	4.873	MAG_107_0	67.86	8.62	565	Bacillota;Bacilli;Bacillales;Bacillaceae_G;Bacillus_A	Bacillus A cereus	oat_18_d1	oat_18	day1	Bacillus_A	Bacillus
zr28333_4	GCF_009913915.1_ASM991391v1_genomic	0.593	99.07	2.894	GCF_009913915.1_ASM991391v1_genomic_NZ_CP028251.1 Leuconostoc mesenteroides strain SRCM102733 chromosome, complete genome	100	0	3	Bacillota;Bacilli;Lactobacillales;Lactobacillaceae;Leuconostoc	Leuconostoc mesenteroides	oat_18_d1	oat_18	day1	Leuconostoc	Leuconostoc
zr28333_4	LeechJ_2020__ERS3967707__bin.4	0.2703	97.46	0.754	ERS3967707_k141_7	86.52992805	3.008048499	773	Pseudomonadota;Gammaproteobacteria;Enterobacterales;Enterobacteriaceae;Lelliottia	Lelliottia sp000016325	oat_18_d1	oat_18	day1	Lelliottia	Lelliottia
zr28333_4	ODFM-BA-A-0027-003_Lactobacillus_sakei_WiKim0072	0.1152	99.02	0.57	ODFM-BA-A-0027-003_Lactobacillus_sakei_WiKim0072_NZ_CP025136.1 Lactobacillus sakei strain WiKim0072 chromosome, complete genome	99.46	0	3	Bacillota;Bacilli;Lactobacillales;Lactobacillaceae;Latilactobacillus	Latilactobacillus sakei	oat_18_d1	oat_18	day1	Latilactobacillus	Latilactobacillus
zr28333_4	KharnaiorP_2023__SRR22859377__bin.10	0.152	98.31	0.566	NODE_8_length_174488_cov_60.9499_ID_127332	87.3	1.14	139	Bacillota;Bacilli;Lactobacillales;Enterococcaceae;Enterococcus_D	Enterococcus D sp001297065	oat_18_d1	oat_18	day1	Enterococcus_D	Enterococcus
zr28333_4	ODFM-BA-A-0005-002_Lactobacillus_curvatus_WiKim38	0.0519	99.32	0.269	ODFM-BA-A-0005-002_Lactobacillus_curvatus_WiKim38_NZ_CP017124.1 Lactobacillus curvatus strain WiKim38, complete genome	99.46	0	1	Bacillota;Bacilli;Lactobacillales;Lactobacillaceae;Latilactobacillus	Latilactobacillus curvatus	oat_18_d1	oat_18	day1	Latilactobacillus	Latilactobacillus
zr28333_4	LeechJ_xxxx__AF52__bin.1	0.1072	96.01	0.254	AF52_k141_89	94.53642384	3.752759382	629	Bacillota;Bacilli;Bacillales_A;Planococcaceae;Lysinibacillus	Lysinibacillus boronitolerans	oat_18_d1	oat_18	day1	Lysinibacillus	Lysinibacillus
zr28333_4	WolfeBE_2014__932_Robiola_due_Latte__bin.1	0.14	99.14	0.251	932_Robiola_due_Latte_k119_35	95.15138909	3.867375948	320	Pseudomonadota;Gammaproteobacteria;Pseudomonadales;Pseudomonadaceae;Pseudomonas_E	Pseudomonas E putida	oat_18_d1	oat_18	day1	Pseudomonas_E	Pseudomonas_E
zr28333_4	EBC_134.5	0.1346	97.95	0.217	EBC_134.5_EBC_134_scaffold_561	98.39	8.33	294	Bacillota;Clostridia;Clostridiales;Clostridiaceae;Clostridium	Clostridium beijerinckii	oat_18_d1	oat_18	day1	Clostridium	Clostridium
zr28333_4	LeechJ_xxxx__AF73__bin.2	0.0926	95.49	0.216	AF73_k141_59	96.33336326	1.470508658	112	Pseudomonadota;Gammaproteobacteria;Enterobacterales;Enterobacteriaceae;Enterobacter_D	Enterobacter D kobei A	oat_18_d1	oat_18	day1	Enterobacter_D	Enterobacter_D
zr28333_4	MASTER_WP4_CSIC_2__P2587__bin.9	0.1084	96.97	0.203	P2587_k141_467	99.18806232	0.755739796	152	Pseudomonadota;Gammaproteobacteria;Enterobacterales;Enterobacteriaceae;Klebsiella	Klebsiella terrigena	oat_18_d1	oat_18	day1	Klebsiella	Klebsiella
zr28333_4	MAG_45	0.0421	97.16	0.165	MAG_45_0	85.45	0.19	536	Bacillota;Bacilli;Lactobacillales;Enterococcaceae;Enterococcus_D	Enterococcus D casseliflavus	oat_18_d1	oat_18	day1	Enterococcus_D	Enterococcus
zr28333_4	MASTER_WP4_CSIC_2__P2633__bin.16	0.0816	98.15	0.158	P2633_k141_1103	97.41161616	0.679244997	92	Pseudomonadota;Gammaproteobacteria;Pseudomonadales;Pseudomonadaceae;Pseudomonas_E	Pseudomonas E shirazensis	oat_18_d1	oat_18	day1	Pseudomonas_E	Pseudomonas_E
zr28333_4	MortensenS_xxxx__WK028-2-L-48h-03A1_S20__bin.5	0.024	97.9	0.142	WK028-2-L-48h-03A1_S20_k141_3165	99.88764045	0	19	Bacillota;Bacilli;Lactobacillales;Lactobacillaceae;Leuconostoc	Leuconostoc citreum	oat_18_d1	oat_18	day1	Leuconostoc	Leuconostoc
zr28333_4	CM_UNINA_FFOOD__FFOOD_266__bin.6	0.0528	97	0.104	NODE_1_length_400287_cov_21.9997_ID_32608	79.16	1.36	227	Pseudomonadota;Gammaproteobacteria;Pseudomonadales;Pseudomonadaceae;Pseudomonas_E	Pseudomonas E simiae	oat_18_d1	oat_18	day1	Pseudomonas_E	Pseudomonas_E
zr28333_4	YulandiA_2020__SRS6115053__bin.10	0.0268	97.85	0.091	SRS6115053_k141_3360	97.73584906	0.377358491	114	Bacillota;Bacilli;Lactobacillales;Enterococcaceae;Enterococcus_D	Enterococcus D gallinarum	oat_18_d1	oat_18	day1	Enterococcus_D	Enterococcus
zr28333_4	DeFilippisF_xxxx__DS_111__bin.11	0.0214	95.78	0.081	DS_111_k141_820	90.497118939999993	1.652968037	253	Pseudomonadota;Gammaproteobacteria;Pseudomonadales;Moraxellaceae;Acinetobacter	Acinetobacter fasciculus	oat_18_d1	oat_18	day1	Acinetobacter	Acinetobacter
zr28333_4	YuY_2022__SRR16950702__bin.15	0.0195	95.86	0.077	NODE_20_length_111749_cov_59.3787_ID_38744	71.05	0.49	264	Bacillota;Bacilli;Bacillales;Bacillaceae;Bacillus	Bacillus altitudinis	oat_18_d1	oat_18	day1	Bacillus	Bacillus
zr28333_4	MotaGutierrezJ_2021__SRR11602153__bin.4	0.0094	98.52	0.024	NODE_1_length_695767_cov_46.0000_ID_85857	100	0.13	33	Bacillota;Bacilli;Bacillales;Bacillaceae;Bacillus	Bacillus subtilis	oat_18_d1	oat_18	day1	Bacillus	Bacillus
zr28333_28	LeechJ_xxxx__AF66__bin.10	75.0271	98.68	117	AF66_k141_123	56.71442781	1.66218638	987	Bacillota;Clostridia;Clostridiales;Clostridiaceae;Clostridium	Clostridium beijerinckii	oat_26_d3	oat_26	day3	Clostridium	Clostridium
zr28333_28	MAG_107	6.5955	99.51	19	MAG_107_0	67.86	8.62	565	Bacillota;Bacilli;Bacillales;Bacillaceae_G;Bacillus_A	Bacillus A cereus	oat_26_d3	oat_26	day3	Bacillus_A	Bacillus
zr28333_28	LeechJ_xxxx__AF15__bin.4	11.4952	98.96	11.211	AF15_k141_25	77.41789117	2.841329195	974	Bacillota;Bacilli;Bacillales;Bacillaceae_G;Bacillus_A	Bacillus A pacificus	oat_26_d3	oat_26	day3	Bacillus_A	Bacillus
zr28333_28	EBC_134.5	6.1647	97.58	3.64	EBC_134.5_EBC_134_scaffold_561	98.39	8.33	294	Bacillota;Clostridia;Clostridiales;Clostridiaceae;Clostridium	Clostridium beijerinckii	oat_26_d3	oat_26	day3	Clostridium	Clostridium
zr28333_28	DeFilippisF_xxxx__DF_9__bin.12	0.2824	96.65	0.527	DF_9_k141_14	60.5015674	3.448275862	664	Pseudomonadota;Gammaproteobacteria;Pseudomonadales;Moraxellaceae;Moraxella_A	Moraxella A sp902506215	oat_26_d3	oat_26	day3	Moraxella_A	Moraxella_A
zr28333_28	XieM_2019__SAMC044639__bin.32	0.4352	98.86	0.348	SAMC044639_k141_719	97.32240437	1.879781421	45	Pseudomonadota;Gammaproteobacteria;Enterobacterales;Enterobacteriaceae;Pantoea	Pantoea agglomerans	oat_26_d3	oat_26	day3	Pantoea	Pantoea
zr28333_22	GCF_009913915.1_ASM991391v1_genomic	22.7089	99	105	GCF_009913915.1_ASM991391v1_genomic_NZ_CP028251.1 Leuconostoc mesenteroides strain SRCM102733 chromosome, complete genome	100	0	3	Bacillota;Bacilli;Lactobacillales;Lactobacillaceae;Leuconostoc	Leuconostoc mesenteroides	oat_16_d3	oat_16	day3	Leuconostoc	Leuconostoc
zr28333_22	EBC_082.15	29.6528	98.93	60	EBC_082.15_EBC_082_scaffold_602	92.69	4.54	82	Pseudomonadota;Gammaproteobacteria;Enterobacterales;Enterobacteriaceae;Kosakonia	Kosakonia cowanii	oat_16_d3	oat_16	day3	Kosakonia	Kosakonia
zr28333_22	MortensenS_xxxx__WK028-2-L-48h-03A1_S20__bin.5	8.3994	99.38	47	WK028-2-L-48h-03A1_S20_k141_3165	99.88764045	0	19	Bacillota;Bacilli;Lactobacillales;Lactobacillaceae;Leuconostoc	Leuconostoc citreum	oat_16_d3	oat_16	day3	Leuconostoc	Leuconostoc
zr28333_22	ODFM-BA-A-0139-001_Enterococcus_lactis_CICC_24101	8.4346	97.55	28	ODFM-BA-A-0139-001_Enterococcus_lactis_CICC_24101_NZ_WOTS01000010.1 Enterococcus lactis strain CICC 24101 NODE_10_length_82300_cov_4.602353, whole genome shotgun sequence	99.62	0	53	Bacillota;Bacilli;Lactobacillales;Enterococcaceae;Enterococcus_B	Enterococcus B lactis	oat_16_d3	oat_16	day3	Enterococcus_B	Enterococcus
zr28333_22	YouL_2022__SRR13308526__bin.24	11.0454	98.81	23	NODE_37_length_141872_cov_18.1171_ID_20191	88.99	4.01	218	Pseudomonadota;Gammaproteobacteria;Enterobacterales;Enterobacteriaceae;Enterobacter	Enterobacter ludwigii	oat_16_d3	oat_16	day3	Enterobacter	Enterobacter
zr28333_22	EBC_134.5	11.1047	99.37	17	EBC_134.5_EBC_134_scaffold_561	98.39	8.33	294	Bacillota;Clostridia;Clostridiales;Clostridiaceae;Clostridium	Clostridium beijerinckii	oat_16_d3	oat_16	day3	Clostridium	Clostridium
zr28333_22	MASTER_WP4_TEAGASC_1__TGS12-29__bin.6	3.732	99.36	14.792	TGS12-29_k141_701	99.62546816	0	108	Bacillota;Bacilli;Lactobacillales;Enterococcaceae;Enterococcus_B	Enterococcus B faecium	oat_16_d3	oat_16	day3	Enterococcus_B	Enterococcus
zr28333_22	LeechJ_xxxx__AF66__bin.13	1.5423	98.62	11.436	AF66_k141_253	56.50470219	0	338	Bacillota;Bacilli;Lactobacillales;Streptococcaceae;Lactococcus	Lactococcus taiwanensis	oat_16_d3	oat_16	day3	Lactococcus	Lactococcus
zr28333_22	LeechJ_xxxx__AF66__bin.10	2.5078	95.87	10.14	AF66_k141_123	56.71442781	1.66218638	987	Bacillota;Clostridia;Clostridiales;Clostridiaceae;Clostridium	Clostridium beijerinckii	oat_16_d3	oat_16	day3	Clostridium	Clostridium
zr28333_22	XieM_2019__SAMC044639__bin.32	0.6468	99.34	1.342	SAMC044639_k141_719	97.32240437	1.879781421	45	Pseudomonadota;Gammaproteobacteria;Enterobacterales;Enterobacteriaceae;Pantoea	Pantoea agglomerans	oat_16_d3	oat_16	day3	Pantoea	Pantoea
zr28333_22	LandisEA_2021__SRS5653333__bin.1	0.2252	98.43	0.866	SRS5653333_k141_170	99.18478261	1.358695652	124	Bacillota;Bacilli;Lactobacillales;Lactobacillaceae;Loigolactobacillus	Loigolactobacillus coryniformis	oat_16_d3	oat_16	day3	Loigolactobacillus	Loigolactobacillus
